Reference,MaterialSample-ID (received),MaterialSampleID,MaterialSample-ID (EMOBON),Sequence_batch,Gene,Sample_code,DNA_code,Concentration_ng_per_µl,Volume_µl,Quantity_vol,Tag,Code,Forward_read,Reverse_read,PCR_negative_control_extraction,PCR_negative_control_Code_1,PCR_negative_control_Code_2,Number_of_sequences,Comment_1,Comment_2,Run
EMOBON00546,EMOBON_MarBlo_S1_220607_220907_MF100,ARMS_Roscoff_MarBloR1_20220607_20220907_MF100_s1_r1,EMOBON_ROSKOGO_MarBloR1_Ha_220607_220907_MF100_1,Batch3.1 (probably 3.2),18S rRNA (V1-V2),DBN_AAAH,DBP_AAAC,"47,6",43,"2046,8",DBQ_AAAA,DBQ_AAAAOSTA_1_HGVH5DRX3.UDI364-BID16,DBQ_AAAAOSTA_1_1_HGVH5DRX3.UDI364-BID16_clean.fastq.gz,DBQ_AAAAOSTA_1_2_HGVH5DRX3.UDI364-BID16_clean.fastq.gz,not reported by Genoscope,CEB_DCX,CEB_DCY,2263795,,ARMS organisms sample from station ROSKOGO,230912_JARVIS_HGVH5DRX3
EMOBON00561,NR_1 - 29/12/21_SF_rep1,ARMS_Eilat_NR1_20201227_20211229_SF_s1_r1,EMOBON_IUIEilat1_NR1_Ha_201227_211229_SF_1,Batch3.1,18S rRNA (V1-V2),DBN_AAAI,DBP_AAJO,723,90,"65,1",DBQ_AAVP,DBQ_AAVPOSTA_2_H5FGYDRX5.UDI304-BID16,DBQ_AAVPOSTA_2_1_H5FGYDRX5.UDI304-BID16_clean.fastq.gz,DBQ_AAVPOSTA_2_2_H5FGYDRX5.UDI304-BID16_clean.fastq.gz,not reported by Genoscope,CEB_DFR,CEB_DFS,16553078,,ARMS organisms sample from station IUIEilat,240411_JARVIS_H5FGYDRX5
EMOBON00562,NR_1 - 29/12/21_SF_rep2,ARMS_Eilat_NR1_20201227_20211229_SF_s2_r1,EMOBON_IUIEilat1_NR1_Ha_201227_211229_SF_2,Batch3.1,18S rRNA (V1-V2),DBN_AAAJ,DBP_AAAG,"0,44",100,44,DBQ_AAJA,DBQ_AAJAOSTA_2_H3KVNDRX5.UDI317-BID02,DBQ_AAJAOSTA_2_1_H3KVNDRX5.UDI317-BID02_clean.fastq.gz,DBQ_AAJAOSTA_2_2_H3KVNDRX5.UDI317-BID02_clean.fastq.gz,not reported by Genoscope,CEB_DEZ,CEB_DFA,1451677,,ARMS organisms sample from station IUIEilat,240409_JARVIS_H3KVNDRX5
EMOBON00563,NR_1 - 29/12/21_MF100_rep1_tube de  15ml,ARMS_Eilat_NR1_20201227_20211229_MF100_s1_r1,EMOBON_IUIEilat1_NR1_Ha_201227_211229_MF100_1,Batch3.1,18S rRNA (V1-V2),DBN_AAAK,DBP_AABM,"1,48",108,"159,8",DBQ_AACE,DBQ_AACEOSTA_1_HW5CMDRX3.UDI086-BID04,DBQ_AACEOSTA_1_1_HW5CMDRX3.UDI086-BID04_clean.fastq.gz,DBQ_AACEOSTA_1_2_HW5CMDRX3.UDI086-BID04_clean.fastq.gz,not reported by Genoscope,CEB_DER,CEB_DES,3166925,,ARMS organisms sample from station IUIEilat,240313_JARVIS_HW5CMDRX3
EMOBON00564,NR_1 - 29/12/21_MF100_rep2_tube de  15ml,ARMS_Eilat_NR1_20201227_20211229_MF100_s2_r1,EMOBON_IUIEilat1_NR1_Ha_201227_211229_MF100_2,Batch3.1,18S rRNA (V1-V2),DBN_AAAL,DBP_AABN,"2,78",108,"300,2",DBQ_AACF,DBQ_AACFOSTA_1_HW5CMDRX3.UDI027-BID04,DBQ_AACFOSTA_1_1_HW5CMDRX3.UDI027-BID04_clean.fastq.gz,DBQ_AACFOSTA_1_2_HW5CMDRX3.UDI027-BID04_clean.fastq.gz,not reported by Genoscope,CEB_DER,CEB_DES,3014455,,ARMS organisms sample from station IUIEilat,240313_JARVIS_HW5CMDRX3
EMOBON00565,NR_1 - 29/12/21_MF500_rep1_tube de  15ml,ARMS_Eilat_NR1_20201227_20211229_MF500_s1_r1,EMOBON_IUIEilat1_NR1_Ha_201227_211229_MF500_1,Batch3.1,18S rRNA (V1-V2),DBN_AAAM,DBP_AABO,"2,65",108,"286,2",DBQ_AAIR,DBQ_AAIROSTA_1_HW5CMDRX3.UDI003-BID08,DBQ_AAIROSTA_1_1_HW5CMDRX3.UDI003-BID08_clean.fastq.gz,DBQ_AAIROSTA_1_2_HW5CMDRX3.UDI003-BID08_clean.fastq.gz,not reported by Genoscope,CEB_DEX,CEB_DEY,1050306,,ARMS organisms sample from station IUIEilat,240313_JARVIS_HW5CMDRX3
EMOBON00566,NR_1 - 29/12/21_MF500_rep2_tube de  15ml,ARMS_Eilat_NR1_20201227_20211229_MF500_s2_r1,EMOBON_IUIEilat1_NR1_Ha_201227_211229_MF500_2,Batch3.1,18S rRNA (V1-V2),DBN_AAAN,DBP_AABP,"1,9",108,"205,2",DBQ_AAIS,DBQ_AAISOSTA_1_HW5CMDRX3.UDI003-BID09,DBQ_AAISOSTA_1_1_HW5CMDRX3.UDI003-BID09_clean.fastq.gz,DBQ_AAISOSTA_1_2_HW5CMDRX3.UDI003-BID09_clean.fastq.gz,not reported by Genoscope,CEB_DEX,CEB_DEY,613464,,ARMS organisms sample from station IUIEilat,240313_JARVIS_HW5CMDRX3
EMOBON00567,NR_2 - 03/01/22_SF_rep1,ARMS_Eilat_NR2_20201227_20220103_SF_s1_r1,EMOBON_IUIEilat1_NR2_Ha_201227_220103_SF_1,Batch3.1,18S rRNA (V1-V2),DBN_AAAO,DBP_AAJP,672,90,"60,5",DBQ_AAWG,DBQ_AAWGOSTA_1_H3L7NDRX5.UDI327-BID08,DBQ_AAWGOSTA_1_1_H3L7NDRX5.UDI327-BID08_clean.fastq.gz,DBQ_AAWGOSTA_1_2_H3L7NDRX5.UDI327-BID08_clean.fastq.gz,not reported by Genoscope,CEB_DFT,CEB_DFU,193010,Sequencing will be repeated,ARMS organisms sample from station IUIEilat,240409_JARVIS_H3L7NDRX5
EMOBON00567,NR_2 - 03/01/22_SF_rep1,ARMS_Eilat_NR2_20201227_20220103_SF_s1_r1,EMOBON_IUIEilat1_NR2_Ha_201227_220103_SF_1,Batch3.1,18S rRNA (V1-V2),DBN_AAAO,DBP_AAJP,672,90,"60,5",DBQ_AAWG,DBQ_AAWGOSTA_1_H55TTDRX5.UDI037-BID08,DBQ_AAWGOSTA_1_1_H55TTDRX5.UDI037-BID08_clean.fastq.gz,DBQ_AAWGOSTA_1_2_H55TTDRX5.UDI037-BID08_clean.fastq.gz,not reported by Genoscope,CEB_DFT,CEB_DFU,553207,Repeated sequencing,ARMS organisms sample from station IUIEilat,240619_JARVIS_H55TTDRX5
EMOBON00568,NR_2 - 03/01/22_SF_rep2,ARMS_Eilat_NR2_20201227_20220103_SF_s2_r1,EMOBON_IUIEilat1_NR2_Ha_201227_220103_SF_2,Batch3.1,18S rRNA (V1-V2),DBN_AAAP,DBP_AAJQ,497,90,"44,7",DBQ_AAWH,DBQ_AAWHOSTA_1_H3L7NDRX5.UDI327-BID09,DBQ_AAWHOSTA_1_1_H3L7NDRX5.UDI327-BID09_clean.fastq.gz,DBQ_AAWHOSTA_1_2_H3L7NDRX5.UDI327-BID09_clean.fastq.gz,not reported by Genoscope,CEB_DFT,CEB_DFU,205834,Sequencing will be repeated,ARMS organisms sample from station IUIEilat,240409_JARVIS_H3L7NDRX5
EMOBON00568,NR_2 - 03/01/22_SF_rep2,ARMS_Eilat_NR2_20201227_20220103_SF_s2_r1,EMOBON_IUIEilat1_NR2_Ha_201227_220103_SF_2,Batch3.1,18S rRNA (V1-V2),DBN_AAAP,DBP_AAJQ,497,90,"44,7",DBQ_AAWH,DBQ_AAWHOSTA_1_H55TTDRX5.UDI025-BID09,DBQ_AAWHOSTA_1_1_H55TTDRX5.UDI025-BID09_clean.fastq.gz,DBQ_AAWHOSTA_1_2_H55TTDRX5.UDI025-BID09_clean.fastq.gz,not reported by Genoscope,CEB_DFT,CEB_DFU,266465,Repeated sequencing,ARMS organisms sample from station IUIEilat,240619_JARVIS_H55TTDRX5
EMOBON00569,NR_2 - 03/01/22_MF100_rep1_tube de  15ml,ARMS_Eilat_NR2_20201227_20220103_MF100_s1_r1,EMOBON_IUIEilat1_NR2_Ha_201227_220103_MF100_1,Batch3.1,18S rRNA (V1-V2),DBN_AAAQ,DBP_AAHD,"4,857",90,"437,1",DBQ_AATE,DBQ_AATEOSTA_2_H5FGYDRX5.UDI316-BID02,DBQ_AATEOSTA_2_1_H5FGYDRX5.UDI316-BID02_clean.fastq.gz,DBQ_AATEOSTA_2_2_H5FGYDRX5.UDI316-BID02_clean.fastq.gz,not reported by Genoscope,CEB_DFR,CEB_DFS,532795,Sequencing will be repeated,ARMS organisms sample from station IUIEilat,240411_JARVIS_H5FGYDRX5
EMOBON00569,NR_2 - 03/01/22_MF100_rep1_tube de  15ml,ARMS_Eilat_NR2_20201227_20220103_MF100_s1_r1,EMOBON_IUIEilat1_NR2_Ha_201227_220103_MF100_1,Batch3.1,18S rRNA (V1-V2),DBN_AAAQ,DBP_AAHD,"4,857",90,"437,1",DBQ_AATE,DBQ_AATEOSTA_1_H55TTDRX5.UDI025-BID02,DBQ_AATEOSTA_1_1_H55TTDRX5.UDI025-BID02_clean.fastq.gz,DBQ_AATEOSTA_1_2_H55TTDRX5.UDI025-BID02_clean.fastq.gz,not reported by Genoscope,CEB_DFR,CEB_DFS,11189922,Repeated sequencing,ARMS organisms sample from station IUIEilat,240619_JARVIS_H55TTDRX5
EMOBON00570,NR_2 - 03/01/22_MF100_rep2_tube de  15ml,ARMS_Eilat_NR2_20201227_20220103_MF100_s2_r1,EMOBON_IUIEilat1_NR2_Ha_201227_220103_MF100_2,Batch3.1,18S rRNA (V1-V2),DBN_AAAR,DBP_AAHE,"4,658",90,"419,2",DBQ_AATF,DBQ_AATFOSTA_2_H5FGYDRX5.UDI328-BID02,DBQ_AATFOSTA_2_1_H5FGYDRX5.UDI328-BID02_clean.fastq.gz,DBQ_AATFOSTA_2_2_H5FGYDRX5.UDI328-BID02_clean.fastq.gz,not reported by Genoscope,CEB_DFR,CEB_DFS,1317524,,ARMS organisms sample from station IUIEilat,240411_JARVIS_H5FGYDRX5
EMOBON00571,NR_2 - 03/01/22_MF500_rep1_tube de  15ml,ARMS_Eilat_NR2_20201227_20220103_MF500_s1_r1,EMOBON_IUIEilat1_NR2_Ha_201227_220103_MF500_1,Batch3.1,18S rRNA (V1-V2),DBN_AAAS,DBP_AAHF,"1,618",90,"145,6",DBQ_AAVW,DBQ_AAVWOSTA_1_H3L7NDRX5.UDI315-BID02,DBQ_AAVWOSTA_1_1_H3L7NDRX5.UDI315-BID02_clean.fastq.gz,DBQ_AAVWOSTA_1_2_H3L7NDRX5.UDI315-BID02_clean.fastq.gz,not reported by Genoscope,CEB_DFT,CEB_DFU,2865280,,ARMS organisms sample from station IUIEilat,240409_JARVIS_H3L7NDRX5
EMOBON00572,NR_2 - 03/01/22_MF500_rep2_tube de  15ml,ARMS_Eilat_NR2_20201227_20220103_MF500_s2_r1,EMOBON_IUIEilat1_NR2_Ha_201227_220103_MF500_2,Batch3.1,18S rRNA (V1-V2),DBN_AAAT,DBP_AAHG,"2,297",90,"206,7",DBQ_AATH,DBQ_AATHOSTA_1_H3L7NDRX5.UDI339-BID02,DBQ_AATHOSTA_1_1_H3L7NDRX5.UDI339-BID02_clean.fastq.gz,DBQ_AATHOSTA_1_2_H3L7NDRX5.UDI339-BID02_clean.fastq.gz,not reported by Genoscope,CEB_DFR,CEB_DFS,1328350,,ARMS organisms sample from station IUIEilat,240409_JARVIS_H3L7NDRX5
EMOBON00573,NR_3 - 05/01/22_SF_rep1,ARMS_Eilat_NR3_20201227_20220105_SF_s1_r1,EMOBON_IUIEilat1_NR3_Ha_201227_220105_SF_1,Batch3.1,18S rRNA (V1-V2),DBN_AAAU,DBP_AAAK,"3,3",100,330,DBQ_AAJB,DBQ_AAJBOSTA_2_H3KVNDRX5.UDI329-BID02,DBQ_AAJBOSTA_2_1_H3KVNDRX5.UDI329-BID02_clean.fastq.gz,DBQ_AAJBOSTA_2_2_H3KVNDRX5.UDI329-BID02_clean.fastq.gz,not reported by Genoscope,CEB_DEZ,CEB_DFA,1391909,,ARMS organisms sample from station IUIEilat,240409_JARVIS_H3KVNDRX5
EMOBON00574,NR_3 - 05/01/22_SF_rep2,ARMS_Eilat_NR3_20201227_20220105_SF_s2_r1,EMOBON_IUIEilat1_NR3_Ha_201227_220105_SF_2,Batch3.1,18S rRNA (V1-V2),DBN_AAAV,DBP_AAAO,"3,38",100,338,DBQ_AAJE,DBQ_AAJEOSTA_2_H5FGYDRX5.UDI364-BID04,DBQ_AAJEOSTA_2_1_H5FGYDRX5.UDI364-BID04_clean.fastq.gz,DBQ_AAJEOSTA_2_2_H5FGYDRX5.UDI364-BID04_clean.fastq.gz,not reported by Genoscope,CEB_DEZ,CEB_DFA,2165014,,ARMS organisms sample from station IUIEilat,240411_JARVIS_H5FGYDRX5
EMOBON00575,NR_3 - 05/01/22_MF100_rep1_tube de  15ml,ARMS_Eilat_NR3_20201227_20220105_MF100_s1_r1,EMOBON_IUIEilat1_NR3_Ha_201227_220105_MF100_1,Batch3.1,18S rRNA (V1-V2),DBN_AAAW,DBP_AAHH,"9,475",90,"852,8",DBQ_AATI,DBQ_AATIOSTA_2_H5FGYDRX5.UDI363-BID04,DBQ_AATIOSTA_2_1_H5FGYDRX5.UDI363-BID04_clean.fastq.gz,DBQ_AATIOSTA_2_2_H5FGYDRX5.UDI363-BID04_clean.fastq.gz,not reported by Genoscope,CEB_DFR,CEB_DFS,4306703,,ARMS organisms sample from station IUIEilat,240411_JARVIS_H5FGYDRX5
EMOBON00576,NR_3 - 05/01/22_MF100_rep2_tube de  15ml,ARMS_Eilat_NR3_20201227_20220105_MF100_s2_r1,EMOBON_IUIEilat1_NR3_Ha_201227_220105_MF100_2,Batch3.1,18S rRNA (V1-V2),DBN_AAAX,DBP_AAHI,"4,857",90,"437,1",DBQ_AATJ,DBQ_AATJOSTA_1_H3L7NDRX5.UDI375-BID04,DBQ_AATJOSTA_1_1_H3L7NDRX5.UDI375-BID04_clean.fastq.gz,DBQ_AATJOSTA_1_2_H3L7NDRX5.UDI375-BID04_clean.fastq.gz,not reported by Genoscope,CEB_DFR,CEB_DFS,4247192,,ARMS organisms sample from station IUIEilat,240409_JARVIS_H3L7NDRX5
EMOBON00577,NR_3 - 05/01/22_MF500_rep1_tube de  15ml,ARMS_Eilat_NR3_20201227_20220105_MF500_s1_r1,EMOBON_IUIEilat1_NR3_Ha_201227_220105_MF500_1,Batch3.1,18S rRNA (V1-V2),DBN_AAAY,DBP_AAHJ,"2,271",90,"204,4",DBQ_AATK,DBQ_AATKOSTA_2_H5FGYDRX5.UDI292-BID04,DBQ_AATKOSTA_2_1_H5FGYDRX5.UDI292-BID04_clean.fastq.gz,DBQ_AATKOSTA_2_2_H5FGYDRX5.UDI292-BID04_clean.fastq.gz,not reported by Genoscope,CEB_DFR,CEB_DFS,5050558,,ARMS organisms sample from station IUIEilat,240411_JARVIS_H5FGYDRX5
EMOBON00578,NR_3 - 05/01/22_MF500_rep2_tube de  15ml,ARMS_Eilat_NR3_20201227_20220105_MF500_s2_r1,EMOBON_IUIEilat1_NR3_Ha_201227_220105_MF500_2,Batch3.1,18S rRNA (V1-V2),DBN_AAAZ,DBP_AAHK,"2,312",90,"208,1",DBQ_AATL,DBQ_AATLOSTA_2_H5FGYDRX5.UDI351-BID04,DBQ_AATLOSTA_2_1_H5FGYDRX5.UDI351-BID04_clean.fastq.gz,DBQ_AATLOSTA_2_2_H5FGYDRX5.UDI351-BID04_clean.fastq.gz,not reported by Genoscope,CEB_DFR,CEB_DFS,4260243,,ARMS organisms sample from station IUIEilat,240411_JARVIS_H5FGYDRX5
EMOBON00579,Katza_1- 13/03/22_SF_rep1,ARMS_Eilat_Katza1_20210322_20220313_SF_s1_r1,EMOBON_IUIEilat1_Katza1_Ha_210322_220313_SF_1,Batch3.1,18S rRNA (V1-V2),DBN_AABA,DBP_AAAL,504,100,"50,4",DBQ_AAJC,DBQ_AAJCOSTA_2_H5FGYDRX5.UDI340-BID04,DBQ_AAJCOSTA_2_1_H5FGYDRX5.UDI340-BID04_clean.fastq.gz,DBQ_AAJCOSTA_2_2_H5FGYDRX5.UDI340-BID04_clean.fastq.gz,not reported by Genoscope,CEB_DEZ,CEB_DFA,2129103,,ARMS organisms sample from station IUIEilat,240411_JARVIS_H5FGYDRX5
EMOBON00580,Katza_1- 13/03/22_SF_rep2,ARMS_Eilat_Katza1_20210322_20220313_SF_s2_r1,EMOBON_IUIEilat1_Katza1_Ha_210322_220313_SF_2,Batch3.1,18S rRNA (V1-V2),DBN_AABB,DBP_AAHP,"2,523",90,"227,1",DBQ_AATQ,DBQ_AATQOSTA_2_H5FGYDRX5.UDI363-BID05,DBQ_AATQOSTA_2_1_H5FGYDRX5.UDI363-BID05_clean.fastq.gz,DBQ_AATQOSTA_2_2_H5FGYDRX5.UDI363-BID05_clean.fastq.gz,not reported by Genoscope,CEB_DFR,CEB_DFS,10977357,,ARMS organisms sample from station IUIEilat,240411_JARVIS_H5FGYDRX5
EMOBON00581,Katza_1- 13/03/22_MF100_rep1_tube de  15ml,ARMS_Eilat_Katza1_20210322_20220313_MF100_s1_r1,EMOBON_IUIEilat1_Katza1_Ha_210322_220313_MF100_1,Batch3.1,18S rRNA (V1-V2),DBN_AABC,DBP_AAHL,"1,784",90,"160,6",DBQ_AAVX,DBQ_AAVXOSTA_1_H3L7NDRX5.UDI315-BID04,DBQ_AAVXOSTA_1_1_H3L7NDRX5.UDI315-BID04_clean.fastq.gz,DBQ_AAVXOSTA_1_2_H3L7NDRX5.UDI315-BID04_clean.fastq.gz,not reported by Genoscope,CEB_DFT,CEB_DFU,5446171,,ARMS organisms sample from station IUIEilat,240409_JARVIS_H3L7NDRX5
EMOBON00582,Katza_1- 13/03/22_MF100_rep2_tube de  15ml,ARMS_Eilat_Katza1_20210322_20220313_MF100_s2_r1,EMOBON_IUIEilat1_Katza1_Ha_210322_220313_MF100_2,Batch3.1,18S rRNA (V1-V2),DBN_AABD,DBP_AAHM,"1,979",90,"178,1",DBQ_AATN,DBQ_AATNOSTA_2_H5FGYDRX5.UDI328-BID04,DBQ_AATNOSTA_2_1_H5FGYDRX5.UDI328-BID04_clean.fastq.gz,DBQ_AATNOSTA_2_2_H5FGYDRX5.UDI328-BID04_clean.fastq.gz,not reported by Genoscope,CEB_DFR,CEB_DFS,3441105,,ARMS organisms sample from station IUIEilat,240411_JARVIS_H5FGYDRX5
EMOBON00583,Katza_1- 13/03/22_MF500_rep1_tube de  15ml,ARMS_Eilat_Katza1_20210322_20220313_MF500_s1_r1,EMOBON_IUIEilat1_Katza1_Ha_210322_220313_MF500_1,Batch3.1,18S rRNA (V1-V2),DBN_AABE,DBP_AAHN,794,90,"71,5",DBQ_AAVY,DBQ_AAVYOSTA_1_H3L7NDRX5.UDI315-BID05,DBQ_AAVYOSTA_1_1_H3L7NDRX5.UDI315-BID05_clean.fastq.gz,DBQ_AAVYOSTA_1_2_H3L7NDRX5.UDI315-BID05_clean.fastq.gz,not reported by Genoscope,CEB_DFT,CEB_DFU,13604084,,ARMS organisms sample from station IUIEilat,240409_JARVIS_H3L7NDRX5
EMOBON00584,Katza_1- 13/03/22_MF500_rep2_tube de  15ml,ARMS_Eilat_Katza1_20210322_20220313_MF500_s2_r1,EMOBON_IUIEilat1_Katza1_Ha_210322_220313_MF500_2,Batch3.1,18S rRNA (V1-V2),DBN_AABF,DBP_AAHO,"1,072",90,"96,5",DBQ_AAVZ,DBQ_AAVZOSTA_1_H3L7NDRX5.UDI315-BID08,DBQ_AAVZOSTA_1_1_H3L7NDRX5.UDI315-BID08_clean.fastq.gz,DBQ_AAVZOSTA_1_2_H3L7NDRX5.UDI315-BID08_clean.fastq.gz,not reported by Genoscope,CEB_DFT,CEB_DFU,122671,Sequencing will be repeated,ARMS organisms sample from station IUIEilat,240409_JARVIS_H3L7NDRX5
EMOBON00584,Katza_1- 13/03/22_MF500_rep2_tube de  15ml,ARMS_Eilat_Katza1_20210322_20220313_MF500_s2_r1,EMOBON_IUIEilat1_Katza1_Ha_210322_220313_MF500_2,Batch3.1,18S rRNA (V1-V2),DBN_AABF,DBP_AAHO,"1,072",90,"96,5",DBQ_AAVZ,DBQ_AAVZOSTA_1_H55TTDRX5.UDI013-BID08,DBQ_AAVZOSTA_1_1_H55TTDRX5.UDI013-BID08_clean.fastq.gz,DBQ_AAVZOSTA_1_2_H55TTDRX5.UDI013-BID08_clean.fastq.gz,not reported by Genoscope,CEB_DFT,CEB_DFU,303025,Repeated sequencing,ARMS organisms sample from station IUIEilat,240619_JARVIS_H55TTDRX5
EMOBON00585,Katza_2- 22/03/22_SF_rep1,ARMS_Eilat_Katza2_20210322_20220322_SF_s1_r1,EMOBON_IUIEilat1_Katza2_Ha_210322_220322_SF_1,Batch3.1,18S rRNA (V1-V2),DBN_AABG,DBP_AAAP,884,100,"88,4",DBQ_AAJF,DBQ_AAJFOSTA_2_H5FGYDRX5.UDI376-BID04,DBQ_AAJFOSTA_2_1_H5FGYDRX5.UDI376-BID04_clean.fastq.gz,DBQ_AAJFOSTA_2_2_H5FGYDRX5.UDI376-BID04_clean.fastq.gz,not reported by Genoscope,CEB_DEZ,CEB_DFA,2179156,,ARMS organisms sample from station IUIEilat,240411_JARVIS_H5FGYDRX5
EMOBON00586,Katza_2- 22/03/22_SF_rep2,ARMS_Eilat_Katza2_20210322_20220322_SF_s2_r1,EMOBON_IUIEilat1_Katza2_Ha_210322_220322_SF_2,Batch3.1,18S rRNA (V1-V2),DBN_AABH,DBP_AAHQ,"1,321",90,"118,9",DBQ_AAWA,DBQ_AAWAOSTA_1_H3L7NDRX5.UDI315-BID09,DBQ_AAWAOSTA_1_1_H3L7NDRX5.UDI315-BID09_clean.fastq.gz,DBQ_AAWAOSTA_1_2_H3L7NDRX5.UDI315-BID09_clean.fastq.gz,not reported by Genoscope,CEB_DFT,CEB_DFU,492400,Sequencing will be repeated,ARMS organisms sample from station IUIEilat,240409_JARVIS_H3L7NDRX5
EMOBON00586,Katza_2- 22/03/22_SF_rep2,ARMS_Eilat_Katza2_20210322_20220322_SF_s2_r1,EMOBON_IUIEilat1_Katza2_Ha_210322_220322_SF_2,Batch3.1,18S rRNA (V1-V2),DBN_AABH,DBP_AAHQ,"1,321",90,"118,9",DBQ_AAWA,DBQ_AAWAOSTA_1_H55TTDRX5.UDI037-BID09,DBQ_AAWAOSTA_1_1_H55TTDRX5.UDI037-BID09_clean.fastq.gz,DBQ_AAWAOSTA_1_2_H55TTDRX5.UDI037-BID09_clean.fastq.gz,not reported by Genoscope,CEB_DFT,CEB_DFU,274484,Repeated sequencing,ARMS organisms sample from station IUIEilat,240619_JARVIS_H55TTDRX5
EMOBON00588,Katza_2- 22/03/22_MF100_rep2_tube de  15ml,ARMS_Eilat_Katza2_20210322_20220322_MF100_s2_r1,EMOBON_IUIEilat1_Katza2_Ha_210322_220322_MF100_2,Batch3.1,18S rRNA (V1-V2),DBN_AABJ,DBP_AAIS,417,90,"37,5",DBQ_AAWC,DBQ_AAWCOSTA_1_H3L7NDRX5.UDI327-BID01,DBQ_AAWCOSTA_1_1_H3L7NDRX5.UDI327-BID01_clean.fastq.gz,DBQ_AAWCOSTA_1_2_H3L7NDRX5.UDI327-BID01_clean.fastq.gz,not reported by Genoscope,CEB_DFT,CEB_DFU,1491062,,ARMS organisms sample from station IUIEilat,240409_JARVIS_H3L7NDRX5
EMOBON00591,Katza_3- 25/03/22_SF_rep1,ARMS_Eilat_Katza3_20210322_20220325_SF_s1_r1,EMOBON_IUIEilat1_Katza3_Ha_210322_220325_SF_1,Batch3.1,18S rRNA (V1-V2),DBN_AABM,DBP_AAAR,"0,97",100,97,DBQ_AAJG,DBQ_AAJGOSTA_2_H3KVNDRX5.UDI293-BID04,DBQ_AAJGOSTA_2_1_H3KVNDRX5.UDI293-BID04_clean.fastq.gz,DBQ_AAJGOSTA_2_2_H3KVNDRX5.UDI293-BID04_clean.fastq.gz,not reported by Genoscope,CEB_DEZ,CEB_DFA,3707847,,ARMS organisms sample from station IUIEilat,240409_JARVIS_H3KVNDRX5
EMOBON00592,Katza_3- 25/03/22_SF_rep2,ARMS_Eilat_Katza3_20210322_20220325_SF_s2_r1,EMOBON_IUIEilat1_Katza3_Ha_210322_220325_SF_2,Batch3.1,18S rRNA (V1-V2),DBN_AABN,DBP_AAAN,"2,34",100,234,DBQ_AAJD,DBQ_AAJDOSTA_2_H5FGYDRX5.UDI352-BID04,DBQ_AAJDOSTA_2_1_H5FGYDRX5.UDI352-BID04_clean.fastq.gz,DBQ_AAJDOSTA_2_2_H5FGYDRX5.UDI352-BID04_clean.fastq.gz,not reported by Genoscope,CEB_DEZ,CEB_DFA,2744298,,ARMS organisms sample from station IUIEilat,240411_JARVIS_H5FGYDRX5
EMOBON00594,Katza_3- 25/03/22_MF100_rep2_tube de  15ml,ARMS_Eilat_Katza3_20210322_20220325_MF100_s2_r1,EMOBON_IUIEilat1_Katza3_Ha_210322_220325_MF100_2,Batch3.1,18S rRNA (V1-V2),DBN_AABP,DBP_AAIW,497,90,"44,7",DBQ_AAWD,DBQ_AAWDOSTA_1_H3L7NDRX5.UDI327-BID02,DBQ_AAWDOSTA_1_1_H3L7NDRX5.UDI327-BID02_clean.fastq.gz,DBQ_AAWDOSTA_1_2_H3L7NDRX5.UDI327-BID02_clean.fastq.gz,not reported by Genoscope,CEB_DFT,CEB_DFU,1456847,,ARMS organisms sample from station IUIEilat,240409_JARVIS_H3L7NDRX5
EMOBON00595,Katza_3- 25/03/22_MF500_rep1_tube de  15ml,ARMS_Eilat_Katza3_20210322_20220325_MF500_s1_r1,EMOBON_IUIEilat1_Katza3_Ha_210322_220325_MF500_1,Batch3.1,18S rRNA (V1-V2),DBN_AABQ,DBP_AAIX,304,90,"27,4",DBQ_AAWE,DBQ_AAWEOSTA_1_H3L7NDRX5.UDI327-BID04,DBQ_AAWEOSTA_1_1_H3L7NDRX5.UDI327-BID04_clean.fastq.gz,DBQ_AAWEOSTA_1_2_H3L7NDRX5.UDI327-BID04_clean.fastq.gz,not reported by Genoscope,CEB_DFT,CEB_DFU,4075021,,ARMS organisms sample from station IUIEilat,240409_JARVIS_H3L7NDRX5
EMOBON00602,EMO BON CPOWERB HA 20210623 20220622 SF40 (3),ARMS_BelgiumCoast_CPOWERB_20210623_20220622_SF40_s3_r1,EMOBON_BPNS_CPOWERB_Ha_210623_220622_SF40_3,Batch3.1,18S rRNA (V1-V2),DBN_AABU,DBP_AAJT,425,90,"38,3",DBQ_AAWI,DBQ_AAWIOSTA_1_H3L7NDRX5.UDI327-BID11,DBQ_AAWIOSTA_1_1_H3L7NDRX5.UDI327-BID11_clean.fastq.gz,DBQ_AAWIOSTA_1_2_H3L7NDRX5.UDI327-BID11_clean.fastq.gz,not reported by Genoscope,CEB_DFT,CEB_DFU,1137376,,ARMS organisms sample from station BPNS,240409_JARVIS_H3L7NDRX5
EMOBON00603,EMO BON CPOWERC HA 20210623 20220622 SF40 (1),ARMS_BelgiumCoast_CPOWERC_20210623_20220622_SF40_s1_r1,EMOBON_BPNS_CPOWERC_Ha_210623_220622_SF40_1,Batch3.1,18S rRNA (V1-V2),DBN_AABV,DBP_AAIY,"0,75",90,"67,5",DBQ_AAUZ,DBQ_AAUZOSTA_1_H3L7NDRX5.UDI339-BID13,DBQ_AAUZOSTA_1_1_H3L7NDRX5.UDI339-BID13_clean.fastq.gz,DBQ_AAUZOSTA_1_2_H3L7NDRX5.UDI339-BID13_clean.fastq.gz,not reported by Genoscope,CEB_DFR,CEB_DFS,11215951,,ARMS organisms sample from station BPNS,240409_JARVIS_H3L7NDRX5
EMOBON00605,EMO BON CPOWERC HA 20210623 20220622 SF40 (3),ARMS_BelgiumCoast_CPOWERC_20210623_20220622_SF40_s3_r1,EMOBON_BPNS_CPOWERC_Ha_210623_220622_SF40_3,Batch3.1,18S rRNA (V1-V2),DBN_AABX,DBP_AAIF,242,90,"21,8",DBQ_AAUG,DBQ_AAUGOSTA_2_H5FGYDRX5.UDI363-BID09,DBQ_AAUGOSTA_2_1_H5FGYDRX5.UDI363-BID09_clean.fastq.gz,DBQ_AAUGOSTA_2_2_H5FGYDRX5.UDI363-BID09_clean.fastq.gz,not reported by Genoscope,CEB_DFR,CEB_DFS,190615,Sequencing will be repeated,ARMS organisms sample from station BPNS,240411_JARVIS_H5FGYDRX5
EMOBON00605,EMO BON CPOWERC HA 20210623 20220622 SF40 (3),ARMS_BelgiumCoast_CPOWERC_20210623_20220622_SF40_s3_r1,EMOBON_BPNS_CPOWERC_Ha_210623_220622_SF40_3,Batch3.1,18S rRNA (V1-V2),DBN_AABX,DBP_AAIF,242,90,"21,8",DBQ_AAUG,DBQ_AAUGOSTA_1_H55TTDRX5.UDI001-BID09,DBQ_AAUGOSTA_1_1_H55TTDRX5.UDI001-BID09_clean.fastq.gz,DBQ_AAUGOSTA_1_2_H55TTDRX5.UDI001-BID09_clean.fastq.gz,not reported by Genoscope,CEB_DFR,CEB_DFS,6018641,Repeated sequencing,ARMS organisms sample from station BPNS,240619_JARVIS_H55TTDRX5
EMOBON00606,EMO BON CPOWERB HA 20210623 20220622 MF500 (1),ARMS_BelgiumCoast_CPOWERB_20210623_20220622_MF500_s1_r1,EMOBON_BPNS_CPOWERB_Ha_210623_220622_MF500_1,Batch3.1,18S rRNA (V1-V2),DBN_AABY,DBP_AAIZ,"3,149",90,"283,4",DBQ_AAVA,DBQ_AAVAOSTA_2_H5FGYDRX5.UDI316-BID13,DBQ_AAVAOSTA_2_1_H5FGYDRX5.UDI316-BID13_clean.fastq.gz,DBQ_AAVAOSTA_2_2_H5FGYDRX5.UDI316-BID13_clean.fastq.gz,not reported by Genoscope,CEB_DFR,CEB_DFS,11425444,,ARMS organisms sample from station BPNS,240411_JARVIS_H5FGYDRX5
EMOBON00608,EMO BON CPOWERB HA 20210623 20220622 MF100 (1),ARMS_BelgiumCoast_CPOWERB_20210623_20220622_MF100_s1_r1,EMOBON_BPNS_CPOWERB_Ha_210623_220622_MF100_1,Batch3.1,18S rRNA (V1-V2),DBN_AACA,DBP_AAHS,"21,284",90,"1915,6",DBQ_AATT,DBQ_AATTOSTA_2_H5FGYDRX5.UDI304-BID05,DBQ_AATTOSTA_2_1_H5FGYDRX5.UDI304-BID05_clean.fastq.gz,DBQ_AATTOSTA_2_2_H5FGYDRX5.UDI304-BID05_clean.fastq.gz,not reported by Genoscope,CEB_DFR,CEB_DFS,643626,Sequencing will be repeated,ARMS organisms sample from station BPNS,240411_JARVIS_H5FGYDRX5
EMOBON00608,EMO BON CPOWERB HA 20210623 20220622 MF100 (1),ARMS_BelgiumCoast_CPOWERB_20210623_20220622_MF100_s1_r1,EMOBON_BPNS_CPOWERB_Ha_210623_220622_MF100_1,Batch3.1,18S rRNA (V1-V2),DBN_AACA,DBP_AAHS,"21,284",90,"1915,6",DBQ_AATT,DBQ_AATTOSTA_1_H55TTDRX5.UDI025-BID05,DBQ_AATTOSTA_1_1_H55TTDRX5.UDI025-BID05_clean.fastq.gz,DBQ_AATTOSTA_1_2_H55TTDRX5.UDI025-BID05_clean.fastq.gz,not reported by Genoscope,CEB_DFR,CEB_DFS,762257,Repeated sequencing,ARMS organisms sample from station BPNS,240619_JARVIS_H55TTDRX5
EMOBON00609,EMO BON CPOWERB HA 20210623 20220622 MF100 (2),ARMS_BelgiumCoast_CPOWERB_20210623_20220622_MF100_s2_r1,EMOBON_BPNS_CPOWERB_Ha_210623_220622_MF100_2,Batch3.1,18S rRNA (V1-V2),DBN_AACB,DBP_AAHT,"8,359",90,"752,3",DBQ_AATU,DBQ_AATUOSTA_2_H5FGYDRX5.UDI316-BID05,DBQ_AATUOSTA_2_1_H5FGYDRX5.UDI316-BID05_clean.fastq.gz,DBQ_AATUOSTA_2_2_H5FGYDRX5.UDI316-BID05_clean.fastq.gz,not reported by Genoscope,CEB_DFR,CEB_DFS,3366927,,ARMS organisms sample from station BPNS,240411_JARVIS_H5FGYDRX5
EMOBON00610,EMO BON CPOWERC HA 20210623 20220622 MF500 (1),ARMS_BelgiumCoast_CPOWERC_20210623_20220622_MF500_s1_r1,EMOBON_BPNS_CPOWERC_Ha_210623_220622_MF500_1,Batch3.1,18S rRNA (V1-V2),DBN_AACC,DBP_AAHU,"1,357",90,"122,1",DBQ_AATV,DBQ_AATVOSTA_2_H5FGYDRX5.UDI328-BID05,DBQ_AATVOSTA_2_1_H5FGYDRX5.UDI328-BID05_clean.fastq.gz,DBQ_AATVOSTA_2_2_H5FGYDRX5.UDI328-BID05_clean.fastq.gz,not reported by Genoscope,CEB_DFR,CEB_DFS,3163188,,ARMS organisms sample from station BPNS,240411_JARVIS_H5FGYDRX5
EMOBON00611,EMO BON CPOWERC HA 20210623 20220622 MF500 (2),ARMS_BelgiumCoast_CPOWERC_20210623_20220622_MF500_s2_r1,EMOBON_BPNS_CPOWERC_Ha_210623_220622_MF500_2,Batch3.1,18S rRNA (V1-V2),DBN_AACD,DBP_AAHV,389,90,35,DBQ_AATW,DBQ_AATWOSTA_2_H5FGYDRX5.UDI351-BID05,DBQ_AATWOSTA_2_1_H5FGYDRX5.UDI351-BID05_clean.fastq.gz,DBQ_AATWOSTA_2_2_H5FGYDRX5.UDI351-BID05_clean.fastq.gz,not reported by Genoscope,CEB_DFR,CEB_DFS,2039635,,ARMS organisms sample from station BPNS,240411_JARVIS_H5FGYDRX5
EMOBON00612,EMO BON CPOWERC HA 20210623 20220622 MF100 (1),ARMS_BelgiumCoast_CPOWERC_20210623_20220622_MF100_s1_r1,EMOBON_BPNS_CPOWERC_Ha_210623_220622_MF100_1,Batch3.1,18S rRNA (V1-V2),DBN_AACE,DBP_AAHW,"3,853",90,"346,7",DBQ_AATX,DBQ_AATXOSTA_1_H3L7NDRX5.UDI339-BID05,DBQ_AATXOSTA_1_1_H3L7NDRX5.UDI339-BID05_clean.fastq.gz,DBQ_AATXOSTA_1_2_H3L7NDRX5.UDI339-BID05_clean.fastq.gz,not reported by Genoscope,CEB_DFR,CEB_DFS,2378031,,ARMS organisms sample from station BPNS,240409_JARVIS_H3L7NDRX5
EMOBON00618,EMO BON Toralla JTA ARMS 210701 211009 SF (1),ARMS_Vigo_TorallaA_20210701_20211009_SF_s1_r1,EMOBON_EMT21_TorallaA_Ha_210701_211009_SF_1,Batch3.1,18S rRNA (V1-V2),DBN_AACG,DBP_AAAS,"16,25",98,"1592,5",DBQ_AAJH,DBQ_AAJHOSTA_2_H3KVNDRX5.UDI305-BID04,DBQ_AAJHOSTA_2_1_H3KVNDRX5.UDI305-BID04_clean.fastq.gz,DBQ_AAJHOSTA_2_2_H3KVNDRX5.UDI305-BID04_clean.fastq.gz,not reported by Genoscope,CEB_DEZ,CEB_DFA,2221967,,ARMS organisms sample from station EMT21,240409_JARVIS_H3KVNDRX5
EMOBON00619,EMO BON Toralla JTA ARMS 210701 211009 SF (2),ARMS_Vigo_TorallaA_20210701_20211009_SF_s2_r1,EMOBON_EMT21_TorallaA_Ha_210701_211009_SF_2,Batch3.1,18S rRNA (V1-V2),DBN_AACH,DBP_AAAT,"10,6",98,"1038,8",DBQ_AAJI,DBQ_AAJIOSTA_2_H3KVNDRX5.UDI317-BID04,DBQ_AAJIOSTA_2_1_H3KVNDRX5.UDI317-BID04_clean.fastq.gz,DBQ_AAJIOSTA_2_2_H3KVNDRX5.UDI317-BID04_clean.fastq.gz,not reported by Genoscope,CEB_DEZ,CEB_DFA,2563010,,ARMS organisms sample from station EMT21,240409_JARVIS_H3KVNDRX5
EMOBON00620,EMO BON Toralla JTA ARMS 210701 211009 SF (3),ARMS_Vigo_TorallaA_20210701_20211009_SF_s3_r1,EMOBON_EMT21_TorallaA_Ha_210701_211009_SF_3,Batch3.1,18S rRNA (V1-V2),DBN_AACI,DBP_AAAU,"28,7",98,"2812,6",DBQ_AAJJ,DBQ_AAJJOSTA_2_H3KVNDRX5.UDI329-BID04,DBQ_AAJJOSTA_2_1_H3KVNDRX5.UDI329-BID04_clean.fastq.gz,DBQ_AAJJOSTA_2_2_H3KVNDRX5.UDI329-BID04_clean.fastq.gz,not reported by Genoscope,CEB_DEZ,CEB_DFA,2192072,,ARMS organisms sample from station EMT21,240409_JARVIS_H3KVNDRX5
EMOBON00621,EMO BON Toralla JTB ARMS 210701 211009 SF (1),ARMS_Vigo_TorallaB_20210701_20211009_SF_s1_r1,EMOBON_EMT21_TorallaB_Ha_210701_211009_SF_1,Batch3.1,18S rRNA (V1-V2),DBN_AACJ,DBP_AAHY,"9,879",90,"889,1",DBQ_AATZ,DBQ_AATZOSTA_1_H3L7NDRX5.UDI375-BID08,DBQ_AATZOSTA_1_1_H3L7NDRX5.UDI375-BID08_clean.fastq.gz,DBQ_AATZOSTA_1_2_H3L7NDRX5.UDI375-BID08_clean.fastq.gz,not reported by Genoscope,CEB_DFR,CEB_DFS,3592664,,ARMS organisms sample from station EMT21,240409_JARVIS_H3L7NDRX5
EMOBON00622,EMO BON Toralla JTB ARMS 210701 211009 SF (2),ARMS_Vigo_TorallaB_20210701_20211009_SF_s2_r1,EMOBON_EMT21_TorallaB_Ha_210701_211009_SF_2,Batch3.1,18S rRNA (V1-V2),DBN_AACK,DBP_AAHZ,"2,32",90,"208,8",DBQ_AAUA,DBQ_AAUAOSTA_2_H5FGYDRX5.UDI292-BID08,DBQ_AAUAOSTA_2_1_H5FGYDRX5.UDI292-BID08_clean.fastq.gz,DBQ_AAUAOSTA_2_2_H5FGYDRX5.UDI292-BID08_clean.fastq.gz,not reported by Genoscope,CEB_DFR,CEB_DFS,814319,,ARMS organisms sample from station EMT21,240411_JARVIS_H5FGYDRX5
EMOBON00623,EMO BON Toralla JTC ARMS 210701 211009 SF (1),ARMS_Vigo_TorallaC_20210701_20211009_SF_s1_r1,EMOBON_EMT21_TorallaC_Ha_210701_211009_SF_1,Batch3.1,18S rRNA (V1-V2),DBN_AACL,DBP_AAIA,"6,405",90,"576,4",DBQ_AAUB,DBQ_AAUBOSTA_2_H5FGYDRX5.UDI304-BID08,DBQ_AAUBOSTA_2_1_H5FGYDRX5.UDI304-BID08_clean.fastq.gz,DBQ_AAUBOSTA_2_2_H5FGYDRX5.UDI304-BID08_clean.fastq.gz,not reported by Genoscope,CEB_DFR,CEB_DFS,102470,Sequencing will be repeated,ARMS organisms sample from station EMT21,240411_JARVIS_H5FGYDRX5
EMOBON00623,EMO BON Toralla JTC ARMS 210701 211009 SF (1),ARMS_Vigo_TorallaC_20210701_20211009_SF_s1_r1,EMOBON_EMT21_TorallaC_Ha_210701_211009_SF_1,Batch3.1,18S rRNA (V1-V2),DBN_AACL,DBP_AAIA,"6,405",90,"576,4",DBQ_AAUB,DBQ_AAUBOSTA_1_H55TTDRX5.UDI001-BID08,DBQ_AAUBOSTA_1_1_H55TTDRX5.UDI001-BID08_clean.fastq.gz,DBQ_AAUBOSTA_1_2_H55TTDRX5.UDI001-BID08_clean.fastq.gz,not reported by Genoscope,CEB_DFR,CEB_DFS,6184784,Repeated sequencing,ARMS organisms sample from station EMT21,240619_JARVIS_H55TTDRX5
EMOBON00624,EMO BON Toralla JTC ARMS 210701 211009 SF (2),ARMS_Vigo_TorallaC_20210701_20211009_SF_s2_r1,EMOBON_EMT21_TorallaC_Ha_210701_211009_SF_2,Batch3.1,18S rRNA (V1-V2),DBN_AACM,DBP_AAIB,"8,345",90,751,DBQ_AAUC,DBQ_AAUCOSTA_2_H5FGYDRX5.UDI316-BID08,DBQ_AAUCOSTA_2_1_H5FGYDRX5.UDI316-BID08_clean.fastq.gz,DBQ_AAUCOSTA_2_2_H5FGYDRX5.UDI316-BID08_clean.fastq.gz,not reported by Genoscope,CEB_DFR,CEB_DFS,190966,Sequencing will be repeated,ARMS organisms sample from station EMT21,240411_JARVIS_H5FGYDRX5
EMOBON00624,EMO BON Toralla JTC ARMS 210701 211009 SF (2),ARMS_Vigo_TorallaC_20210701_20211009_SF_s2_r1,EMOBON_EMT21_TorallaC_Ha_210701_211009_SF_2,Batch3.1,18S rRNA (V1-V2),DBN_AACM,DBP_AAIB,"8,345",90,751,DBQ_AAUC,DBQ_AAUCOSTA_1_H55TTDRX5.UDI025-BID08,DBQ_AAUCOSTA_1_1_H55TTDRX5.UDI025-BID08_clean.fastq.gz,DBQ_AAUCOSTA_1_2_H55TTDRX5.UDI025-BID08_clean.fastq.gz,not reported by Genoscope,CEB_DFR,CEB_DFS,692192,Repeated sequencing,ARMS organisms sample from station EMT21,240619_JARVIS_H55TTDRX5
EMOBON00625,EMO BON Toralla JTA ARMS 210701 211009 MF500 (1),ARMS_Vigo_TorallaA_20210701_20211009_MF500_s1_r1,EMOBON_EMT21_TorallaA_Ha_210701_211009_MF500_1,Batch3.1,18S rRNA (V1-V2),DBN_AACN,DBP_AAIC,"4,378",90,394,DBQ_AAUD,DBQ_AAUDOSTA_2_H5FGYDRX5.UDI328-BID08,DBQ_AAUDOSTA_2_1_H5FGYDRX5.UDI328-BID08_clean.fastq.gz,DBQ_AAUDOSTA_2_2_H5FGYDRX5.UDI328-BID08_clean.fastq.gz,not reported by Genoscope,CEB_DFR,CEB_DFS,2429973,,ARMS organisms sample from station EMT21,240411_JARVIS_H5FGYDRX5
EMOBON00626,EMO BON Toralla JTA ARMS 210701 211009 MF100 (1),ARMS_Vigo_TorallaA_20210701_20211009_MF100_s1_r1,EMOBON_EMT21_TorallaA_Ha_210701_211009_MF100_1,Batch3.1,18S rRNA (V1-V2),DBN_AACO,DBP_AAID,"4,272",90,"384,5",DBQ_AAWB,DBQ_AAWBOSTA_1_H3L7NDRX5.UDI315-BID11,DBQ_AAWBOSTA_1_1_H3L7NDRX5.UDI315-BID11_clean.fastq.gz,DBQ_AAWBOSTA_1_2_H3L7NDRX5.UDI315-BID11_clean.fastq.gz,not reported by Genoscope,CEB_DFT,CEB_DFU,3504850,,ARMS organisms sample from station EMT21,240409_JARVIS_H3L7NDRX5
EMOBON00627,EMO BON Toralla JTB ARMS 210701 211009 MF500 (1),ARMS_Vigo_TorallaB_20210701_20211009_MF500_s1_r1,EMOBON_EMT21_TorallaB_Ha_210701_211009_MF500_1,Batch3.1,18S rRNA (V1-V2),DBN_AACP,DBP_AAIE,"16,491",90,"1484,2",DBQ_AAUF,DBQ_AAUFOSTA_1_H3L7NDRX5.UDI339-BID08,DBQ_AAUFOSTA_1_1_H3L7NDRX5.UDI339-BID08_clean.fastq.gz,DBQ_AAUFOSTA_1_2_H3L7NDRX5.UDI339-BID08_clean.fastq.gz,not reported by Genoscope,CEB_DFR,CEB_DFS,717797,,ARMS organisms sample from station EMT21,240409_JARVIS_H3L7NDRX5
EMOBON00628,EMO BON Toralla JTB ARMS 210701 211009 MF100 (1),ARMS_Vigo_TorallaB_20210701_20211009_MF100_s1_r1,EMOBON_EMT21_TorallaB_Ha_210701_211009_MF100_1,Batch3.1,18S rRNA (V1-V2),DBN_AACQ,DBP_AAJD,"7,102",90,"639,1",DBQ_AAVE,DBQ_AAVEOSTA_2_H5FGYDRX5.UDI363-BID15,DBQ_AAVEOSTA_2_1_H5FGYDRX5.UDI363-BID15_clean.fastq.gz,DBQ_AAVEOSTA_2_2_H5FGYDRX5.UDI363-BID15_clean.fastq.gz,not reported by Genoscope,CEB_DFR,CEB_DFS,1225360,,ARMS organisms sample from station EMT21,240411_JARVIS_H5FGYDRX5
EMOBON00629,EMO BON Toralla JTC ARMS 210701 211009 MF500 (1),ARMS_Vigo_TorallaC_20210701_20211009_MF500_s1_r1,EMOBON_EMT21_TorallaC_Ha_210701_211009_MF500_1,Batch3.1,18S rRNA (V1-V2),DBN_AACR,DBP_AAJE,"3,917",90,"352,5",DBQ_AAVF,DBQ_AAVFOSTA_1_H3L7NDRX5.UDI375-BID15,DBQ_AAVFOSTA_1_1_H3L7NDRX5.UDI375-BID15_clean.fastq.gz,DBQ_AAVFOSTA_1_2_H3L7NDRX5.UDI375-BID15_clean.fastq.gz,not reported by Genoscope,CEB_DFR,CEB_DFS,1412409,,ARMS organisms sample from station EMT21,240409_JARVIS_H3L7NDRX5
EMOBON00630,EMO BON Toralla JTC ARMS 210701 211009 MF100 (1),ARMS_Vigo_TorallaC_20210701_20211009_MF100_s1_r1,EMOBON_EMT21_TorallaC_Ha_210701_211009_MF100_1,Batch3.1,18S rRNA (V1-V2),DBN_AACS,DBP_AAJF,"9,186",90,"826,7",DBQ_AAVG,DBQ_AAVGOSTA_2_H5FGYDRX5.UDI292-BID15,DBQ_AAVGOSTA_2_1_H5FGYDRX5.UDI292-BID15_clean.fastq.gz,DBQ_AAVGOSTA_2_2_H5FGYDRX5.UDI292-BID15_clean.fastq.gz,not reported by Genoscope,CEB_DFR,CEB_DFS,1550765,,ARMS organisms sample from station EMT21,240411_JARVIS_H5FGYDRX5
EMOBON00631,ARMS_ VEN1_20210623-20220713_SF40_A,ARMS_AdriaticEastCoast_VEN1_20210623_20220713_SF40_s1_r1,EMOBON_AdriaticEastCoast_VEN1_Ha_210623_220713_SF40_1,Batch3.1,18S rRNA (V1-V2),DBN_AACT,DBP_AAAW,"6,72",108,"725,8",DBQ_AAIN,DBQ_AAINOSTA_1_HW5CMDRX3.UDI003-BID01,DBQ_AAINOSTA_1_1_HW5CMDRX3.UDI003-BID01_clean.fastq.gz,DBQ_AAINOSTA_1_2_HW5CMDRX3.UDI003-BID01_clean.fastq.gz,not reported by Genoscope,CEB_DEX,CEB_DEY,3118577,,ARMS organisms sample from station AAOT,240313_JARVIS_HW5CMDRX3
EMOBON00632,ARMS_ VEN1_20210623-20220713_MF100_A,ARMS_AdriaticEastCoast_VEN1_20210623_20220713_MF100_s1_r1,EMOBON_AdriaticEastCoast_VEN1_Ha_210623_220713_MF100_1,Batch3.1,18S rRNA (V1-V2),DBN_AACU,DBP_AAAX,"6,29",108,"679,3",DBQ_AABP,DBQ_AABPOSTA_1_HW5CMDRX3.UDI027-BID01,DBQ_AABPOSTA_1_1_HW5CMDRX3.UDI027-BID01_clean.fastq.gz,DBQ_AABPOSTA_1_2_HW5CMDRX3.UDI027-BID01_clean.fastq.gz,not reported by Genoscope,CEB_DER,CEB_DES,4583008,,ARMS organisms sample from station AAOT,240313_JARVIS_HW5CMDRX3
EMOBON00633,ARMS_ VEN1_20210623-20220713_MF500_A,ARMS_AdriaticEastCoast_VEN1_20210623_20220713_MF500_s1_r1,EMOBON_AdriaticEastCoast_VEN1_Ha_210623_220713_MF500_1,Batch3.1,18S rRNA (V1-V2),DBN_AACV,DBP_AAAY,"26,4",108,"2851,2",DBQ_AABQ,DBQ_AABQOSTA_1_HW5CMDRX3.UDI015-BID01,DBQ_AABQOSTA_1_1_HW5CMDRX3.UDI015-BID01_clean.fastq.gz,DBQ_AABQOSTA_1_2_HW5CMDRX3.UDI015-BID01_clean.fastq.gz,not reported by Genoscope,CEB_DER,CEB_DES,5106571,,ARMS organisms sample from station AAOT,240313_JARVIS_HW5CMDRX3
EMOBON00636,ARMS_ VEN2_20210623-20220713_MF500_A,ARMS_AdriaticEastCoast_VEN2_20210623_20220713_MF500_s1_r1,EMOBON_AdriaticEastCoast_VEN2_Ha_210623_220713_MF500_1,Batch3.1,18S rRNA (V1-V2),DBN_AACY,DBP_AABB,"3,77",108,"407,2",DBQ_AAIQ,DBQ_AAIQOSTA_1_HW5CMDRX3.UDI003-BID05,DBQ_AAIQOSTA_1_1_HW5CMDRX3.UDI003-BID05_clean.fastq.gz,DBQ_AAIQOSTA_1_2_HW5CMDRX3.UDI003-BID05_clean.fastq.gz,not reported by Genoscope,CEB_DEX,CEB_DEY,4605661,,ARMS organisms sample from station AAOT,240313_JARVIS_HW5CMDRX3
EMOBON00637,ARMS_ VEN3_20210623-20220713_SF40_A,ARMS_AdriaticEastCoast_VEN3_20210623_20220713_SF40_s1_r1,EMOBON_AdriaticEastCoast_VEN3_Ha_210623_220713_SF40_1,Batch3.1,18S rRNA (V1-V2),DBN_AACZ,DBP_AABC,"5,12",108,553,DBQ_AABU,DBQ_AABUOSTA_1_HW5CMDRX3.UDI075-BID01,DBQ_AABUOSTA_1_1_HW5CMDRX3.UDI075-BID01_clean.fastq.gz,DBQ_AABUOSTA_1_2_HW5CMDRX3.UDI075-BID01_clean.fastq.gz,not reported by Genoscope,CEB_DER,CEB_DES,2570200,,ARMS organisms sample from station AAOT,240313_JARVIS_HW5CMDRX3
EMOBON00638,ARMS_ VEN3_20210623-20220713_MF100_A,ARMS_AdriaticEastCoast_VEN3_20210623_20220713_MF100_s1_r1,EMOBON_AdriaticEastCoast_VEN3_Ha_210623_220713_MF100_1,Batch3.1,18S rRNA (V1-V2),DBN_AADA,DBP_AABD,"8,9",108,"961,2",DBQ_AABV,DBQ_AABVOSTA_1_HW5CMDRX3.UDI087-BID01,DBQ_AABVOSTA_1_1_HW5CMDRX3.UDI087-BID01_clean.fastq.gz,DBQ_AABVOSTA_1_2_HW5CMDRX3.UDI087-BID01_clean.fastq.gz,not reported by Genoscope,CEB_DER,CEB_DES,3520175,,ARMS organisms sample from station AAOT,240313_JARVIS_HW5CMDRX3
EMOBON00639,ARMS_ VEN3_20210623-20220713_MF500_A,ARMS_AdriaticEastCoast_VEN3_20210623_20220713_MF500_s1_r1,EMOBON_AdriaticEastCoast_VEN3_Ha_210623_220713_MF500_1,Batch3.1,18S rRNA (V1-V2),DBN_AADB,DBP_AABE,"3,22",108,"347,8",DBQ_AABW,DBQ_AABWOSTA_1_HW5CMDRX3.UDI086-BID02,DBQ_AABWOSTA_1_1_HW5CMDRX3.UDI086-BID02_clean.fastq.gz,DBQ_AABWOSTA_1_2_HW5CMDRX3.UDI086-BID02_clean.fastq.gz,not reported by Genoscope,CEB_DER,CEB_DES,2229760,,ARMS organisms sample from station AAOT,240313_JARVIS_HW5CMDRX3
EMOBON00640,ARMS_RAVH1_20220428-20220718_SF40_A,ARMS_RavHarbour_RavH1_20220428_20220718_SF40_s1_r1,EMOBON_RavHarbour_RavH1_Ha_220428_220718_SF40_1,Batch3.1,18S rRNA (V1-V2),DBN_AADC,DBP_AABF,"6,37",108,688,DBQ_AABX,DBQ_AABXOSTA_1_HW5CMDRX3.UDI027-BID02,DBQ_AABXOSTA_1_1_HW5CMDRX3.UDI027-BID02_clean.fastq.gz,DBQ_AABXOSTA_1_2_HW5CMDRX3.UDI027-BID02_clean.fastq.gz,not reported by Genoscope,CEB_DER,CEB_DES,2575642,,ARMS organisms sample from station AAOT,240313_JARVIS_HW5CMDRX3
EMOBON00641,ARMS_RAVH1_20220428-20220718_MF100_A,ARMS_RavHarbour_RavH1_20220428_20220718_MF100_s1_r1,EMOBON_RavHarbour_RavH1_Ha_220428_220718_MF100_1,Batch3.1,18S rRNA (V1-V2),DBN_AADD,DBP_AABG,"77,8",108,"8402,4",DBQ_AABY,DBQ_AABYOSTA_1_HW5CMDRX3.UDI015-BID02,DBQ_AABYOSTA_1_1_HW5CMDRX3.UDI015-BID02_clean.fastq.gz,DBQ_AABYOSTA_1_2_HW5CMDRX3.UDI015-BID02_clean.fastq.gz,not reported by Genoscope,CEB_DER,CEB_DES,1019488,,ARMS organisms sample from station AAOT,240313_JARVIS_HW5CMDRX3
EMOBON00642,ARMS_RAVH1_20220428-20220718_MF500_A,ARMS_RavHarbour_RavH1_20220428_20220718_MF500_s1_r1,EMOBON_RavHarbour_RavH1_Ha_220428_220718_MF500_1,Batch3.1,18S rRNA (V1-V2),DBN_AADE,DBP_AABH,"32,2",108,"3477,6",DBQ_AABZ,DBQ_AABZOSTA_1_HW5CMDRX3.UDI039-BID02,DBQ_AABZOSTA_1_1_HW5CMDRX3.UDI039-BID02_clean.fastq.gz,DBQ_AABZOSTA_1_2_HW5CMDRX3.UDI039-BID02_clean.fastq.gz,not reported by Genoscope,CEB_DER,CEB_DES,1460815,,ARMS organisms sample from station AAOT,240313_JARVIS_HW5CMDRX3
EMOBON00643,ARMS_RAVH2_20220428-20220718_SF40_A,ARMS_RavHarbour_RavH2_20220428_20220718_SF40_s1_r1,EMOBON_RavHarbour_RavH2_Ha_220428_220718_SF40_1,Batch3.1,18S rRNA (V1-V2),DBN_AADF,DBP_AABI,"3,55",98,"347,9",DBQ_AACA,DBQ_AACAOSTA_1_HW5CMDRX3.UDI051-BID02,DBQ_AACAOSTA_1_1_HW5CMDRX3.UDI051-BID02_clean.fastq.gz,DBQ_AACAOSTA_1_2_HW5CMDRX3.UDI051-BID02_clean.fastq.gz,not reported by Genoscope,CEB_DER,CEB_DES,1916242,,ARMS organisms sample from station AAOT,240313_JARVIS_HW5CMDRX3
EMOBON00644,ARMS_RAVH2_20220428-20220718_MF100_A,ARMS_RavHarbour_RavH2_20220428_20220718_MF100_s1_r1,EMOBON_RavHarbour_RavH2_Ha_220428_220718_MF100_1,Batch3.1,18S rRNA (V1-V2),DBN_AADG,DBP_AABJ,"52,7",108,"5691,6",DBQ_AACB,DBQ_AACBOSTA_1_HW5CMDRX3.UDI063-BID02,DBQ_AACBOSTA_1_1_HW5CMDRX3.UDI063-BID02_clean.fastq.gz,DBQ_AACBOSTA_1_2_HW5CMDRX3.UDI063-BID02_clean.fastq.gz,not reported by Genoscope,CEB_DER,CEB_DES,1153425,,ARMS organisms sample from station AAOT,240313_JARVIS_HW5CMDRX3
EMOBON00645,ARMS_RAVH2_20220428-20220718_MF500_A,ARMS_RavHarbour_RavH2_20220428_20220718_MF500_s1_r1,EMOBON_RavHarbour_RavH2_Ha_220428_220718_MF500_1,Batch3.1,18S rRNA (V1-V2),DBN_AADH,DBP_AABK,"20,8",108,"2246,4",DBQ_AACC,DBQ_AACCOSTA_1_HW5CMDRX3.UDI075-BID02,DBQ_AACCOSTA_1_1_HW5CMDRX3.UDI075-BID02_clean.fastq.gz,DBQ_AACCOSTA_1_2_HW5CMDRX3.UDI075-BID02_clean.fastq.gz,not reported by Genoscope,CEB_DER,CEB_DES,1563320,,ARMS organisms sample from station AAOT,240313_JARVIS_HW5CMDRX3
EMOBON00646,ARMS_RAVH3_20220428-20220718_SF40_A,ARMS_RavHarbour_RavH3_20220428_20220718_SF40_s1_r1,EMOBON_RavHarbour_RavH3_Ha_220428_220718_SF40_1,Batch3.1,18S rRNA (V1-V2),DBN_AADI,DBP_AABL,"9,24",108,"997,9",DBQ_AACD,DBQ_AACDOSTA_1_HW5CMDRX3.UDI087-BID02,DBQ_AACDOSTA_1_1_HW5CMDRX3.UDI087-BID02_clean.fastq.gz,DBQ_AACDOSTA_1_2_HW5CMDRX3.UDI087-BID02_clean.fastq.gz,not reported by Genoscope,CEB_DER,CEB_DES,1639225,,ARMS organisms sample from station AAOT,240313_JARVIS_HW5CMDRX3
EMOBON00647,ARMS_RAVH3_20220428-20220718_MF100_A,ARMS_RavHarbour_RavH3_20220428_20220718_MF100_s1_r1,EMOBON_RavHarbour_RavH3_Ha_220428_220718_MF100_1,Batch3.1,18S rRNA (V1-V2),DBN_AADJ,DBP_AABQ,"70,8",108,"7646,4",DBQ_AACI,DBQ_AACIOSTA_1_HW5CMDRX3.UDI039-BID04,DBQ_AACIOSTA_1_1_HW5CMDRX3.UDI039-BID04_clean.fastq.gz,DBQ_AACIOSTA_1_2_HW5CMDRX3.UDI039-BID04_clean.fastq.gz,not reported by Genoscope,CEB_DER,CEB_DES,1491267,,ARMS organisms sample from station AAOT,240313_JARVIS_HW5CMDRX3
EMOBON00648,ARMS_RAVH3_20220428-20220718_MF500_A,ARMS_RavHarbour_RavH3_20220428_20220718_MF500_s1_r1,EMOBON_RavHarbour_RavH3_Ha_220428_220718_MF500_1,Batch3.1,18S rRNA (V1-V2),DBN_AADK,DBP_AABR,"41,84",108,"4518,7",DBQ_AACJ,DBQ_AACJOSTA_1_HW5CMDRX3.UDI051-BID04,DBQ_AACJOSTA_1_1_HW5CMDRX3.UDI051-BID04_clean.fastq.gz,DBQ_AACJOSTA_1_2_HW5CMDRX3.UDI051-BID04_clean.fastq.gz,not reported by Genoscope,CEB_DER,CEB_DES,1846156,,ARMS organisms sample from station AAOT,240313_JARVIS_HW5CMDRX3
EMOBON00649,ARMS_RAVM1_20220428-20220718_SF40_A,ARMS_RavMarina_RavM1_20220428_20220718_SF40_s1_r1,EMOBON_RavMarina_RavM1_Ha_220428_220718_SF40_1,Batch3.1,18S rRNA (V1-V2),DBN_AADL,DBP_AABS,"1,73",108,"186,8",DBQ_AACK,DBQ_AACKOSTA_1_HW5CMDRX3.UDI063-BID04,DBQ_AACKOSTA_1_1_HW5CMDRX3.UDI063-BID04_clean.fastq.gz,DBQ_AACKOSTA_1_2_HW5CMDRX3.UDI063-BID04_clean.fastq.gz,not reported by Genoscope,CEB_DER,CEB_DES,4736162,,ARMS organisms sample from station AAOT,240313_JARVIS_HW5CMDRX3
EMOBON00650,ARMS_RAVM1_20220428-20220718_MF100_A,ARMS_RavMarina_RavM1_20220428_20220718_MF100_s1_r1,EMOBON_RavMarina_RavM1_Ha_220428_220718_MF100_1,Batch3.1,18S rRNA (V1-V2),DBN_AADM,DBP_AABT,"46,2",108,"4989,6",DBQ_AACL,DBQ_AACLOSTA_1_HW5CMDRX3.UDI087-BID04,DBQ_AACLOSTA_1_1_HW5CMDRX3.UDI087-BID04_clean.fastq.gz,DBQ_AACLOSTA_1_2_HW5CMDRX3.UDI087-BID04_clean.fastq.gz,not reported by Genoscope,CEB_DER,CEB_DES,1626381,,ARMS organisms sample from station AAOT,240313_JARVIS_HW5CMDRX3
EMOBON00651,ARMS_RAVM1_20220428-20220718_MF500_A,ARMS_RavMarina_RavM1_20220428_20220718_MF500_s1_r1,EMOBON_RavMarina_RavM1_Ha_220428_220718_MF500_1,Batch3.1,18S rRNA (V1-V2),DBN_AADN,DBP_AABU,"20,9",108,"2257,2",DBQ_AACM,DBQ_AACMOSTA_1_HW5CMDRX3.UDI086-BID05,DBQ_AACMOSTA_1_1_HW5CMDRX3.UDI086-BID05_clean.fastq.gz,DBQ_AACMOSTA_1_2_HW5CMDRX3.UDI086-BID05_clean.fastq.gz,not reported by Genoscope,CEB_DER,CEB_DES,4286467,,ARMS organisms sample from station AAOT,240313_JARVIS_HW5CMDRX3
EMOBON00652,ARMS_RAVM2_20220428-20220718_SF40_A,ARMS_RavMarina_RavM2_20220428_20220718_SF40_s1_r1,EMOBON_RavMarina_RavM2_Ha_220428_220718_SF40_1,Batch3.1,18S rRNA (V1-V2),DBN_AADO,DBP_AABV,583,108,63,DBQ_AACN,DBQ_AACNOSTA_1_HW5CMDRX3.UDI027-BID05,DBQ_AACNOSTA_1_1_HW5CMDRX3.UDI027-BID05_clean.fastq.gz,DBQ_AACNOSTA_1_2_HW5CMDRX3.UDI027-BID05_clean.fastq.gz,not reported by Genoscope,CEB_DER,CEB_DES,4936675,,ARMS organisms sample from station AAOT,240313_JARVIS_HW5CMDRX3
EMOBON00653,ARMS_RAVM2_20220428-20220718_MF100_A,ARMS_RavMarina_RavM2_20220428_20220718_MF100_s1_r1,EMOBON_RavMarina_RavM2_Ha_220428_220718_MF100_1,Batch3.1,18S rRNA (V1-V2),DBN_AADP,DBP_AABW,"25,3",108,"2732,4",DBQ_AACO,DBQ_AACOOSTA_1_HW5CMDRX3.UDI015-BID05,DBQ_AACOOSTA_1_1_HW5CMDRX3.UDI015-BID05_clean.fastq.gz,DBQ_AACOOSTA_1_2_HW5CMDRX3.UDI015-BID05_clean.fastq.gz,not reported by Genoscope,CEB_DER,CEB_DES,5519950,,ARMS organisms sample from station AAOT,240313_JARVIS_HW5CMDRX3
EMOBON00654,ARMS_RAVM2_20220428-20220718_MF500_A,ARMS_RavMarina_RavM2_20220428_20220718_MF500_s1_r1,EMOBON_RavMarina_RavM2_Ha_220428_220718_MF500_1,Batch3.1,18S rRNA (V1-V2),DBN_AADQ,DBP_AABX,"11,75",108,1269,DBQ_AAIT,DBQ_AAITOSTA_1_HW5CMDRX3.UDI003-BID11,DBQ_AAITOSTA_1_1_HW5CMDRX3.UDI003-BID11_clean.fastq.gz,DBQ_AAITOSTA_1_2_HW5CMDRX3.UDI003-BID11_clean.fastq.gz,not reported by Genoscope,CEB_DEX,CEB_DEY,5270232,,ARMS organisms sample from station AAOT,240313_JARVIS_HW5CMDRX3
EMOBON00655,ARMS_RAVM3_20220428-20220718_SF40_A,ARMS_RavMarina_RavM3_20220428_20220718_SF40_s1_r1,EMOBON_RavMarina_RavM3_Ha_220428_220718_SF40_1,Batch3.1,18S rRNA (V1-V2),DBN_AADR,DBP_AABY,752,108,"81,2",DBQ_AACQ,DBQ_AACQOSTA_1_HW5CMDRX3.UDI051-BID05,DBQ_AACQOSTA_1_1_HW5CMDRX3.UDI051-BID05_clean.fastq.gz,DBQ_AACQOSTA_1_2_HW5CMDRX3.UDI051-BID05_clean.fastq.gz,not reported by Genoscope,CEB_DER,CEB_DES,5283855,,ARMS organisms sample from station AAOT,240313_JARVIS_HW5CMDRX3
EMOBON00656,ARMS_RAVM3_20220428-20220718_MF100_A,ARMS_RavMarina_RavM3_20220428_20220718_MF100_s1_r1,EMOBON_RavMarina_RavM3_Ha_220428_220718_MF100_1,Batch3.1,18S rRNA (V1-V2),DBN_AADS,DBP_AABZ,"18,3",108,"1976,4",DBQ_AACR,DBQ_AACROSTA_1_HW5CMDRX3.UDI063-BID05,DBQ_AACROSTA_1_1_HW5CMDRX3.UDI063-BID05_clean.fastq.gz,DBQ_AACROSTA_1_2_HW5CMDRX3.UDI063-BID05_clean.fastq.gz,not reported by Genoscope,CEB_DER,CEB_DES,5389526,,ARMS organisms sample from station AAOT,240313_JARVIS_HW5CMDRX3
EMOBON00657,ARMS_RAVM3_20220428-20220718_MF500_A,ARMS_RavMarina_RavM3_20220428_20220718_MF500_s1_r1,EMOBON_RavMarina_RavM3_Ha_220428_220718_MF500_1,Batch3.1,18S rRNA (V1-V2),DBN_AADT,DBP_AACQ,"12,95",108,"1398,6",DBQ_AADI,DBQ_AADIOSTA_1_HW5CMDRX3.UDI075-BID09,DBQ_AADIOSTA_1_1_HW5CMDRX3.UDI075-BID09_clean.fastq.gz,DBQ_AADIOSTA_1_2_HW5CMDRX3.UDI075-BID09_clean.fastq.gz,not reported by Genoscope,CEB_DER,CEB_DES,2543139,,ARMS organisms sample from station AAOT,240313_JARVIS_HW5CMDRX3
EMOBON00661,Roscoff_BasBlo_S1_200529-210518_MF100,ARMS_Roscoff_BasBloS1_20200529_20210518_MF100_s1_r1,EMOBON_ROSKOGO_BasBloS1_Ha_200529_210518_MF100_1,Batch3.1,18S rRNA (V1-V2),DBN_AADU,DBP_AACE,"23,5",108,2538,DBQ_AACW,DBQ_AACWOSTA_1_HW5CMDRX3.UDI015-BID08,DBQ_AACWOSTA_1_1_HW5CMDRX3.UDI015-BID08_clean.fastq.gz,DBQ_AACWOSTA_1_2_HW5CMDRX3.UDI015-BID08_clean.fastq.gz,not reported by Genoscope,CEB_DER,CEB_DES,2397374,,ARMS organisms sample from station ROSKOGO,240313_JARVIS_HW5CMDRX3
EMOBON00662,Roscoff_BasBlo_S1_200529-210518_MF500,ARMS_Roscoff_BasBloS1_20200529_20210518_MF500_s1_r1,EMOBON_ROSKOGO_BasBloS1_Ha_200529_210518_MF500_1,Batch3.1,18S rRNA (V1-V2),DBN_AADV,DBP_AACF,"61,9",108,"6685,2",DBQ_AACX,DBQ_AACXOSTA_1_HW5CMDRX3.UDI039-BID08,DBQ_AACXOSTA_1_1_HW5CMDRX3.UDI039-BID08_clean.fastq.gz,DBQ_AACXOSTA_1_2_HW5CMDRX3.UDI039-BID08_clean.fastq.gz,not reported by Genoscope,CEB_DER,CEB_DES,2186852,,ARMS organisms sample from station ROSKOGO,240313_JARVIS_HW5CMDRX3
EMOBON00663,Roscoff_BasBlo_S1_200529-210518_SFA,ARMS_Roscoff_BasBloS1_20200529_20210518_SFA_s1_r1,EMOBON_ROSKOGO_BasBloS1_Ha_200529_210518_SFA_1,Batch3.1,18S rRNA (V1-V2),DBN_AADW,DBP_AACG,"1,225",108,"132,3",DBQ_AACY,DBQ_AACYOSTA_1_HW5CMDRX3.UDI051-BID08,DBQ_AACYOSTA_1_1_HW5CMDRX3.UDI051-BID08_clean.fastq.gz,DBQ_AACYOSTA_1_2_HW5CMDRX3.UDI051-BID08_clean.fastq.gz,not reported by Genoscope,CEB_DER,CEB_DES,1699863,,ARMS organisms sample from station ROSKOGO,240313_JARVIS_HW5CMDRX3
EMOBON00664,Roscoff_BasBlo_S2_200529-210519_MF100,ARMS_Roscoff_BasBloS2_20200529_20210519_MF100_s1_r1,EMOBON_ROSKOGO_BasBloS2_Ha_200529_210519_MF100_1,Batch3.1,18S rRNA (V1-V2),DBN_AADX,DBP_AACH,"21,4",108,"2311,2",DBQ_AACZ,DBQ_AACZOSTA_1_HW5CMDRX3.UDI063-BID08,DBQ_AACZOSTA_1_1_HW5CMDRX3.UDI063-BID08_clean.fastq.gz,DBQ_AACZOSTA_1_2_HW5CMDRX3.UDI063-BID08_clean.fastq.gz,not reported by Genoscope,CEB_DER,CEB_DES,3012995,,ARMS organisms sample from station ROSKOGO,240313_JARVIS_HW5CMDRX3
EMOBON00665,Roscoff_BasBlo_S2_200529-210519_MF500,ARMS_Roscoff_BasBloS2_20200529_20210519_MF500_s1_r1,EMOBON_ROSKOGO_BasBloS2_Ha_200529_210519_MF500_1,Batch3.1,18S rRNA (V1-V2),DBN_AADY,DBP_AACA,"57,7",108,"6231,6",DBQ_AACS,DBQ_AACSOSTA_1_HW5CMDRX3.UDI075-BID05,DBQ_AACSOSTA_1_1_HW5CMDRX3.UDI075-BID05_clean.fastq.gz,DBQ_AACSOSTA_1_2_HW5CMDRX3.UDI075-BID05_clean.fastq.gz,not reported by Genoscope,CEB_DER,CEB_DES,3290729,,ARMS organisms sample from station ROSKOGO,240313_JARVIS_HW5CMDRX3
EMOBON00666,Roscoff_BasBlo_S2_200529-210519_SFA,ARMS_Roscoff_BasBloS2_20200529_20210519_SFA_s1_r1,EMOBON_ROSKOGO_BasBloS2_Ha_200529_210519_SFA_1,Batch3.1,18S rRNA (V1-V2),DBN_AADZ,DBP_AACB,"5,69",108,"614,5",DBQ_AACT,DBQ_AACTOSTA_1_HW5CMDRX3.UDI087-BID05,DBQ_AACTOSTA_1_1_HW5CMDRX3.UDI087-BID05_clean.fastq.gz,DBQ_AACTOSTA_1_2_HW5CMDRX3.UDI087-BID05_clean.fastq.gz,not reported by Genoscope,CEB_DER,CEB_DES,3312411,,ARMS organisms sample from station ROSKOGO,240313_JARVIS_HW5CMDRX3
EMOBON00667,Roscoff_BasBlo_S3_200529-210519_MF100,ARMS_Roscoff_BasBloS3_20200529_20210519_MF100_s1_r1,EMOBON_ROSKOGO_BasBloS3_Ha_200529_210519_MF100_1,Batch3.1,18S rRNA (V1-V2),DBN_AAEA,DBP_AACC,"52,6",108,"5680,8",DBQ_AACU,DBQ_AACUOSTA_1_HW5CMDRX3.UDI086-BID08,DBQ_AACUOSTA_1_1_HW5CMDRX3.UDI086-BID08_clean.fastq.gz,DBQ_AACUOSTA_1_2_HW5CMDRX3.UDI086-BID08_clean.fastq.gz,not reported by Genoscope,CEB_DER,CEB_DES,2201570,,ARMS organisms sample from station ROSKOGO,240313_JARVIS_HW5CMDRX3
EMOBON00668,Roscoff_BasBlo_S3_200529-210519_MF500,ARMS_Roscoff_BasBloS3_20200529_20210519_MF500_s1_r1,EMOBON_ROSKOGO_BasBloS3_Ha_200529_210519_MF500_1,Batch3.1,18S rRNA (V1-V2),DBN_AAEB,DBP_AACD,"28,3",108,"3056,4",DBQ_AACV,DBQ_AACVOSTA_1_HW5CMDRX3.UDI027-BID08,DBQ_AACVOSTA_1_1_HW5CMDRX3.UDI027-BID08_clean.fastq.gz,DBQ_AACVOSTA_1_2_HW5CMDRX3.UDI027-BID08_clean.fastq.gz,not reported by Genoscope,CEB_DER,CEB_DES,2109342,,ARMS organisms sample from station ROSKOGO,240313_JARVIS_HW5CMDRX3
EMOBON00669,Roscoff_BasBlo_S3_200529-210519_SFA,ARMS_Roscoff_BasBloS3_20200529_20210519_SFA_s1_r1,EMOBON_ROSKOGO_BasBloS3_Ha_200529_210519_SFA_1,Batch3.1,18S rRNA (V1-V2),DBN_AAEC,DBP_AACI,"0,75",108,81,DBQ_AADA,DBQ_AADAOSTA_1_HW5CMDRX3.UDI075-BID08,DBQ_AADAOSTA_1_1_HW5CMDRX3.UDI075-BID08_clean.fastq.gz,DBQ_AADAOSTA_1_2_HW5CMDRX3.UDI075-BID08_clean.fastq.gz,not reported by Genoscope,CEB_DER,CEB_DES,2005495,,ARMS organisms sample from station ROSKOGO,240313_JARVIS_HW5CMDRX3
EMOBON00670,Roscoff_MarBlo_S1_210621-211011_MF100,ARMS_Roscoff_MarBloR1_20210621_20211011_MF100_s1_r1,EMOBON_ROSKOGO_MarBloR1_Ha_210621_211011_MF100_1,Batch3.1,18S rRNA (V1-V2),DBN_AAED,DBP_AACJ,"28,4",108,"3067,2",DBQ_AADB,DBQ_AADBOSTA_1_HW5CMDRX3.UDI087-BID08,DBQ_AADBOSTA_1_1_HW5CMDRX3.UDI087-BID08_clean.fastq.gz,DBQ_AADBOSTA_1_2_HW5CMDRX3.UDI087-BID08_clean.fastq.gz,not reported by Genoscope,CEB_DER,CEB_DES,1631004,,ARMS organisms sample from station ROSKOGO,240313_JARVIS_HW5CMDRX3
EMOBON00671,Roscoff_MarBlo_S1_210621-211011_MF500,ARMS_Roscoff_MarBloR1_20210621_20211011_MF500_s1_r1,EMOBON_ROSKOGO_MarBloR1_Ha_210621_211011_MF500_1,Batch3.1,18S rRNA (V1-V2),DBN_AAEE,DBP_AACK,"18,85",108,"2035,8",DBQ_AADC,DBQ_AADCOSTA_1_HW5CMDRX3.UDI086-BID09,DBQ_AADCOSTA_1_1_HW5CMDRX3.UDI086-BID09_clean.fastq.gz,DBQ_AADCOSTA_1_2_HW5CMDRX3.UDI086-BID09_clean.fastq.gz,not reported by Genoscope,CEB_DER,CEB_DES,1849848,,ARMS organisms sample from station ROSKOGO,240313_JARVIS_HW5CMDRX3
EMOBON00672,Roscoff_MarBlo_S1_210621-211011_SFA,ARMS_Roscoff_MarBloR1_20210621_20211011_SFA_s1_r1,EMOBON_ROSKOGO_MarBloR1_Ha_210621_211011_SFA_1,Batch3.1,18S rRNA (V1-V2),DBN_AAEF,DBP_AACL,465,108,"50,2",DBQ_AADD,DBQ_AADDOSTA_1_HW5CMDRX3.UDI027-BID09,DBQ_AADDOSTA_1_1_HW5CMDRX3.UDI027-BID09_clean.fastq.gz,DBQ_AADDOSTA_1_2_HW5CMDRX3.UDI027-BID09_clean.fastq.gz,not reported by Genoscope,CEB_DER,CEB_DES,1606572,,ARMS organisms sample from station ROSKOGO,240313_JARVIS_HW5CMDRX3
EMOBON00673,Roscoff_MarBlo_S2_210621-211012_MF100,ARMS_Roscoff_MarBloR2_20210621_20211012_MF100_s1_r1,EMOBON_ROSKOGO_MarBloR2_Ha_210621_211012_MF100_1,Batch3.1,18S rRNA (V1-V2),DBN_AAEG,DBP_AACR,"30,8",108,"3326,4",DBQ_AADJ,DBQ_AADJOSTA_1_HW5CMDRX3.UDI087-BID09,DBQ_AADJOSTA_1_1_HW5CMDRX3.UDI087-BID09_clean.fastq.gz,DBQ_AADJOSTA_1_2_HW5CMDRX3.UDI087-BID09_clean.fastq.gz,not reported by Genoscope,CEB_DER,CEB_DES,1446293,,ARMS organisms sample from station ROSKOGO,240313_JARVIS_HW5CMDRX3
EMOBON00674,Roscoff_MarBlo_S2_210621-211012_MF500,ARMS_Roscoff_MarBloR2_20210621_20211012_MF500_s1_r1,EMOBON_ROSKOGO_MarBloR2_Ha_210621_211012_MF500_1,Batch3.1,18S rRNA (V1-V2),DBN_AAEH,DBP_AAIG,"20,315",90,"1828,4",DBQ_AAUH,DBQ_AAUHOSTA_1_H3L7NDRX5.UDI375-BID09,DBQ_AAUHOSTA_1_1_H3L7NDRX5.UDI375-BID09_clean.fastq.gz,DBQ_AAUHOSTA_1_2_H3L7NDRX5.UDI375-BID09_clean.fastq.gz,not reported by Genoscope,CEB_DFR,CEB_DFS,8828984,,ARMS organisms sample from station ROSKOGO,240409_JARVIS_H3L7NDRX5
EMOBON00675,Roscoff_MarBlo_S2_210621-211012_SFA,ARMS_Roscoff_MarBloR2_20210621_20211012_SFA_s1_r1,EMOBON_ROSKOGO_MarBloR2_Ha_210621_211012_SFA_1,Batch3.1,18S rRNA (V1-V2),DBN_AAEI,DBP_AAIH,"1,971",90,"177,4",DBQ_AAUI,DBQ_AAUIOSTA_2_H5FGYDRX5.UDI292-BID09,DBQ_AAUIOSTA_2_1_H5FGYDRX5.UDI292-BID09_clean.fastq.gz,DBQ_AAUIOSTA_2_2_H5FGYDRX5.UDI292-BID09_clean.fastq.gz,not reported by Genoscope,CEB_DFR,CEB_DFS,1544135,,ARMS organisms sample from station ROSKOGO,240411_JARVIS_H5FGYDRX5
EMOBON00676,Roscoff_MarBlo_S3_210621-211013_MF100,ARMS_Roscoff_MarBloR3_20210621_20211013_MF100_s1_r1,EMOBON_ROSKOGO_MarBloR3_Ha_210621_211013_MF100_1,Batch3.1,18S rRNA (V1-V2),DBN_AAEJ,DBP_AACS,"28,3",108,"3056,4",DBQ_AADK,DBQ_AADKOSTA_1_HW5CMDRX3.UDI086-BID11,DBQ_AADKOSTA_1_1_HW5CMDRX3.UDI086-BID11_clean.fastq.gz,DBQ_AADKOSTA_1_2_HW5CMDRX3.UDI086-BID11_clean.fastq.gz,not reported by Genoscope,CEB_DER,CEB_DES,2665433,,ARMS organisms sample from station ROSKOGO,240313_JARVIS_HW5CMDRX3
EMOBON00677,Roscoff_MarBlo_S3_210621-211013_MF500,ARMS_Roscoff_MarBloR3_20210621_20211013_MF500_s1_r1,EMOBON_ROSKOGO_MarBloR3_Ha_210621_211013_MF500_1,Batch3.1,18S rRNA (V1-V2),DBN_AAEK,DBP_AACT,"68,3",108,"7376,4",DBQ_AADL,DBQ_AADLOSTA_1_HW5CMDRX3.UDI027-BID11,DBQ_AADLOSTA_1_1_HW5CMDRX3.UDI027-BID11_clean.fastq.gz,DBQ_AADLOSTA_1_2_HW5CMDRX3.UDI027-BID11_clean.fastq.gz,not reported by Genoscope,CEB_DER,CEB_DES,3214253,,ARMS organisms sample from station ROSKOGO,240313_JARVIS_HW5CMDRX3
EMOBON00678,Roscoff_MarBlo_S3_210621-211013_SFA,ARMS_Roscoff_MarBloR3_20210621_20211013_SFA_s1_r1,EMOBON_ROSKOGO_MarBloR3_Ha_210621_211013_SFA_1,Batch3.1,18S rRNA (V1-V2),DBN_AAEL,DBP_AAII,"3,746",90,"337,2",DBQ_AAUJ,DBQ_AAUJOSTA_2_H5FGYDRX5.UDI304-BID09,DBQ_AAUJOSTA_2_1_H5FGYDRX5.UDI304-BID09_clean.fastq.gz,DBQ_AAUJOSTA_2_2_H5FGYDRX5.UDI304-BID09_clean.fastq.gz,not reported by Genoscope,CEB_DFR,CEB_DFS,256708,Sequencing will be repeated,ARMS organisms sample from station ROSKOGO,240411_JARVIS_H5FGYDRX5
EMOBON00678,Roscoff_MarBlo_S3_210621-211013_SFA,ARMS_Roscoff_MarBloR3_20210621_20211013_SFA_s1_r1,EMOBON_ROSKOGO_MarBloR3_Ha_210621_211013_SFA_1,Batch3.1,18S rRNA (V1-V2),DBN_AAEL,DBP_AAII,"3,746",90,"337,2",DBQ_AAUJ,DBQ_AAUJOSTA_1_H55TTDRX5.UDI013-BID09,DBQ_AAUJOSTA_1_1_H55TTDRX5.UDI013-BID09_clean.fastq.gz,DBQ_AAUJOSTA_1_2_H55TTDRX5.UDI013-BID09_clean.fastq.gz,not reported by Genoscope,CEB_DFR,CEB_DFS,3330186,Repeated sequencing,ARMS organisms sample from station ROSKOGO,240619_JARVIS_H55TTDRX5
EMOBON00679,Roscoff_BasBlo_S1_20210519-20220509_MF100,ARMS_Roscoff_BasBloS1_20210519_20220509_MF100_s1_r1,EMOBON_ROSKOGO_BasBloS1_Ha_210519_220509_MF100_1,Batch3.1,18S rRNA (V1-V2),DBN_AAEM,DBP_AACM,"17,4",108,"1879,2",DBQ_AADE,DBQ_AADEOSTA_1_HW5CMDRX3.UDI015-BID09,DBQ_AADEOSTA_1_1_HW5CMDRX3.UDI015-BID09_clean.fastq.gz,DBQ_AADEOSTA_1_2_HW5CMDRX3.UDI015-BID09_clean.fastq.gz,not reported by Genoscope,CEB_DER,CEB_DES,1954723,,ARMS organisms sample from station ROSKOGO,240313_JARVIS_HW5CMDRX3
EMOBON00680,Roscoff_BasBlo_S1_20210519-20220509_MF500,ARMS_Roscoff_BasBloS1_20210519_20220509_MF500_s1_r1,EMOBON_ROSKOGO_BasBloS1_Ha_210519_220509_MF500_1,Batch3.1,18S rRNA (V1-V2),DBN_AAEN,DBP_AACN,"49,95",108,"5394,6",DBQ_AADF,DBQ_AADFOSTA_1_HW5CMDRX3.UDI039-BID09,DBQ_AADFOSTA_1_1_HW5CMDRX3.UDI039-BID09_clean.fastq.gz,DBQ_AADFOSTA_1_2_HW5CMDRX3.UDI039-BID09_clean.fastq.gz,not reported by Genoscope,CEB_DER,CEB_DES,1882803,,ARMS organisms sample from station ROSKOGO,240313_JARVIS_HW5CMDRX3
EMOBON00681,Roscoff_BasBlo_S1_20210519-20220509_SFA,ARMS_Roscoff_BasBloS1_20210519_20220509_SFA_s1_r1,EMOBON_ROSKOGO_BasBloS1_Ha_210519_220509_SFA_1,Batch3.1,18S rRNA (V1-V2),DBN_AAEO,DBP_AACO,898,108,97,DBQ_AADG,DBQ_AADGOSTA_1_HW5CMDRX3.UDI051-BID09,DBQ_AADGOSTA_1_1_HW5CMDRX3.UDI051-BID09_clean.fastq.gz,DBQ_AADGOSTA_1_2_HW5CMDRX3.UDI051-BID09_clean.fastq.gz,not reported by Genoscope,CEB_DER,CEB_DES,1160306,,ARMS organisms sample from station ROSKOGO,240313_JARVIS_HW5CMDRX3
EMOBON00682,Roscoff_BasBlo_S2_20210519-20220512_MF100,ARMS_Roscoff_BasBloS2_20210519_20220512_MF100_s1_r1,EMOBON_ROSKOGO_BasBloS2_Ha_210519_220512_MF100_1,Batch3.1,18S rRNA (V1-V2),DBN_AAEP,DBP_AACP,"24,5",108,2646,DBQ_AADH,DBQ_AADHOSTA_1_HW5CMDRX3.UDI063-BID09,DBQ_AADHOSTA_1_1_HW5CMDRX3.UDI063-BID09_clean.fastq.gz,DBQ_AADHOSTA_1_2_HW5CMDRX3.UDI063-BID09_clean.fastq.gz,not reported by Genoscope,CEB_DER,CEB_DES,1693438,,ARMS organisms sample from station ROSKOGO,240313_JARVIS_HW5CMDRX3
EMOBON00683,Roscoff_BasBlo_S2_20210519-20220512_MF500,ARMS_Roscoff_BasBloS2_20210519_20220512_MF500_s1_r1,EMOBON_ROSKOGO_BasBloS2_Ha_210519_220512_MF500_1,Batch3.1,18S rRNA (V1-V2),DBN_AAEQ,DBP_AACU,"6,97",108,"752,8",DBQ_AADM,DBQ_AADMOSTA_1_HW5CMDRX3.UDI015-BID11,DBQ_AADMOSTA_1_1_HW5CMDRX3.UDI015-BID11_clean.fastq.gz,DBQ_AADMOSTA_1_2_HW5CMDRX3.UDI015-BID11_clean.fastq.gz,not reported by Genoscope,CEB_DER,CEB_DES,3653313,,ARMS organisms sample from station ROSKOGO,240313_JARVIS_HW5CMDRX3
EMOBON00684,Roscoff_BasBlo_S2_20210519-20220512_SFA,ARMS_Roscoff_BasBloS2_20210519_20220512_SFA_s1_r1,EMOBON_ROSKOGO_BasBloS2_Ha_210519_220512_SFA_1,Batch3.1,18S rRNA (V1-V2),DBN_AAER,DBP_AACV,"2,04",108,"220,3",DBQ_AADN,DBQ_AADNOSTA_1_HW5CMDRX3.UDI039-BID11,DBQ_AADNOSTA_1_1_HW5CMDRX3.UDI039-BID11_clean.fastq.gz,DBQ_AADNOSTA_1_2_HW5CMDRX3.UDI039-BID11_clean.fastq.gz,not reported by Genoscope,CEB_DER,CEB_DES,4242061,,ARMS organisms sample from station ROSKOGO,240313_JARVIS_HW5CMDRX3
EMOBON00685,Roscoff_BasBlo_S3_20210519-20220512_MF100,ARMS_Roscoff_BasBloS3_20210519_20220512_MF100_s1_r1,EMOBON_ROSKOGO_BasBloS3_Ha_210519_220512_MF100_1,Batch3.1,18S rRNA (V1-V2),DBN_AAES,DBP_AACW,"30,2",108,"3261,6",DBQ_AADO,DBQ_AADOOSTA_1_HW5CMDRX3.UDI051-BID11,DBQ_AADOOSTA_1_1_HW5CMDRX3.UDI051-BID11_clean.fastq.gz,DBQ_AADOOSTA_1_2_HW5CMDRX3.UDI051-BID11_clean.fastq.gz,not reported by Genoscope,CEB_DER,CEB_DES,2850803,,ARMS organisms sample from station ROSKOGO,240313_JARVIS_HW5CMDRX3
EMOBON00687,Roscoff_BasBlo_S3_20210519-20220512_SFA,ARMS_Roscoff_BasBloS3_20210519_20220512_SFA_s1_r1,EMOBON_ROSKOGO_BasBloS3_Ha_210519_220512_SFA_1,Batch3.1,18S rRNA (V1-V2),DBN_AAEU,DBP_AACY,864,108,"93,3",DBQ_AADQ,DBQ_AADQOSTA_1_HW5CMDRX3.UDI075-BID11,DBQ_AADQOSTA_1_1_HW5CMDRX3.UDI075-BID11_clean.fastq.gz,DBQ_AADQOSTA_1_2_HW5CMDRX3.UDI075-BID11_clean.fastq.gz,not reported by Genoscope,CEB_DER,CEB_DES,3441117,,ARMS organisms sample from station ROSKOGO,240313_JARVIS_HW5CMDRX3
EMOBON00688,Roscoff_MarBlo_S1_220607-220907_MF500,ARMS_Roscoff_MarBloR1_20220607_20220907_MF500_s1_r1,EMOBON_ROSKOGO_MarBloR1_Ha_220607_220907_MF500_1,Batch3.1,18S rRNA (V1-V2),DBN_AAEV,DBP_AACZ,"69,25",108,7479,DBQ_AADR,DBQ_AADROSTA_1_HW5CMDRX3.UDI087-BID11,DBQ_AADROSTA_1_1_HW5CMDRX3.UDI087-BID11_clean.fastq.gz,DBQ_AADROSTA_1_2_HW5CMDRX3.UDI087-BID11_clean.fastq.gz,not reported by Genoscope,CEB_DER,CEB_DES,2352743,,ARMS organisms sample from station ROSKOGO,240313_JARVIS_HW5CMDRX3
EMOBON00689,Roscoff_MarBlo_S1_220607-220907_SFA,ARMS_Roscoff_MarBloR1_20220607_20220907_SFA_s1_r1,EMOBON_ROSKOGO_MarBloR1_Ha_220607_220907_SFA_1,Batch3.1,18S rRNA (V1-V2),DBN_AAEW,DBP_AADA,"9,05",108,"977,4",DBQ_AADS,DBQ_AADSOSTA_1_HW5CMDRX3.UDI086-BID13,DBQ_AADSOSTA_1_1_HW5CMDRX3.UDI086-BID13_clean.fastq.gz,DBQ_AADSOSTA_1_2_HW5CMDRX3.UDI086-BID13_clean.fastq.gz,not reported by Genoscope,CEB_DER,CEB_DES,5439725,,ARMS organisms sample from station ROSKOGO,240313_JARVIS_HW5CMDRX3
EMOBON00690,Roscoff_MarBlo_S2_220607-220907_MF100,ARMS_Roscoff_MarBloR2_20220607_20220907_MF100_s1_r1,EMOBON_ROSKOGO_MarBloR2_Ha_220607_220907_MF100_1,Batch3.1,18S rRNA (V1-V2),DBN_AAEX,DBP_AADB,"24,4",108,"2635,2",DBQ_AADT,DBQ_AADTOSTA_1_HW5CMDRX3.UDI027-BID13,DBQ_AADTOSTA_1_1_HW5CMDRX3.UDI027-BID13_clean.fastq.gz,DBQ_AADTOSTA_1_2_HW5CMDRX3.UDI027-BID13_clean.fastq.gz,not reported by Genoscope,CEB_DER,CEB_DES,6486253,,ARMS organisms sample from station ROSKOGO,240313_JARVIS_HW5CMDRX3
EMOBON00691,Roscoff_MarBlo_S2_220607-220907_MF500,ARMS_Roscoff_MarBloR2_20220607_20220907_MF500_s1_r1,EMOBON_ROSKOGO_MarBloR2_Ha_220607_220907_MF500_1,Batch3.1,18S rRNA (V1-V2),DBN_AAEY,DBP_AADC,"54,15",108,"5848,2",DBQ_AADU,DBQ_AADUOSTA_1_HW5CMDRX3.UDI015-BID13,DBQ_AADUOSTA_1_1_HW5CMDRX3.UDI015-BID13_clean.fastq.gz,DBQ_AADUOSTA_1_2_HW5CMDRX3.UDI015-BID13_clean.fastq.gz,not reported by Genoscope,CEB_DER,CEB_DES,7267771,,ARMS organisms sample from station ROSKOGO,240313_JARVIS_HW5CMDRX3
EMOBON00692,Roscoff_MarBlo_S2_220607-220907_SFA,ARMS_Roscoff_MarBloR2_20220607_20220907_SFA_s1_r1,EMOBON_ROSKOGO_MarBloR2_Ha_220607_220907_SFA_1,Batch3.1,18S rRNA (V1-V2),DBN_AAEZ,DBP_AADD,812,108,"87,7",DBQ_AAIU,DBQ_AAIUOSTA_1_HW5CMDRX3.UDI003-BID13,DBQ_AAIUOSTA_1_1_HW5CMDRX3.UDI003-BID13_clean.fastq.gz,DBQ_AAIUOSTA_1_2_HW5CMDRX3.UDI003-BID13_clean.fastq.gz,not reported by Genoscope,CEB_DEX,CEB_DEY,8488324,,ARMS organisms sample from station ROSKOGO,240313_JARVIS_HW5CMDRX3
EMOBON00693,Roscoff_MarBlo_S3_220607-220907_MF100,ARMS_Roscoff_MarBloR3_20220607_20220907_MF100_s1_r1,EMOBON_ROSKOGO_MarBloR3_Ha_220607_220907_MF100_1,Batch3.1,18S rRNA (V1-V2),DBN_AAFA,DBP_AADE,"14,45",108,"1560,6",DBQ_AADW,DBQ_AADWOSTA_1_HW5CMDRX3.UDI051-BID13,DBQ_AADWOSTA_1_1_HW5CMDRX3.UDI051-BID13_clean.fastq.gz,DBQ_AADWOSTA_1_2_HW5CMDRX3.UDI051-BID13_clean.fastq.gz,not reported by Genoscope,CEB_DER,CEB_DES,5086560,,ARMS organisms sample from station ROSKOGO,240313_JARVIS_HW5CMDRX3
EMOBON00694,Roscoff_MarBlo_S3_220607-220907_MF500,ARMS_Roscoff_MarBloR3_20220607_20220907_MF500_s1_r1,EMOBON_ROSKOGO_MarBloR3_Ha_220607_220907_MF500_1,Batch3.1,18S rRNA (V1-V2),DBN_AAFB,DBP_AADF,"87,2",108,"9417,6",DBQ_AADX,DBQ_AADXOSTA_1_HW5CMDRX3.UDI039-BID13,DBQ_AADXOSTA_1_1_HW5CMDRX3.UDI039-BID13_clean.fastq.gz,DBQ_AADXOSTA_1_2_HW5CMDRX3.UDI039-BID13_clean.fastq.gz,not reported by Genoscope,CEB_DER,CEB_DES,6489891,,ARMS organisms sample from station ROSKOGO,240313_JARVIS_HW5CMDRX3
EMOBON00695,Roscoff_MarBlo_S3_220607-220907_SFA,ARMS_Roscoff_MarBloR3_20220607_20220907_SFA_s1_r1,EMOBON_ROSKOGO_MarBloR3_Ha_220607_220907_SFA_1,Batch3.1,18S rRNA (V1-V2),DBN_AAFC,DBP_AAIJ,"1,44",90,"129,6",DBQ_AAUK,DBQ_AAUKOSTA_2_H5FGYDRX5.UDI316-BID09,DBQ_AAUKOSTA_2_1_H5FGYDRX5.UDI316-BID09_clean.fastq.gz,DBQ_AAUKOSTA_2_2_H5FGYDRX5.UDI316-BID09_clean.fastq.gz,not reported by Genoscope,CEB_DFR,CEB_DFS,693835,Sequencing will be repeated,ARMS organisms sample from station ROSKOGO,240411_JARVIS_H5FGYDRX5
EMOBON00695,Roscoff_MarBlo_S3_220607-220907_SFA,ARMS_Roscoff_MarBloR3_20220607_20220907_SFA_s1_r1,EMOBON_ROSKOGO_MarBloR3_Ha_220607_220907_SFA_1,Batch3.1,18S rRNA (V1-V2),DBN_AAFC,DBP_AAIJ,"1,44",90,"129,6",DBQ_AAUK,DBQ_AAUKOSTA_1_H55TTDRX5.UDI073-BID09,DBQ_AAUKOSTA_1_1_H55TTDRX5.UDI073-BID09_clean.fastq.gz,DBQ_AAUKOSTA_1_2_H55TTDRX5.UDI073-BID09_clean.fastq.gz,not reported by Genoscope,CEB_DFR,CEB_DFS,5020170,Repeated sequencing,ARMS organisms sample from station ROSKOGO,240619_JARVIS_H55TTDRX5
EMOBON00696,EMO BON PiEGetxo Ha 210729-211124 MF 05 1.1,ARMS_Getxo_G1_20210729_20211124_MF500_s1_r1,EMOBON_PiEGetxo_G1_Ha_210729_211124_MF500_1,Batch3.1,18S rRNA (V1-V2),DBN_AAFD,DBP_AAIK,"30,581",90,"2752,3",DBQ_AAUL,DBQ_AAULOSTA_2_H5FGYDRX5.UDI328-BID09,DBQ_AAULOSTA_2_1_H5FGYDRX5.UDI328-BID09_clean.fastq.gz,DBQ_AAULOSTA_2_2_H5FGYDRX5.UDI328-BID09_clean.fastq.gz,not reported by Genoscope,CEB_DFR,CEB_DFS,4839224,,ARMS organisms sample from station PiEGetxo,240411_JARVIS_H5FGYDRX5
EMOBON00697,EMO BON PiEGetxo Ha 210729-211124 MF 01 1.1,ARMS_Getxo_G1_20210729_20211124_MF100_s1_r1,EMOBON_PiEGetxo_G1_Ha_210729_211124_MF100_1,Batch3.1,18S rRNA (V1-V2),DBN_AAFE,DBP_AAIL,"4,23",90,"380,7",DBQ_AAUM,DBQ_AAUMOSTA_2_H5FGYDRX5.UDI351-BID09,DBQ_AAUMOSTA_2_1_H5FGYDRX5.UDI351-BID09_clean.fastq.gz,DBQ_AAUMOSTA_2_2_H5FGYDRX5.UDI351-BID09_clean.fastq.gz,not reported by Genoscope,CEB_DFR,CEB_DFS,4816337,,ARMS organisms sample from station PiEGetxo,240411_JARVIS_H5FGYDRX5
EMOBON00698,EMO BON PiEGetxo Ha 210729-211124 SF 1.1,ARMS_Getxo_G1_20210729_20211124_SF_s1_r1,EMOBON_PiEGetxo_G1_Ha_210729_211124_SF_1,Batch3.1,18S rRNA (V1-V2),DBN_AAFF,DBP_AADG,"10,45",98,"1024,1",DBQ_AADY,DBQ_AADYOSTA_1_HW5CMDRX3.UDI075-BID13,DBQ_AADYOSTA_1_1_HW5CMDRX3.UDI075-BID13_clean.fastq.gz,DBQ_AADYOSTA_1_2_HW5CMDRX3.UDI075-BID13_clean.fastq.gz,not reported by Genoscope,CEB_DER,CEB_DES,3261129,,ARMS organisms sample from station PiEGetxo,240313_JARVIS_HW5CMDRX3
EMOBON00699,EMO BON PiEGetxo Ha 210729-211124 MF 05 1.2,ARMS_Getxo_G1_20210729_20211124_MF500_s2_r1,EMOBON_PiEGetxo_G1_Ha_210729_211124_MF500_2,Batch3.1,18S rRNA (V1-V2),DBN_AAFG,DBP_AADH,22,98,2156,DBQ_AADZ,DBQ_AADZOSTA_1_HW5CMDRX3.UDI087-BID13,DBQ_AADZOSTA_1_1_HW5CMDRX3.UDI087-BID13_clean.fastq.gz,DBQ_AADZOSTA_1_2_HW5CMDRX3.UDI087-BID13_clean.fastq.gz,not reported by Genoscope,CEB_DER,CEB_DES,3765850,,ARMS organisms sample from station PiEGetxo,240313_JARVIS_HW5CMDRX3
EMOBON00700,EMO BON PiEGetxo Ha 210729-211124 MF 01 1.2,ARMS_Getxo_G1_20210729_20211124_MF100_s2_r1,EMOBON_PiEGetxo_G1_Ha_210729_211124_MF100_2,Batch3.1,18S rRNA (V1-V2),DBN_AAFH,DBP_AAIM,"18,239",90,"1641,5",DBQ_AAUN,DBQ_AAUNOSTA_1_H3L7NDRX5.UDI339-BID09,DBQ_AAUNOSTA_1_1_H3L7NDRX5.UDI339-BID09_clean.fastq.gz,DBQ_AAUNOSTA_1_2_H3L7NDRX5.UDI339-BID09_clean.fastq.gz,not reported by Genoscope,CEB_DFR,CEB_DFS,1259079,,ARMS organisms sample from station PiEGetxo,240409_JARVIS_H3L7NDRX5
EMOBON00701,EMO BON PiEGetxo Ha 210729-211124 SF 1.2,ARMS_Getxo_G1_20210729_20211124_SF_s2_r1,EMOBON_PiEGetxo_G1_Ha_210729_211124_SF_2,Batch3.1,18S rRNA (V1-V2),DBN_AAFI,DBP_AADI,"8,57",98,"839,9",DBQ_AAEA,DBQ_AAEAOSTA_1_HW5CMDRX3.UDI086-BID15,DBQ_AAEAOSTA_1_1_HW5CMDRX3.UDI086-BID15_clean.fastq.gz,DBQ_AAEAOSTA_1_2_HW5CMDRX3.UDI086-BID15_clean.fastq.gz,not reported by Genoscope,CEB_DER,CEB_DES,1245424,,ARMS organisms sample from station PiEGetxo,240313_JARVIS_HW5CMDRX3
EMOBON00702,EMO BON PiEGetxo Ha 210729-211124 MF 0.5 2.1,ARMS_Getxo_G2_20210729_20211124_MF500_s1_r1,EMOBON_PiEGetxo_G2_Ha_210729_211124_MF500_1,Batch3.1,18S rRNA (V1-V2),DBN_AAFJ,DBP_AAIN,"19,355",90,1742,DBQ_AAUO,DBQ_AAUOOSTA_2_H5FGYDRX5.UDI351-BID11,DBQ_AAUOOSTA_2_1_H5FGYDRX5.UDI351-BID11_clean.fastq.gz,DBQ_AAUOOSTA_2_2_H5FGYDRX5.UDI351-BID11_clean.fastq.gz,not reported by Genoscope,CEB_DFR,CEB_DFS,2517302,,ARMS organisms sample from station PiEGetxo,240411_JARVIS_H5FGYDRX5
EMOBON00703,EMO BON PiEGetxo Ha 210729-211124 MF 01 2.1,ARMS_Getxo_G2_20210729_20211124_MF100_s1_r1,EMOBON_PiEGetxo_G2_Ha_210729_211124_MF100_1,Batch3.1,18S rRNA (V1-V2),DBN_AAFK,DBP_AADK,"13,65",98,"1337,7",DBQ_AAEC,DBQ_AAECOSTA_1_HW5CMDRX3.UDI015-BID15,DBQ_AAECOSTA_1_1_HW5CMDRX3.UDI015-BID15_clean.fastq.gz,DBQ_AAECOSTA_1_2_HW5CMDRX3.UDI015-BID15_clean.fastq.gz,not reported by Genoscope,CEB_DER,CEB_DES,2324778,,ARMS organisms sample from station PiEGetxo,240313_JARVIS_HW5CMDRX3
EMOBON00704,EMO BON PiEGetxo Ha 210729-211124 SF 2.1,ARMS_Getxo_G2_20210729_20211124_SF_s1_r1,EMOBON_PiEGetxo_G2_Ha_210729_211124_SF_1,Batch3.1,18S rRNA (V1-V2),DBN_AAFL,DBP_AADL,666,98,"65,3",DBQ_AAED,DBQ_AAEDOSTA_1_HW5CMDRX3.UDI039-BID15,DBQ_AAEDOSTA_1_1_HW5CMDRX3.UDI039-BID15_clean.fastq.gz,DBQ_AAEDOSTA_1_2_HW5CMDRX3.UDI039-BID15_clean.fastq.gz,not reported by Genoscope,CEB_DER,CEB_DES,2184249,,ARMS organisms sample from station PiEGetxo,240313_JARVIS_HW5CMDRX3
EMOBON00705,EMO BON PiEGetxo Ha 210729-211124 MF 0.5 2.2,ARMS_Getxo_G2_20210729_20211124_MF500_s2_r1,EMOBON_PiEGetxo_G2_Ha_210729_211124_MF500_2,Batch3.1,18S rRNA (V1-V2),DBN_AAFM,DBP_AADM,"3,67",98,"359,7",DBQ_AAEE,DBQ_AAEEOSTA_1_HW5CMDRX3.UDI051-BID15,DBQ_AAEEOSTA_1_1_HW5CMDRX3.UDI051-BID15_clean.fastq.gz,DBQ_AAEEOSTA_1_2_HW5CMDRX3.UDI051-BID15_clean.fastq.gz,not reported by Genoscope,CEB_DER,CEB_DES,1919045,,ARMS organisms sample from station PiEGetxo,240313_JARVIS_HW5CMDRX3
EMOBON00706,EMO BON PiEGetxo Ha 210729-211124 MF 01 2.2,ARMS_Getxo_G2_20210729_20211124_MF100_s2_r1,EMOBON_PiEGetxo_G2_Ha_210729_211124_MF100_2,Batch3.1,18S rRNA (V1-V2),DBN_AAFN,DBP_AADN,"17,95",98,"1759,1",DBQ_AAEF,DBQ_AAEFOSTA_1_HW5CMDRX3.UDI063-BID15,DBQ_AAEFOSTA_1_1_HW5CMDRX3.UDI063-BID15_clean.fastq.gz,DBQ_AAEFOSTA_1_2_HW5CMDRX3.UDI063-BID15_clean.fastq.gz,not reported by Genoscope,CEB_DER,CEB_DES,2403991,,ARMS organisms sample from station PiEGetxo,240313_JARVIS_HW5CMDRX3
EMOBON00707,EMO BON PiEGetxo Ha 210729-211124 SF 2.2,ARMS_Getxo_G2_20210729_20211124_SF_s2_r1,EMOBON_PiEGetxo_G2_Ha_210729_211124_SF_2,Batch3.1,18S rRNA (V1-V2),DBN_AAFO,DBP_AADJ,"1,585",98,"155,3",DBQ_AAEB,DBQ_AAEBOSTA_1_HW5CMDRX3.UDI027-BID15,DBQ_AAEBOSTA_1_1_HW5CMDRX3.UDI027-BID15_clean.fastq.gz,DBQ_AAEBOSTA_1_2_HW5CMDRX3.UDI027-BID15_clean.fastq.gz,not reported by Genoscope,CEB_DER,CEB_DES,2251325,,ARMS organisms sample from station PiEGetxo,240313_JARVIS_HW5CMDRX3
EMOBON00713,ARMS6_Crete_1HERP_20200903_20210626 SF(1),ARMS_Crete_1HERP_20200903_20210626_SF_s1_r1,EMOBON_HCMR-1_1HERP_Ha_200903_210626_SF_1,Batch3.1,18S rRNA (V1-V2),DBN_AAFQ,DBP_AADO,"7,43",98,"728,1",DBQ_AAEG,DBQ_AAEGOSTA_1_HW5CMDRX3.UDI075-BID15,DBQ_AAEGOSTA_1_1_HW5CMDRX3.UDI075-BID15_clean.fastq.gz,DBQ_AAEGOSTA_1_2_HW5CMDRX3.UDI075-BID15_clean.fastq.gz,not reported by Genoscope,CEB_DER,CEB_DES,1881116,,ARMS organisms sample from station HCMR1,240313_JARVIS_HW5CMDRX3
EMOBON00715,ARMS6_Crete_1HERP_20200903_20210626 MF 500um,ARMS_Crete_1HERP_20200903_20210626_MF500_s1_r1,EMOBON_HCMR-1_1HERP_Ha_200903_210626_MF500_1,Batch3.1,18S rRNA (V1-V2),DBN_AAFS,DBP_AADQ,"5,06",98,"495,9",DBQ_AAEI,DBQ_AAEIOSTA_1_HW5CMDRX3.UDI086-BID16,DBQ_AAEIOSTA_1_1_HW5CMDRX3.UDI086-BID16_clean.fastq.gz,DBQ_AAEIOSTA_1_2_HW5CMDRX3.UDI086-BID16_clean.fastq.gz,not reported by Genoscope,CEB_DER,CEB_DES,2903473,,ARMS organisms sample from station HCMR1,240313_JARVIS_HW5CMDRX3
EMOBON00716,ARMS6_Crete_1HERP_20200903_20210626 MF 90um,ARMS_Crete_1HERP_20200903_20210626_MF90_s1_r1,EMOBON_HCMR-1_1HERP_Ha_200903_210626_MF90_1,Batch3.1,18S rRNA (V1-V2),DBN_AAFT,DBP_AADR,7,98,686,DBQ_AAEJ,DBQ_AAEJOSTA_1_HW5CMDRX3.UDI027-BID16,DBQ_AAEJOSTA_1_1_HW5CMDRX3.UDI027-BID16_clean.fastq.gz,DBQ_AAEJOSTA_1_2_HW5CMDRX3.UDI027-BID16_clean.fastq.gz,not reported by Genoscope,CEB_DER,CEB_DES,3949706,,ARMS organisms sample from station HCMR1,240313_JARVIS_HW5CMDRX3
EMOBON00717,ARMS7_Crete_1HERP_20200903_20211012 SF(1) > 2mm,ARMS_Crete_1HERP_20200903_20211012_SF_s1_r1,EMOBON_HCMR-1_1HERP_Ha_200903_211012_SF_1,Batch3.1,18S rRNA (V1-V2),DBN_AAFU,DBP_AADS,367,98,36,DBQ_AAIW,DBQ_AAIWOSTA_1_HW5CMDRX3.UDI003-BID16,DBQ_AAIWOSTA_1_1_HW5CMDRX3.UDI003-BID16_clean.fastq.gz,DBQ_AAIWOSTA_1_2_HW5CMDRX3.UDI003-BID16_clean.fastq.gz,not reported by Genoscope,CEB_DEX,CEB_DEY,3239121,,ARMS organisms sample from station HCMR1,240313_JARVIS_HW5CMDRX3
EMOBON00720,ARMS7_Crete_1HERP_20200903_20211012 MF 90um,ARMS_Crete_1HERP_20200903_20211012_MF90_s1_r1,EMOBON_HCMR-1_1HERP_Ha_200903_211012_MF90_1,Batch3.1,18S rRNA (V1-V2),DBN_AAFX,DBP_AADV,"20,9",98,"2048,2",DBQ_AAEN,DBQ_AAENOSTA_1_HW5CMDRX3.UDI063-BID16,DBQ_AAENOSTA_1_1_HW5CMDRX3.UDI063-BID16_clean.fastq.gz,DBQ_AAENOSTA_1_2_HW5CMDRX3.UDI063-BID16_clean.fastq.gz,not reported by Genoscope,CEB_DER,CEB_DES,4990418,,ARMS organisms sample from station HCMR1,240313_JARVIS_HW5CMDRX3
EMOBON00721,ARMS_Crete_2UBPC_20201120_20220901 SF(1),ARMS_Crete_2UBPC_20201120_20220901_SF_s1_r1,EMOBON_HCMR-1_2UBPC_Ha_201120_220901_SF_1,Batch3.1,18S rRNA (V1-V2),DBN_AAFY,DBP_AADW,"2,37",98,"232,3",DBQ_AAEO,DBQ_AAEOOSTA_1_HW5CMDRX3.UDI075-BID16,DBQ_AAEOOSTA_1_1_HW5CMDRX3.UDI075-BID16_clean.fastq.gz,DBQ_AAEOOSTA_1_2_HW5CMDRX3.UDI075-BID16_clean.fastq.gz,not reported by Genoscope,CEB_DER,CEB_DES,2772392,,ARMS organisms sample from station HCMR1,240313_JARVIS_HW5CMDRX3
EMOBON00722,ARMS_Crete_2UBPC_20201120_20220901 SF(2),ARMS_Crete_2UBPC_20201120_20220901_SF_s2_r1,EMOBON_HCMR-1_2UBPC_Ha_201120_220901_SF_2,Batch3.1,18S rRNA (V1-V2),DBN_AAFZ,DBP_AADX,"4,6",98,"450,8",DBQ_AAEP,DBQ_AAEPOSTA_1_HW5CMDRX3.UDI087-BID16,DBQ_AAEPOSTA_1_1_HW5CMDRX3.UDI087-BID16_clean.fastq.gz,DBQ_AAEPOSTA_1_2_HW5CMDRX3.UDI087-BID16_clean.fastq.gz,not reported by Genoscope,CEB_DER,CEB_DES,2650537,,ARMS organisms sample from station HCMR1,240313_JARVIS_HW5CMDRX3
EMOBON00723,ARMS_Crete_2UBPC_20201120_20220901 MF 500um,ARMS_Crete_2UBPC_20201120_20220901_MF500_s1_r1,EMOBON_HCMR-1_2UBPC_Ha_201120_220901_MF500_1,Batch3.1,18S rRNA (V1-V2),DBN_AAGA,DBP_AADY,"2,15",98,"210,7",DBQ_AAEQ,DBQ_AAEQOSTA_1_HW5CMDRX3.UDI086-BID17,DBQ_AAEQOSTA_1_1_HW5CMDRX3.UDI086-BID17_clean.fastq.gz,DBQ_AAEQOSTA_1_2_HW5CMDRX3.UDI086-BID17_clean.fastq.gz,not reported by Genoscope,CEB_DER,CEB_DES,2199789,,ARMS organisms sample from station HCMR1,240313_JARVIS_HW5CMDRX3
EMOBON00724,ARMS_Crete_2UBPC_20201120_20220901 MF 90um,ARMS_Crete_2UBPC_20201120_20220901_MF90_s1_r1,EMOBON_HCMR-1_2UBPC_Ha_201120_220901_MF90_1,Batch3.1,18S rRNA (V1-V2),DBN_AAGB,DBP_AADZ,"2,6",98,"254,8",DBQ_AAER,DBQ_AAEROSTA_1_HW5CMDRX3.UDI027-BID17,DBQ_AAEROSTA_1_1_HW5CMDRX3.UDI027-BID17_clean.fastq.gz,DBQ_AAEROSTA_1_2_HW5CMDRX3.UDI027-BID17_clean.fastq.gz,not reported by Genoscope,CEB_DER,CEB_DES,6037490,,ARMS organisms sample from station HCMR1,240313_JARVIS_HW5CMDRX3
EMOBON00725,EMOBON_Koster_VH1_Ha_210608_220608_SF40_(1),ARMS_Koster_VH1_20210608_20220608_SF40_s1_r1,EMOBON_Koster_VH1_Ha_210608_220608_SF40_1,Batch3.1,18S rRNA (V1-V2),DBN_AAGC,DBP_AAEA,"3,98",98,390,DBQ_AAES,DBQ_AAESOSTA_1_HW5CMDRX3.UDI015-BID17,DBQ_AAESOSTA_1_1_HW5CMDRX3.UDI015-BID17_clean.fastq.gz,DBQ_AAESOSTA_1_2_HW5CMDRX3.UDI015-BID17_clean.fastq.gz,not reported by Genoscope,CEB_DER,CEB_DES,4996062,,ARMS organisms sample from station Koster,240313_JARVIS_HW5CMDRX3
EMOBON00726,EMOBON_Koster_VH1_Ha_210608_220608_SF40_(2),ARMS_Koster_VH1_20210608_20220608_SF40_s2_r1,EMOBON_Koster_VH1_Ha_210608_220608_SF40_2,Batch3.1,18S rRNA (V1-V2),DBN_AAGD,DBP_AAEB,"3,13",98,"306,7",DBQ_AAET,DBQ_AAETOSTA_1_HW5CMDRX3.UDI039-BID17,DBQ_AAETOSTA_1_1_HW5CMDRX3.UDI039-BID17_clean.fastq.gz,DBQ_AAETOSTA_1_2_HW5CMDRX3.UDI039-BID17_clean.fastq.gz,not reported by Genoscope,CEB_DER,CEB_DES,4301036,,ARMS organisms sample from station Koster,240313_JARVIS_HW5CMDRX3
EMOBON00727,EMOBON_Koster_VH1_Ha_210608_220608_MF100_(1),ARMS_Koster_VH1_20210608_20220608_MF100_s1_r1,EMOBON_Koster_VH1_Ha_210608_220608_MF100_1,Batch3.1,18S rRNA (V1-V2),DBN_AAGE,DBP_AAEC,"45,5",98,4459,DBQ_AAEU,DBQ_AAEUOSTA_1_HW5CMDRX3.UDI051-BID17,DBQ_AAEUOSTA_1_1_HW5CMDRX3.UDI051-BID17_clean.fastq.gz,DBQ_AAEUOSTA_1_2_HW5CMDRX3.UDI051-BID17_clean.fastq.gz,not reported by Genoscope,CEB_DER,CEB_DES,5081733,,ARMS organisms sample from station Koster,240313_JARVIS_HW5CMDRX3
EMOBON00728,EMOBON_Koster_VH1_Ha_210608_220608_MF100_(2),ARMS_Koster_VH1_20210608_20220608_MF100_s2_r1,EMOBON_Koster_VH1_Ha_210608_220608_MF100_2,Batch3.1,18S rRNA (V1-V2),DBN_AAGF,DBP_AAED,"45,75",98,"4483,5",DBQ_AAEV,DBQ_AAEVOSTA_1_HW5CMDRX3.UDI063-BID17,DBQ_AAEVOSTA_1_1_HW5CMDRX3.UDI063-BID17_clean.fastq.gz,DBQ_AAEVOSTA_1_2_HW5CMDRX3.UDI063-BID17_clean.fastq.gz,not reported by Genoscope,CEB_DER,CEB_DES,6811398,,ARMS organisms sample from station Koster,240313_JARVIS_HW5CMDRX3
EMOBON00730,EMOBON_Koster_VH1_Ha_210608_220608_MF500_(2),ARMS_Koster_VH1_20210608_20220608_MF500_s2_r1,EMOBON_Koster_VH1_Ha_210608_220608_MF500_2,Batch3.1,18S rRNA (V1-V2),DBN_AAGH,DBP_AAEF,"28,4",98,"2783,2",DBQ_AAEX,DBQ_AAEXOSTA_1_HW5CMDRX3.UDI087-BID17,DBQ_AAEXOSTA_1_1_HW5CMDRX3.UDI087-BID17_clean.fastq.gz,DBQ_AAEXOSTA_1_2_HW5CMDRX3.UDI087-BID17_clean.fastq.gz,not reported by Genoscope,CEB_DER,CEB_DES,3082658,,ARMS organisms sample from station Koster,240313_JARVIS_HW5CMDRX3
EMOBON00731,EMOBON_Koster_VH1_Ha_210608_220608_(blank),ARMS_Koster_VH1_20210608_20220608_blank_r1,EMOBON_Koster_VH1_Ha_210608_220608_blank,Batch3.1,18S rRNA (V1-V2),DBN_AAGI,DBP_AAIP,295,90,"26,6",DBQ_AAUQ,DBQ_AAUQOSTA_2_H5FGYDRX5.UDI292-BID11,DBQ_AAUQOSTA_2_1_H5FGYDRX5.UDI292-BID11_clean.fastq.gz,DBQ_AAUQOSTA_2_2_H5FGYDRX5.UDI292-BID11_clean.fastq.gz,not reported by Genoscope,CEB_DFR,CEB_DFS,1524328,,ARMS organisms sample from station Koster,240411_JARVIS_H5FGYDRX5
EMOBON00732,EMOBON_Koster_VH3_Ha_210608_220609_SF40_(1),ARMS_Koster_VH3_20210608_20220609_SF40_s1_r1,EMOBON_Koster_VH3_Ha_210608_220609_SF40_1,Batch3.1,18S rRNA (V1-V2),DBN_AAGJ,DBP_AAEG,"11,35",108,"1225,8",DBQ_AAJL,DBQ_AAJLOSTA_2_H5FGYDRX5.UDI352-BID05,DBQ_AAJLOSTA_2_1_H5FGYDRX5.UDI352-BID05_clean.fastq.gz,DBQ_AAJLOSTA_2_2_H5FGYDRX5.UDI352-BID05_clean.fastq.gz,not reported by Genoscope,CEB_DEZ,CEB_DFA,8461214,,ARMS organisms sample from station Koster,240411_JARVIS_H5FGYDRX5
EMOBON00733,EMOBON_Koster_VH3_Ha_210608_220609_SF40_(2),ARMS_Koster_VH3_20210608_20220609_SF40_s2_r1,EMOBON_Koster_VH3_Ha_210608_220609_SF40_2,Batch3.1,18S rRNA (V1-V2),DBN_AAGK,DBP_AAEH,"15,75",108,1701,DBQ_AAJM,DBQ_AAJMOSTA_2_H5FGYDRX5.UDI364-BID05,DBQ_AAJMOSTA_2_1_H5FGYDRX5.UDI364-BID05_clean.fastq.gz,DBQ_AAJMOSTA_2_2_H5FGYDRX5.UDI364-BID05_clean.fastq.gz,not reported by Genoscope,CEB_DEZ,CEB_DFA,6052995,,ARMS organisms sample from station Koster,240411_JARVIS_H5FGYDRX5
EMOBON00734,EMOBON_Koster_VH3_Ha_210608_220609_MF100_(1),ARMS_Koster_VH3_20210608_20220609_MF100_s1_r1,EMOBON_Koster_VH3_Ha_210608_220609_MF100_1,Batch3.1,18S rRNA (V1-V2),DBN_AAGL,DBP_AAEI,"36,6",108,"3952,8",DBQ_AAJN,DBQ_AAJNOSTA_2_H5FGYDRX5.UDI376-BID05,DBQ_AAJNOSTA_2_1_H5FGYDRX5.UDI376-BID05_clean.fastq.gz,DBQ_AAJNOSTA_2_2_H5FGYDRX5.UDI376-BID05_clean.fastq.gz,not reported by Genoscope,CEB_DEZ,CEB_DFA,4578197,,ARMS organisms sample from station Koster,240411_JARVIS_H5FGYDRX5
EMOBON00735,EMOBON_Koster_VH3_Ha_210608_220609_MF100_(2),ARMS_Koster_VH3_20210608_20220609_MF100_s2_r1,EMOBON_Koster_VH3_Ha_210608_220609_MF100_2,Batch3.1,18S rRNA (V1-V2),DBN_AAGM,DBP_AAEJ,"27,2",108,"2937,6",DBQ_AAJO,DBQ_AAJOOSTA_2_H3KVNDRX5.UDI293-BID05,DBQ_AAJOOSTA_2_1_H3KVNDRX5.UDI293-BID05_clean.fastq.gz,DBQ_AAJOOSTA_2_2_H3KVNDRX5.UDI293-BID05_clean.fastq.gz,not reported by Genoscope,CEB_DEZ,CEB_DFA,5881719,,ARMS organisms sample from station Koster,240409_JARVIS_H3KVNDRX5
EMOBON00736,EMOBON_Koster_VH3_Ha_210608_220609_MF500_(1),ARMS_Koster_VH3_20210608_20220609_MF500_s1_r1,EMOBON_Koster_VH3_Ha_210608_220609_MF500_1,Batch3.1,18S rRNA (V1-V2),DBN_AAGN,DBP_AAEK,"19,65",108,"2122,2",DBQ_AAJP,DBQ_AAJPOSTA_2_H3KVNDRX5.UDI305-BID05,DBQ_AAJPOSTA_2_1_H3KVNDRX5.UDI305-BID05_clean.fastq.gz,DBQ_AAJPOSTA_2_2_H3KVNDRX5.UDI305-BID05_clean.fastq.gz,not reported by Genoscope,CEB_DEZ,CEB_DFA,4951025,,ARMS organisms sample from station Koster,240409_JARVIS_H3KVNDRX5
EMOBON00737,EMOBON_Koster_VH3_Ha_210608_220609_MF500_(2),ARMS_Koster_VH3_20210608_20220609_MF500_s2_r1,EMOBON_Koster_VH3_Ha_210608_220609_MF500_2,Batch3.1,18S rRNA (V1-V2),DBN_AAGO,DBP_AAEL,"12,03",108,"1299,2",DBQ_AAJQ,DBQ_AAJQOSTA_2_H3KVNDRX5.UDI317-BID05,DBQ_AAJQOSTA_2_1_H3KVNDRX5.UDI317-BID05_clean.fastq.gz,DBQ_AAJQOSTA_2_2_H3KVNDRX5.UDI317-BID05_clean.fastq.gz,not reported by Genoscope,CEB_DEZ,CEB_DFA,5952388,,ARMS organisms sample from station Koster,240409_JARVIS_H3KVNDRX5
EMOBON00738,EMOBON_Koster_VH3_Ha_210608_220609_(blank),ARMS_Koster_VH3_20210608_20220609_blank_r1,EMOBON_Koster_VH3_Ha_210608_220609_blank,Batch3.1,18S rRNA (V1-V2),DBN_AAGP,DBP_AAIQ,228,90,"20,5",DBQ_AAUR,DBQ_AAUROSTA_1_H3L7NDRX5.UDI375-BID11,DBQ_AAUROSTA_1_1_H3L7NDRX5.UDI375-BID11_clean.fastq.gz,DBQ_AAUROSTA_1_2_H3L7NDRX5.UDI375-BID11_clean.fastq.gz,not reported by Genoscope,CEB_DFR,CEB_DFS,3062553,,ARMS organisms sample from station Koster,240409_JARVIS_H3L7NDRX5
EMOBON00739,ARMS_GALWAY_GURR1_210720-220906_SF40_A,ARMS_Galway_Gurr1_20210720_20220906_SF40_s1_r1,EMOBON_Galway_Gurr1_210720_220906_SF40_1,Batch3.1,18S rRNA (V1-V2),DBN_AAGQ,DBP_AAEM,374,108,"40,4",DBQ_AAJR,DBQ_AAJROSTA_2_H3KVNDRX5.UDI329-BID05,DBQ_AAJROSTA_2_1_H3KVNDRX5.UDI329-BID05_clean.fastq.gz,DBQ_AAJROSTA_2_2_H3KVNDRX5.UDI329-BID05_clean.fastq.gz,not reported by Genoscope,CEB_DEZ,CEB_DFA,6602075,,ARMS organisms sample from station GALWAY,240409_JARVIS_H3KVNDRX5
EMOBON00740,ARMS_GALWAY_GURR1_210720-220906_MF100_A,ARMS_Galway_Gurr1_20210720_20220906_MF100_s1_r1,EMOBON_Galway_Gurr1_210720_220906_MF100_1,Batch3.1,18S rRNA (V1-V2),DBN_AAGR,DBP_AAEN,"28,1",108,"3034,8",DBQ_AAJS,DBQ_AAJSOSTA_2_H5FGYDRX5.UDI340-BID08,DBQ_AAJSOSTA_2_1_H5FGYDRX5.UDI340-BID08_clean.fastq.gz,DBQ_AAJSOSTA_2_2_H5FGYDRX5.UDI340-BID08_clean.fastq.gz,not reported by Genoscope,CEB_DEZ,CEB_DFA,1854518,,ARMS organisms sample from station GALWAY,240411_JARVIS_H5FGYDRX5
EMOBON00741,ARMS_GALWAY_GURR1_210720-220906_MF500_A,ARMS_Galway_Gurr1_20210720_20220906_MF500_s1_r1,EMOBON_Galway_Gurr1_210720_220906_MF500_1,Batch3.1,18S rRNA (V1-V2),DBN_AAGS,DBP_AAEO,"1,765",108,"190,6",DBQ_AAJT,DBQ_AAJTOSTA_2_H5FGYDRX5.UDI352-BID08,DBQ_AAJTOSTA_2_1_H5FGYDRX5.UDI352-BID08_clean.fastq.gz,DBQ_AAJTOSTA_2_2_H5FGYDRX5.UDI352-BID08_clean.fastq.gz,not reported by Genoscope,CEB_DEZ,CEB_DFA,2011220,,ARMS organisms sample from station GALWAY,240411_JARVIS_H5FGYDRX5
EMOBON00742,ARMS_GALWAY_GURR2_210720-220907_SF40_A,ARMS_Galway_Gurr2_20210720_20220907_SF40_s1_r1,EMOBON_Galway_Gurr2_210720_220907_SF40_1,Batch3.1,18S rRNA (V1-V2),DBN_AAGT,DBP_AAEP,"8,75",108,945,DBQ_AAJU,DBQ_AAJUOSTA_2_H5FGYDRX5.UDI364-BID08,DBQ_AAJUOSTA_2_1_H5FGYDRX5.UDI364-BID08_clean.fastq.gz,DBQ_AAJUOSTA_2_2_H5FGYDRX5.UDI364-BID08_clean.fastq.gz,not reported by Genoscope,CEB_DEZ,CEB_DFA,1213082,,ARMS organisms sample from station GALWAY,240411_JARVIS_H5FGYDRX5
EMOBON00743,ARMS_GALWAY_GURR2_210720-220907_MF100_A,ARMS_Galway_Gurr2_20210720_20220907_MF100_s1_r1,EMOBON_Galway_Gurr2_210720_220907_MF100_1,Batch3.1,18S rRNA (V1-V2),DBN_AAGU,DBP_AAEQ,"57,1",108,"6166,8",DBQ_AAJV,DBQ_AAJVOSTA_2_H5FGYDRX5.UDI376-BID08,DBQ_AAJVOSTA_2_1_H5FGYDRX5.UDI376-BID08_clean.fastq.gz,DBQ_AAJVOSTA_2_2_H5FGYDRX5.UDI376-BID08_clean.fastq.gz,not reported by Genoscope,CEB_DEZ,CEB_DFA,1859501,,ARMS organisms sample from station GALWAY,240411_JARVIS_H5FGYDRX5
EMOBON00744,ARMS_GALWAY_GURR2_210720-220907_MF500_A,ARMS_Galway_Gurr2_20210720_20220907_MF500_s1_r1,EMOBON_Galway_Gurr2_210720_220907_MF500_1,Batch3.1,18S rRNA (V1-V2),DBN_AAGV,DBP_AAER,"1,052",108,"113,6",DBQ_AAJW,DBQ_AAJWOSTA_2_H3KVNDRX5.UDI293-BID08,DBQ_AAJWOSTA_2_1_H3KVNDRX5.UDI293-BID08_clean.fastq.gz,DBQ_AAJWOSTA_2_2_H3KVNDRX5.UDI293-BID08_clean.fastq.gz,not reported by Genoscope,CEB_DEZ,CEB_DFA,1948856,,ARMS organisms sample from station GALWAY,240409_JARVIS_H3KVNDRX5
EMOBON00745,ARMS_GALWAY_GURR3_210720-220907_SF40_A,ARMS_Galway_Gurr3_20210720_20220907_SF40_s1_r1,EMOBON_Galway_Gurr3_210720_220907_SF40_1,Batch3.1,18S rRNA (V1-V2),DBN_AAGW,DBP_AAES,"5,44",108,"587,5",DBQ_AAJX,DBQ_AAJXOSTA_2_H3KVNDRX5.UDI305-BID08,DBQ_AAJXOSTA_2_1_H3KVNDRX5.UDI305-BID08_clean.fastq.gz,DBQ_AAJXOSTA_2_2_H3KVNDRX5.UDI305-BID08_clean.fastq.gz,not reported by Genoscope,CEB_DEZ,CEB_DFA,2405445,,ARMS organisms sample from station GALWAY,240409_JARVIS_H3KVNDRX5
EMOBON00746,ARMS_GALWAY_GURR3_210720-220907_MF100_A,ARMS_Galway_Gurr3_20210720_20220907_MF100_s1_r1,EMOBON_Galway_Gurr3_210720_220907_MF100_1,Batch3.1,18S rRNA (V1-V2),DBN_AAGX,DBP_AAET,"24,8",108,"2678,4",DBQ_AAJY,DBQ_AAJYOSTA_2_H3KVNDRX5.UDI317-BID08,DBQ_AAJYOSTA_2_1_H3KVNDRX5.UDI317-BID08_clean.fastq.gz,DBQ_AAJYOSTA_2_2_H3KVNDRX5.UDI317-BID08_clean.fastq.gz,not reported by Genoscope,CEB_DEZ,CEB_DFA,1080811,,ARMS organisms sample from station GALWAY,240409_JARVIS_H3KVNDRX5
EMOBON00747,ARMS_GALWAY_GURR3_210720-220907_MF500_A,ARMS_Galway_Gurr3_20210720_20220907_MF500_s1_r1,EMOBON_Galway_Gurr3_210720_220907_MF500_1,Batch3.1,18S rRNA (V1-V2),DBN_AAGY,DBP_AAEU,"31,5",108,3402,DBQ_AAJZ,DBQ_AAJZOSTA_2_H3KVNDRX5.UDI329-BID08,DBQ_AAJZOSTA_2_1_H3KVNDRX5.UDI329-BID08_clean.fastq.gz,DBQ_AAJZOSTA_2_2_H3KVNDRX5.UDI329-BID08_clean.fastq.gz,not reported by Genoscope,CEB_DEZ,CEB_DFA,496861,Sequencing will be repeated,ARMS organisms sample from station GALWAY,240409_JARVIS_H3KVNDRX5
EMOBON00747,ARMS_GALWAY_GURR3_210720-220907_MF500_A,ARMS_Galway_Gurr3_20210720_20220907_MF500_s1_r1,EMOBON_Galway_Gurr3_210720_220907_MF500_1,Batch3.1,18S rRNA (V1-V2),DBN_AAGY,DBP_AAEU,"31,5",108,3402,DBQ_AAJZ,DBQ_AAJZOSTA_1_H55TTDRX5.UDI073-BID08,DBQ_AAJZOSTA_1_1_H55TTDRX5.UDI073-BID08_clean.fastq.gz,DBQ_AAJZOSTA_1_2_H55TTDRX5.UDI073-BID08_clean.fastq.gz,not reported by Genoscope,CEB_DEZ,CEB_DFA,3656505,Repeated sequencing,ARMS organisms sample from station GALWAY,240619_JARVIS_H55TTDRX5
EMOBON00748,ARMS_Svalbard_S1A_200805_220729_MF100_DMSO_R1,ARMS_Svalbard_S1A_20200805_20220729_MF100_s1_r1,EMOBON_Svalbard_S1A_200805_220729_MF100_1,Batch3.1,18S rRNA (V1-V2),DBN_AAGZ,DBP_AAEV,"53,4",108,"5767,2",DBQ_AAKA,DBQ_AAKAOSTA_2_H5FGYDRX5.UDI340-BID09,DBQ_AAKAOSTA_2_1_H5FGYDRX5.UDI340-BID09_clean.fastq.gz,DBQ_AAKAOSTA_2_2_H5FGYDRX5.UDI340-BID09_clean.fastq.gz,not reported by Genoscope,CEB_DEZ,CEB_DFA,4868890,,ARMS organisms sample from station Svalbard,240411_JARVIS_H5FGYDRX5
EMOBON00749,ARMS_Svalbard_S1A_200805_220729_MF500_DMSO_R1,ARMS_Svalbard_S1A_20200805_20220729_MF500_s1_r1,EMOBON_Svalbard_S1A_200805_220729_MF500_1,Batch3.1,18S rRNA (V1-V2),DBN_AAHA,DBP_AAEW,"11,85",108,"1279,8",DBQ_AAKB,DBQ_AAKBOSTA_2_H5FGYDRX5.UDI352-BID09,DBQ_AAKBOSTA_2_1_H5FGYDRX5.UDI352-BID09_clean.fastq.gz,DBQ_AAKBOSTA_2_2_H5FGYDRX5.UDI352-BID09_clean.fastq.gz,not reported by Genoscope,CEB_DEZ,CEB_DFA,3925853,,ARMS organisms sample from station Svalbard,240411_JARVIS_H5FGYDRX5
EMOBON00750,ARMS_Svalbard_S1A_200805_220729_SF40_DMSO_R1,ARMS_Svalbard_S1A_20200805_20220729_SF40_s1_r1,EMOBON_Svalbard_S1A_200805_220729_SF40_1,Batch3.1,18S rRNA (V1-V2),DBN_AAHB,DBP_AAEX,"12,2",108,"1317,6",DBQ_AAKC,DBQ_AAKCOSTA_2_H5FGYDRX5.UDI364-BID09,DBQ_AAKCOSTA_2_1_H5FGYDRX5.UDI364-BID09_clean.fastq.gz,DBQ_AAKCOSTA_2_2_H5FGYDRX5.UDI364-BID09_clean.fastq.gz,not reported by Genoscope,CEB_DEZ,CEB_DFA,2606246,,ARMS organisms sample from station Svalbard,240411_JARVIS_H5FGYDRX5
EMOBON00751,ARMS_Svalbard_S1B_200806_220731_MF100_DMSO_R1,ARMS_Svalbard_S1B_20200806_20220731_MF100_s1_r1,EMOBON_Svalbard_S1B_200806_220731_MF100_1,Batch3.1,18S rRNA (V1-V2),DBN_AAHC,DBP_AAEY,659,98,"64,6",DBQ_AAKD,DBQ_AAKDOSTA_2_H5FGYDRX5.UDI376-BID09,DBQ_AAKDOSTA_2_1_H5FGYDRX5.UDI376-BID09_clean.fastq.gz,DBQ_AAKDOSTA_2_2_H5FGYDRX5.UDI376-BID09_clean.fastq.gz,not reported by Genoscope,CEB_DEZ,CEB_DFA,4272662,,ARMS organisms sample from station Svalbard,240411_JARVIS_H5FGYDRX5
EMOBON00752,ARMS_Svalbard_S1B_200806_220731_MF500_DMSO_R1,ARMS_Svalbard_S1B_20200806_20220731_MF500_s1_r1,EMOBON_Svalbard_S1B_200806_220731_MF500_1,Batch3.1,18S rRNA (V1-V2),DBN_AAHD,DBP_AAEZ,"1,46",98,"143,1",DBQ_AAKE,DBQ_AAKEOSTA_2_H3KVNDRX5.UDI293-BID09,DBQ_AAKEOSTA_2_1_H3KVNDRX5.UDI293-BID09_clean.fastq.gz,DBQ_AAKEOSTA_2_2_H3KVNDRX5.UDI293-BID09_clean.fastq.gz,not reported by Genoscope,CEB_DEZ,CEB_DFA,3074917,,ARMS organisms sample from station Svalbard,240409_JARVIS_H3KVNDRX5
EMOBON00753,ARMS_Svalbard_S1B_200806_220731_SF40_DMSO_R1,ARMS_Svalbard_S1B_20200806_20220731_SF40_s1_r1,EMOBON_Svalbard_S1B_200806_220731_SF40_1,Batch3.1,18S rRNA (V1-V2),DBN_AAHE,DBP_AAFA,"11,8",98,"1156,4",DBQ_AAKF,DBQ_AAKFOSTA_2_H3KVNDRX5.UDI305-BID09,DBQ_AAKFOSTA_2_1_H3KVNDRX5.UDI305-BID09_clean.fastq.gz,DBQ_AAKFOSTA_2_2_H3KVNDRX5.UDI305-BID09_clean.fastq.gz,not reported by Genoscope,CEB_DEZ,CEB_DFA,3977178,,ARMS organisms sample from station Svalbard,240409_JARVIS_H3KVNDRX5
EMOBON00754,ARMS_Svalbard_S1C_200806_220803_MF100_DMSO_R1,ARMS_Svalbard_S1C_20200806_20220803_MF100_s1_r1,EMOBON_Svalbard_S1C_200806_220803_MF100_1,Batch3.1,18S rRNA (V1-V2),DBN_AAHF,DBP_AAFB,"15,5",98,1519,DBQ_AAKG,DBQ_AAKGOSTA_2_H3KVNDRX5.UDI317-BID09,DBQ_AAKGOSTA_2_1_H3KVNDRX5.UDI317-BID09_clean.fastq.gz,DBQ_AAKGOSTA_2_2_H3KVNDRX5.UDI317-BID09_clean.fastq.gz,not reported by Genoscope,CEB_DEZ,CEB_DFA,1021437,,ARMS organisms sample from station Svalbard,240409_JARVIS_H3KVNDRX5
EMOBON00755,ARMS_Svalbard_S1C_200806_220803_MF500_DMSO_R1,ARMS_Svalbard_S1C_20200806_20220803_MF500_s1_r1,EMOBON_Svalbard_S1C_200806_220803_MF500_1,Batch3.1,18S rRNA (V1-V2),DBN_AAHG,DBP_AAFC,"11,85",98,"1161,3",DBQ_AAKH,DBQ_AAKHOSTA_2_H3KVNDRX5.UDI329-BID09,DBQ_AAKHOSTA_2_1_H3KVNDRX5.UDI329-BID09_clean.fastq.gz,DBQ_AAKHOSTA_2_2_H3KVNDRX5.UDI329-BID09_clean.fastq.gz,not reported by Genoscope,CEB_DEZ,CEB_DFA,993242,,ARMS organisms sample from station Svalbard,240409_JARVIS_H3KVNDRX5
EMOBON00757,ARMS_SouthCove_20190829_20220221_SF_R1,ARMS_Rothera_SouthCove_20190829_20220221_SF_s1_r1,EMOBON_Rothera_SouthCove_190829_220221_SF_1,Batch3.1,18S rRNA (V1-V2),DBN_AAHI,DBP_AAFE,892,98,"87,4",DBQ_AAKJ,DBQ_AAKJOSTA_2_H5FGYDRX5.UDI352-BID11,DBQ_AAKJOSTA_2_1_H5FGYDRX5.UDI352-BID11_clean.fastq.gz,DBQ_AAKJOSTA_2_2_H5FGYDRX5.UDI352-BID11_clean.fastq.gz,not reported by Genoscope,CEB_DEZ,CEB_DFA,726871,,ARMS organisms sample from station BAS,240411_JARVIS_H5FGYDRX5
EMOBON00758,ARMS_SouthCove_20190829_20220221_SF_R2,ARMS_Rothera_SouthCove_20190829_20220221_SF_s2_r1,EMOBON_Rothera_SouthCove_190829_220221_SF_2,Batch3.1,18S rRNA (V1-V2),DBN_AAHJ,DBP_AAFF,799,98,"78,3",DBQ_AAKK,DBQ_AAKKOSTA_2_H5FGYDRX5.UDI364-BID11,DBQ_AAKKOSTA_2_1_H5FGYDRX5.UDI364-BID11_clean.fastq.gz,DBQ_AAKKOSTA_2_2_H5FGYDRX5.UDI364-BID11_clean.fastq.gz,not reported by Genoscope,CEB_DEZ,CEB_DFA,571859,Sequencing will be repeated,ARMS organisms sample from station BAS,240411_JARVIS_H5FGYDRX5
EMOBON00758,ARMS_SouthCove_20190829_20220221_SF_R2,ARMS_Rothera_SouthCove_20190829_20220221_SF_s2_r1,EMOBON_Rothera_SouthCove_190829_220221_SF_2,Batch3.1,18S rRNA (V1-V2),DBN_AAHJ,DBP_AAFF,799,98,"78,3",DBQ_AAKK,DBQ_AAKKOSTA_1_H55TTDRX5.UDI037-BID11,DBQ_AAKKOSTA_1_1_H55TTDRX5.UDI037-BID11_clean.fastq.gz,DBQ_AAKKOSTA_1_2_H55TTDRX5.UDI037-BID11_clean.fastq.gz,not reported by Genoscope,CEB_DEZ,CEB_DFA,6096295,Repeated sequencing,ARMS organisms sample from station BAS,240619_JARVIS_H55TTDRX5
EMOBON00759,ARMS_Cheshire_20191210_20220221_SF_R1,ARMS_Rothera_Cheshire_20191210_20220221_SF_s1_r1,EMOBON_Rothera_Cheshire_191210_220221_SF_1,Batch3.1,18S rRNA (V1-V2),DBN_AAHK,DBP_AAFG,"5,4",98,"529,2",DBQ_AAKL,DBQ_AAKLOSTA_2_H5FGYDRX5.UDI376-BID11,DBQ_AAKLOSTA_2_1_H5FGYDRX5.UDI376-BID11_clean.fastq.gz,DBQ_AAKLOSTA_2_2_H5FGYDRX5.UDI376-BID11_clean.fastq.gz,not reported by Genoscope,CEB_DEZ,CEB_DFA,667565,Sequencing will be repeated,ARMS organisms sample from station BAS,240411_JARVIS_H5FGYDRX5
EMOBON00759,ARMS_Cheshire_20191210_20220221_SF_R1,ARMS_Rothera_Cheshire_20191210_20220221_SF_s1_r1,EMOBON_Rothera_Cheshire_191210_220221_SF_1,Batch3.1,18S rRNA (V1-V2),DBN_AAHK,DBP_AAFG,"5,4",98,"529,2",DBQ_AAKL,DBQ_AAKLOSTA_1_H55TTDRX5.UDI013-BID11,DBQ_AAKLOSTA_1_1_H55TTDRX5.UDI013-BID11_clean.fastq.gz,DBQ_AAKLOSTA_1_2_H55TTDRX5.UDI013-BID11_clean.fastq.gz,not reported by Genoscope,CEB_DEZ,CEB_DFA,6700014,Repeated sequencing,ARMS organisms sample from station BAS,240619_JARVIS_H55TTDRX5
EMOBON00760,ARMS_Cheshire_20191210_20220221_SF_R2,ARMS_Rothera_Cheshire_20191210_20220221_SF_s2_r1,EMOBON_Rothera_Cheshire_191210_220221_SF_2,Batch3.1,18S rRNA (V1-V2),DBN_AAHL,DBP_AAFH,"5,57",98,"545,9",DBQ_AAKM,DBQ_AAKMOSTA_2_H3KVNDRX5.UDI293-BID11,DBQ_AAKMOSTA_2_1_H3KVNDRX5.UDI293-BID11_clean.fastq.gz,DBQ_AAKMOSTA_2_2_H3KVNDRX5.UDI293-BID11_clean.fastq.gz,not reported by Genoscope,CEB_DEZ,CEB_DFA,1268361,,ARMS organisms sample from station BAS,240409_JARVIS_H3KVNDRX5
EMOBON00761,LukaKP_A1_27.10.2021-28.02.2022_S_1mm_0.5mm,ARMS_GulfOfPiran_LukaKP_20211027_20220228_SF500_s1_r1,EMOBON_GulfOfPiran_LukaKP_A1_211027_220228_SF500_1,Batch3.1,18S rRNA (V1-V2),DBN_AAHM,DBP_AAFI,not reported by Genoscope,not reported by Genoscope,not reported by Genoscope,DBQ_AAKN,DBQ_AAKNOSTA_2_H3KVNDRX5.UDI305-BID11,DBQ_AAKNOSTA_2_1_H3KVNDRX5.UDI305-BID11_clean.fastq.gz,DBQ_AAKNOSTA_2_2_H3KVNDRX5.UDI305-BID11_clean.fastq.gz,not reported by Genoscope,CEB_DEZ,CEB_DFA,1109495,,ARMS organisms sample from station Piran,240409_JARVIS_H3KVNDRX5
EMOBON00762,LukaKP_A1_27.10.2021-28.02.2022_S_0.1mm_0.038mm,ARMS_GulfOfPiran_LukaKP_20211027_20220228_SF38_s1_r1,EMOBON_GulfOfPiran_LukaKP_A1_211027_220228_SF38_1,Batch3.1,18S rRNA (V1-V2),DBN_AAHN,DBP_AAJG,"7,824",90,"704,1",DBQ_AAVH,DBQ_AAVHOSTA_2_H5FGYDRX5.UDI304-BID15,DBQ_AAVHOSTA_2_1_H5FGYDRX5.UDI304-BID15_clean.fastq.gz,DBQ_AAVHOSTA_2_2_H5FGYDRX5.UDI304-BID15_clean.fastq.gz,not reported by Genoscope,CEB_DFR,CEB_DFS,1312174,,ARMS organisms sample from station Piran,240411_JARVIS_H5FGYDRX5
EMOBON00763,LukaKP_A1_27.10.2021-28.02.2022_M,ARMS_GulfOfPiran_LukaKP_20211027_20220228_MF38_s1_r1,EMOBON_GulfOfPiran_LukaKP_A1_211027_220228_MF38_1,Batch3.1,18S rRNA (V1-V2),DBN_AAHO,DBP_AAFJ,"1,92",98,"188,2",DBQ_AAKO,DBQ_AAKOOSTA_2_H3KVNDRX5.UDI317-BID11,DBQ_AAKOOSTA_2_1_H3KVNDRX5.UDI317-BID11_clean.fastq.gz,DBQ_AAKOOSTA_2_2_H3KVNDRX5.UDI317-BID11_clean.fastq.gz,not reported by Genoscope,CEB_DEZ,CEB_DFA,2850044,,ARMS organisms sample from station Piran,240409_JARVIS_H3KVNDRX5
EMOBON00764,LukaKP_A1_28.02.2022_20.06.2022_S_1mm,ARMS_GulfOfPiran_LukaKP_20220128_20220620_SF1000_s1_r1,EMOBON_GulfOfPiran_LukaKP_A1_220228_220620_SF100_1,Batch3.1,18S rRNA (V1-V2),DBN_AAHP,DBP_AAFQ,194,108,21,DBQ_AAKV,DBQ_AAKVOSTA_2_H3KVNDRX5.UDI305-BID13,DBQ_AAKVOSTA_2_1_H3KVNDRX5.UDI305-BID13_clean.fastq.gz,DBQ_AAKVOSTA_2_2_H3KVNDRX5.UDI305-BID13_clean.fastq.gz,not reported by Genoscope,CEB_DEZ,CEB_DFA,7081274,,ARMS organisms sample from station Piran,240409_JARVIS_H3KVNDRX5
EMOBON00765,LukaKP_A1_28.02.2022_20.06.2022_S_0.5mm_0.038mm,ARMS_GulfOfPiran_LukaKP_20220128_20220620_SF38_s1_r1,EMOBON_GulfOfPiran_LukaKP_A1_220228_220620_SF38_1,Batch3.1,18S rRNA (V1-V2),DBN_AAHQ,DBP_AAJH,"2,819",90,"253,7",DBQ_AAWF,DBQ_AAWFOSTA_1_H3L7NDRX5.UDI327-BID05,DBQ_AAWFOSTA_1_1_H3L7NDRX5.UDI327-BID05_clean.fastq.gz,DBQ_AAWFOSTA_1_2_H3L7NDRX5.UDI327-BID05_clean.fastq.gz,not reported by Genoscope,CEB_DFT,CEB_DFU,18008141,,ARMS organisms sample from station Piran,240409_JARVIS_H3L7NDRX5
EMOBON00766,LukaKP_A1_28.02.2022_20.06.2022_M_1mm,ARMS_GulfOfPiran_LukaKP_20220128_20220620_MF1000_s1_r1,EMOBON_GulfOfPiran_LukaKP_A1_220228_220620_MF100_1,Batch3.1,18S rRNA (V1-V2),DBN_AAHR,DBP_AAFK,"2,85",108,"307,8",DBQ_AAKP,DBQ_AAKPOSTA_2_H3KVNDRX5.UDI329-BID11,DBQ_AAKPOSTA_2_1_H3KVNDRX5.UDI329-BID11_clean.fastq.gz,DBQ_AAKPOSTA_2_2_H3KVNDRX5.UDI329-BID11_clean.fastq.gz,not reported by Genoscope,CEB_DEZ,CEB_DFA,3054545,,ARMS organisms sample from station Piran,240409_JARVIS_H3KVNDRX5
EMOBON00767,LukaKP_A1_28.02.2022_20.06.2022_M_0.5mm_0.038mm,ARMS_GulfOfPiran_LukaKP_20220128_20220620_MF38_s1_r1,EMOBON_GulfOfPiran_LukaKP_A1_220228_220620_MF38_1,Batch3.1,18S rRNA (V1-V2),DBN_AAHS,DBP_AAJI,"5,012",90,451,DBQ_AAVJ,DBQ_AAVJOSTA_2_H5FGYDRX5.UDI328-BID15,DBQ_AAVJOSTA_2_1_H5FGYDRX5.UDI328-BID15_clean.fastq.gz,DBQ_AAVJOSTA_2_2_H5FGYDRX5.UDI328-BID15_clean.fastq.gz,not reported by Genoscope,CEB_DFR,CEB_DFS,1328970,,ARMS organisms sample from station Piran,240411_JARVIS_H5FGYDRX5
EMOBON00768,BojaVida_A1_28.07.2021-16.08.2022_S_1mm,ARMS_GulfOfPiran_BojaVida_20210728_20220816_SF1000_s1_r1,EMOBON_GulfOfPiran_BojaVida_A1_210728_220816_SF1000_1,Batch3.1,18S rRNA (V1-V2),DBN_AAHT,DBP_AAFL,"1,78",108,"192,2",DBQ_AAKQ,DBQ_AAKQOSTA_2_H5FGYDRX5.UDI340-BID13,DBQ_AAKQOSTA_2_1_H5FGYDRX5.UDI340-BID13_clean.fastq.gz,DBQ_AAKQOSTA_2_2_H5FGYDRX5.UDI340-BID13_clean.fastq.gz,not reported by Genoscope,CEB_DEZ,CEB_DFA,5665188,,ARMS organisms sample from station Piran,240411_JARVIS_H5FGYDRX5
EMOBON00771,BojaVida_A1_28.07.2021-16.08.2022_M_1mm,ARMS_GulfOfPiran_BojaVida_20210728_20220816_MF1000_s1_r1,EMOBON_GulfOfPiran_BojaVida_A1_210728_220816_MF1000_1,Batch3.1,18S rRNA (V1-V2),DBN_AAHW,DBP_AAJJ,"0,22",90,"19,8",DBQ_AAVK,DBQ_AAVKOSTA_2_H5FGYDRX5.UDI351-BID15,DBQ_AAVKOSTA_2_1_H5FGYDRX5.UDI351-BID15_clean.fastq.gz,DBQ_AAVKOSTA_2_2_H5FGYDRX5.UDI351-BID15_clean.fastq.gz,not reported by Genoscope,CEB_DFR,CEB_DFS,102175,Sequencing will be repeated,ARMS organisms sample from station Piran,240411_JARVIS_H5FGYDRX5
EMOBON00771,BojaVida_A1_28.07.2021-16.08.2022_M_1mm,ARMS_GulfOfPiran_BojaVida_20210728_20220816_MF1000_s1_r1,EMOBON_GulfOfPiran_BojaVida_A1_210728_220816_MF1000_1,Batch3.1,18S rRNA (V1-V2),DBN_AAHW,DBP_AAJJ,"0,22",90,"19,8",DBQ_AAVK,DBQ_AAVKOSTA_1_H55TTDRX5.UDI001-BID15,DBQ_AAVKOSTA_1_1_H55TTDRX5.UDI001-BID15_clean.fastq.gz,DBQ_AAVKOSTA_1_2_H55TTDRX5.UDI001-BID15_clean.fastq.gz,not reported by Genoscope,CEB_DFR,CEB_DFS,641327,Repeated sequencing,ARMS organisms sample from station Piran,240619_JARVIS_H55TTDRX5
EMOBON00772,BojaVida_A1_28.07.2021-16.08.2022_M_0.5mm_0.038mm,ARMS_GulfOfPiran_BojaVida_20210728_20220816_MF38_s1_r1,EMOBON_GulfOfPiran_BojaVida_A1_210728_220816_MF38_1,Batch3.1,18S rRNA (V1-V2),DBN_AAHX,DBP_AAJK,836,90,"75,2",DBQ_AAVL,DBQ_AAVLOSTA_1_H3L7NDRX5.UDI339-BID15,DBQ_AAVLOSTA_1_1_H3L7NDRX5.UDI339-BID15_clean.fastq.gz,DBQ_AAVLOSTA_1_2_H3L7NDRX5.UDI339-BID15_clean.fastq.gz,not reported by Genoscope,CEB_DFR,CEB_DFS,1236359,,ARMS organisms sample from station Piran,240409_JARVIS_H3L7NDRX5
EMOBON00773,LukaKP_A1_20.06.2022-10.10.2022_S_1mm,ARMS_GulfOfPiran_LukaKP_20220620_20221010_SF1000_s1_r1,EMOBON_GulfOfPiran_LukaKP_A1_220620_221010_SF1000_1,Batch3.1,18S rRNA (V1-V2),DBN_AAHY,DBP_AAFN,"0,19",108,"20,5",DBQ_AAKS,DBQ_AAKSOSTA_2_H5FGYDRX5.UDI364-BID13,DBQ_AAKSOSTA_2_1_H5FGYDRX5.UDI364-BID13_clean.fastq.gz,DBQ_AAKSOSTA_2_2_H5FGYDRX5.UDI364-BID13_clean.fastq.gz,not reported by Genoscope,CEB_DEZ,CEB_DFA,13360125,,ARMS organisms sample from station Piran,240411_JARVIS_H5FGYDRX5
EMOBON00774,LukaKP_A1_20.06.2022-10.10.2022_S_0.5mm_0.038mm,ARMS_GulfOfPiran_LukaKP_20220620_20221010_SF38_s1_r1,EMOBON_GulfOfPiran_LukaKP_A1_220620_221010_SF38_1,Batch3.1,18S rRNA (V1-V2),DBN_AAHZ,DBP_AAJL,"2,892",90,"260,3",DBQ_AAVM,DBQ_AAVMOSTA_2_H5FGYDRX5.UDI363-BID16,DBQ_AAVMOSTA_2_1_H5FGYDRX5.UDI363-BID16_clean.fastq.gz,DBQ_AAVMOSTA_2_2_H5FGYDRX5.UDI363-BID16_clean.fastq.gz,not reported by Genoscope,CEB_DFR,CEB_DFS,7870060,,ARMS organisms sample from station Piran,240411_JARVIS_H5FGYDRX5
EMOBON00775,LukaKP_A1_20.06.2022-10.10.2022_M_1mm,ARMS_GulfOfPiran_LukaKP_20220620_20221010_MF1000_s1_r1,EMOBON_GulfOfPiran_LukaKP_A1_220620_221010_MF1000_1,Batch3.1,18S rRNA (V1-V2),DBN_AAIA,DBP_AAFS,"2,28",108,"246,2",DBQ_AAKX,DBQ_AAKXOSTA_2_H3KVNDRX5.UDI329-BID13,DBQ_AAKXOSTA_2_1_H3KVNDRX5.UDI329-BID13_clean.fastq.gz,DBQ_AAKXOSTA_2_2_H3KVNDRX5.UDI329-BID13_clean.fastq.gz,not reported by Genoscope,CEB_DEZ,CEB_DFA,10889501,,ARMS organisms sample from station Piran,240409_JARVIS_H3KVNDRX5
EMOBON00776,LukaKP_A1_20.06.2022-10.10.2022_M_0.5mm_0.038mm,ARMS_GulfOfPiran_LukaKP_20220620_20221010_MF38_s1_r1,EMOBON_GulfOfPiran_LukaKP_A1_220620_221010_MF38_1,Batch3.1,18S rRNA (V1-V2),DBN_AAIB,DBP_AAJM,"4,603",90,"414,2",DBQ_AAVN,DBQ_AAVNOSTA_1_H3L7NDRX5.UDI375-BID16,DBQ_AAVNOSTA_1_1_H3L7NDRX5.UDI375-BID16_clean.fastq.gz,DBQ_AAVNOSTA_1_2_H3L7NDRX5.UDI375-BID16_clean.fastq.gz,not reported by Genoscope,CEB_DFR,CEB_DFS,6467600,,ARMS organisms sample from station Piran,240409_JARVIS_H3L7NDRX5
EMOBON00777,LukaKP_And1_20.06.2022-10.10.2022_S_1mm,ARMS_GulfOfPiran_LukaKPAnd1_20220620_20221010_SF1000_s1_r1,EMOBON_GulfOfPiran_LukaKP_And1_220620_221010_SF1000_1,Batch3.1,18S rRNA (V1-V2),DBN_AAIC,DBP_AAFT,326,108,"35,2",DBQ_AAKY,DBQ_AAKYOSTA_2_H5FGYDRX5.UDI340-BID15,DBQ_AAKYOSTA_2_1_H5FGYDRX5.UDI340-BID15_clean.fastq.gz,DBQ_AAKYOSTA_2_2_H5FGYDRX5.UDI340-BID15_clean.fastq.gz,not reported by Genoscope,CEB_DEZ,CEB_DFA,793067,,ARMS organisms sample from station Piran,240411_JARVIS_H5FGYDRX5
EMOBON00778,LukaKP_And1_20.06.2022-10.10.2022_S_0.5mm,ARMS_GulfOfPiran_LukaKPAnd1_20220620_20221010_SF500_s1_r1,EMOBON_GulfOfPiran_LukaKP_And1_220620_221010_SF500_1,Batch3.1,18S rRNA (V1-V2),DBN_AAID,DBP_AAJN,"7,382",90,"664,3",DBQ_AAVO,DBQ_AAVOOSTA_2_H5FGYDRX5.UDI292-BID16,DBQ_AAVOOSTA_2_1_H5FGYDRX5.UDI292-BID16_clean.fastq.gz,DBQ_AAVOOSTA_2_2_H5FGYDRX5.UDI292-BID16_clean.fastq.gz,not reported by Genoscope,CEB_DFR,CEB_DFS,10624462,,ARMS organisms sample from station Piran,240411_JARVIS_H5FGYDRX5
EMOBON00779,LukaKP_And1_20.06.2022-10.10.2022_S_0.038mm,ARMS_GulfOfPiran_LukaKPAnd1_20220620_20221010_SF38_s1_r1,EMOBON_GulfOfPiran_LukaKP_And1_220620_221010_SF38_1,Batch3.1,18S rRNA (V1-V2),DBN_AAIE,DBP_AAFU,"4,16",108,"449,3",DBQ_AAKZ,DBQ_AAKZOSTA_2_H5FGYDRX5.UDI352-BID15,DBQ_AAKZOSTA_2_1_H5FGYDRX5.UDI352-BID15_clean.fastq.gz,DBQ_AAKZOSTA_2_2_H5FGYDRX5.UDI352-BID15_clean.fastq.gz,not reported by Genoscope,CEB_DEZ,CEB_DFA,835800,,ARMS organisms sample from station Piran,240411_JARVIS_H5FGYDRX5
EMOBON00780,LukaKP_And1_20.06.2022-10.10.2022_M_1mm,ARMS_GulfOfPiran_LukaKPAnd1_20220620_20221010_MF1000_s1_r1,EMOBON_GulfOfPiran_LukaKP_And1_220620_221010_MF1000_1,Batch3.1,18S rRNA (V1-V2),DBN_AAIF,DBP_AAFO,"5,51",108,"595,1",DBQ_AAKT,DBQ_AAKTOSTA_2_H5FGYDRX5.UDI376-BID13,DBQ_AAKTOSTA_2_1_H5FGYDRX5.UDI376-BID13_clean.fastq.gz,DBQ_AAKTOSTA_2_2_H5FGYDRX5.UDI376-BID13_clean.fastq.gz,not reported by Genoscope,CEB_DEZ,CEB_DFA,10082639,,ARMS organisms sample from station Piran,240411_JARVIS_H5FGYDRX5
EMOBON00781,LukaKP_And1_20.06.2022-10.10.2022_M_0.5mm_0.038mm,ARMS_GulfOfPiran_LukaKPAnd1_20220620_20221010_MF38_s1_r1,EMOBON_GulfOfPiran_LukaKP_And1_220620_221010_MF38_1,Batch3.1,18S rRNA (V1-V2),DBN_AAIG,DBP_AAIR,"8,54",90,"768,6",DBQ_AAUS,DBQ_AAUSOSTA_2_H5FGYDRX5.UDI316-BID11,DBQ_AAUSOSTA_2_1_H5FGYDRX5.UDI316-BID11_clean.fastq.gz,DBQ_AAUSOSTA_2_2_H5FGYDRX5.UDI316-BID11_clean.fastq.gz,not reported by Genoscope,CEB_DFR,CEB_DFS,1396007,,ARMS organisms sample from station Piran,240411_JARVIS_H5FGYDRX5
EMOBON00782,ARMS_Gdynia_GDY_20200610_20211222_MF500_DMSO,ARMS_Gdynia_GDY_20200610_20211222_MF500_s1_r1,EMOBON_Gdynia_GDY_200610_211222_MF500_1,Batch3.1,18S rRNA (V1-V2),DBN_AAIH,DBP_AAFV,"21,6",108,"2332,8",DBQ_AALA,DBQ_AALAOSTA_2_H5FGYDRX5.UDI364-BID15,DBQ_AALAOSTA_2_1_H5FGYDRX5.UDI364-BID15_clean.fastq.gz,DBQ_AALAOSTA_2_2_H5FGYDRX5.UDI364-BID15_clean.fastq.gz,not reported by Genoscope,CEB_DEZ,CEB_DFA,686926,Sequencing will be repeated,ARMS organisms sample from station Gdynia,240411_JARVIS_H5FGYDRX5
EMOBON00782,ARMS_Gdynia_GDY_20200610_20211222_MF500_DMSO,ARMS_Gdynia_GDY_20200610_20211222_MF500_s1_r1,EMOBON_Gdynia_GDY_200610_211222_MF500_1,Batch3.1,18S rRNA (V1-V2),DBN_AAIH,DBP_AAFV,"21,6",108,"2332,8",DBQ_AALA,DBQ_AALAOSTA_1_H55TTDRX5.UDI073-BID15,DBQ_AALAOSTA_1_1_H55TTDRX5.UDI073-BID15_clean.fastq.gz,DBQ_AALAOSTA_1_2_H55TTDRX5.UDI073-BID15_clean.fastq.gz,not reported by Genoscope,CEB_DEZ,CEB_DFA,3643248,Repeated sequencing,ARMS organisms sample from station Gdynia,240619_JARVIS_H55TTDRX5
EMOBON00783,ARMS_Gdynia_GDY_20200610_20211222_MF100_DMSO,ARMS_Gdynia_GDY_20200610_20211222_MF100_s1_r1,EMOBON_Gdynia_GDY_200610_211222_MF100_1,Batch3.1,18S rRNA (V1-V2),DBN_AAII,DBP_AAFP,37,108,3996,DBQ_AAKU,DBQ_AAKUOSTA_2_H3KVNDRX5.UDI293-BID13,DBQ_AAKUOSTA_2_1_H3KVNDRX5.UDI293-BID13_clean.fastq.gz,DBQ_AAKUOSTA_2_2_H3KVNDRX5.UDI293-BID13_clean.fastq.gz,not reported by Genoscope,CEB_DEZ,CEB_DFA,11022968,,ARMS organisms sample from station Gdynia,240409_JARVIS_H3KVNDRX5
EMOBON00784,ARMS_Gdynia_GDY_20200610_20211222_SF40_DMSO,ARMS_Gdynia_GDY_20200610_20211222_SF40_s1_r1,EMOBON_Gdynia_GDY_200610_211222_SF40_1,Batch3.1,18S rRNA (V1-V2),DBN_AAIJ,DBP_AAFW,"21,9",108,"2365,2",DBQ_AALB,DBQ_AALBOSTA_2_H5FGYDRX5.UDI376-BID15,DBQ_AALBOSTA_2_1_H5FGYDRX5.UDI376-BID15_clean.fastq.gz,DBQ_AALBOSTA_2_2_H5FGYDRX5.UDI376-BID15_clean.fastq.gz,not reported by Genoscope,CEB_DEZ,CEB_DFA,330583,Sequencing will be repeated,ARMS organisms sample from station Gdynia,240411_JARVIS_H5FGYDRX5
EMOBON00784,ARMS_Gdynia_GDY_20200610_20211222_SF40_DMSO,ARMS_Gdynia_GDY_20200610_20211222_SF40_s1_r1,EMOBON_Gdynia_GDY_200610_211222_SF40_1,Batch3.1,18S rRNA (V1-V2),DBN_AAIJ,DBP_AAFW,"21,9",108,"2365,2",DBQ_AALB,DBQ_AALBOSTA_1_H55TTDRX5.UDI013-BID15,DBQ_AALBOSTA_1_1_H55TTDRX5.UDI013-BID15_clean.fastq.gz,DBQ_AALBOSTA_1_2_H55TTDRX5.UDI013-BID15_clean.fastq.gz,not reported by Genoscope,CEB_DEZ,CEB_DFA,4304815,Repeated sequencing,ARMS organisms sample from station Gdynia,240619_JARVIS_H55TTDRX5
EMOBON00785,ARMS_Gdynia_GDY_20200610_20211222_SF40_DMSO_A,ARMS_Gdynia_GDY_20200610_20211222_SF40_s2_r1,EMOBON_Gdynia_GDY_200610_211222_SF40_2,Batch3.1,18S rRNA (V1-V2),DBN_AAIK,DBP_AAFX,"30,7",108,"3315,6",DBQ_AALC,DBQ_AALCOSTA_2_H3KVNDRX5.UDI293-BID15,DBQ_AALCOSTA_2_1_H3KVNDRX5.UDI293-BID15_clean.fastq.gz,DBQ_AALCOSTA_2_2_H3KVNDRX5.UDI293-BID15_clean.fastq.gz,not reported by Genoscope,CEB_DEZ,CEB_DFA,475954,Sequencing will be repeated,ARMS organisms sample from station Gdynia,240409_JARVIS_H3KVNDRX5
EMOBON00785,ARMS_Gdynia_GDY_20200610_20211222_SF40_DMSO_A,ARMS_Gdynia_GDY_20200610_20211222_SF40_s2_r1,EMOBON_Gdynia_GDY_200610_211222_SF40_2,Batch3.1,18S rRNA (V1-V2),DBN_AAIK,DBP_AAFX,"30,7",108,"3315,6",DBQ_AALC,DBQ_AALCOSTA_1_H55TTDRX5.UDI025-BID15,DBQ_AALCOSTA_1_1_H55TTDRX5.UDI025-BID15_clean.fastq.gz,DBQ_AALCOSTA_1_2_H55TTDRX5.UDI025-BID15_clean.fastq.gz,not reported by Genoscope,CEB_DEZ,CEB_DFA,4053562,Repeated sequencing,ARMS organisms sample from station Gdynia,240619_JARVIS_H55TTDRX5
EMOBON00786,ARMS_TZS_SPIK_210607-211122_PSF40_DMSO_A,ARMS_TZS_Spikarna_20210607_20211122_SF40_s1_r1,EMOBON_TZS_Spikarna_210607_211122_SF40_1,Batch3.1,18S rRNA (V1-V2),DBN_AAIL,DBP_AAFY,"26,3",108,"2840,4",DBQ_AALD,DBQ_AALDOSTA_2_H3KVNDRX5.UDI305-BID15,DBQ_AALDOSTA_2_1_H3KVNDRX5.UDI305-BID15_clean.fastq.gz,DBQ_AALDOSTA_2_2_H3KVNDRX5.UDI305-BID15_clean.fastq.gz,not reported by Genoscope,CEB_DEZ,CEB_DFA,834810,,ARMS organisms sample from station TZS,240409_JARVIS_H3KVNDRX5
EMOBON00787,ARMS_TZS_SPIK_210607-211122_PSF40_DMSO_B,ARMS_TZS_Spikarna_20210607_20211122_SF40_s2_r1,EMOBON_TZS_Spikarna_210607_211122_SF40_2,Batch3.1,18S rRNA (V1-V2),DBN_AAIM,DBP_AAFZ,"34,3",108,"3704,4",DBQ_AALE,DBQ_AALEOSTA_2_H3KVNDRX5.UDI317-BID15,DBQ_AALEOSTA_2_1_H3KVNDRX5.UDI317-BID15_clean.fastq.gz,DBQ_AALEOSTA_2_2_H3KVNDRX5.UDI317-BID15_clean.fastq.gz,not reported by Genoscope,CEB_DEZ,CEB_DFA,771997,,ARMS organisms sample from station TZS,240409_JARVIS_H3KVNDRX5
EMOBON00788,ARMS_TZS_SPIK_210607-211122_MF500_DMSO,ARMS_TZS_Spikarna_20210607_20211122_MF500_s1_r1,EMOBON_TZS_Spikarna_210607_211122_MF500_1,Batch3.1,18S rRNA (V1-V2),DBN_AAIN,DBP_AAGA,11,108,1188,DBQ_AALF,DBQ_AALFOSTA_2_H3KVNDRX5.UDI329-BID15,DBQ_AALFOSTA_2_1_H3KVNDRX5.UDI329-BID15_clean.fastq.gz,DBQ_AALFOSTA_2_2_H3KVNDRX5.UDI329-BID15_clean.fastq.gz,not reported by Genoscope,CEB_DEZ,CEB_DFA,833489,,ARMS organisms sample from station TZS,240409_JARVIS_H3KVNDRX5
EMOBON00789,ARMS_TZS_SPIK_210607-211122_MF100_DMSO,ARMS_TZS_Spikarna_20210607_20211122_MF100_s1_r1,EMOBON_TZS_Spikarna_210607_211122_MF100_1,Batch3.1,18S rRNA (V1-V2),DBN_AAIO,DBP_AAGB,"12,7",108,"1371,6",DBQ_AALG,DBQ_AALGOSTA_2_H5FGYDRX5.UDI340-BID16,DBQ_AALGOSTA_2_1_H5FGYDRX5.UDI340-BID16_clean.fastq.gz,DBQ_AALGOSTA_2_2_H5FGYDRX5.UDI340-BID16_clean.fastq.gz,not reported by Genoscope,CEB_DEZ,CEB_DFA,3763047,,ARMS organisms sample from station TZS,240411_JARVIS_H5FGYDRX5
EMOBON00790,ARMS_TZS_KUMM_210608-211122_PSF_DMSO,ARMS_TZS_Kummelkobben_20210608_20211122_SF_s1_r1,EMOBON_TZS_Kummelkobben_210608_211122_SF_1,Batch3.1,18S rRNA (V1-V2),DBN_AAIP,DBP_AAGC,"33,4",98,"3273,2",DBQ_AALH,DBQ_AALHOSTA_2_H5FGYDRX5.UDI352-BID16,DBQ_AALHOSTA_2_1_H5FGYDRX5.UDI352-BID16_clean.fastq.gz,DBQ_AALHOSTA_2_2_H5FGYDRX5.UDI352-BID16_clean.fastq.gz,not reported by Genoscope,CEB_DEZ,CEB_DFA,4191225,,ARMS organisms sample from station TZS,240411_JARVIS_H5FGYDRX5
EMOBON00791,ARMS_TZS_KUMM_210608-211122_MF100_DMSO,ARMS_TZS_Kummelkobben_20210608_20211122_MF100_s1_r1,EMOBON_TZS_Kummelkobben_210608_211122_MF100_1,Batch3.1,18S rRNA (V1-V2),DBN_AAIQ,DBP_AAGD,98,98,9604,DBQ_AALI,DBQ_AALIOSTA_2_H5FGYDRX5.UDI364-BID16,DBQ_AALIOSTA_2_1_H5FGYDRX5.UDI364-BID16_clean.fastq.gz,DBQ_AALIOSTA_2_2_H5FGYDRX5.UDI364-BID16_clean.fastq.gz,not reported by Genoscope,CEB_DEZ,CEB_DFA,3103891,,ARMS organisms sample from station TZS,240411_JARVIS_H5FGYDRX5
EMOBON00792,ARMS_TZS_KUMM_210608-211122_MF500_DMSO,ARMS_TZS_Kummelkobben_20210608_20211122_MF500_s1_r1,EMOBON_TZS_Kummelkobben_210608_211122_MF500_1,Batch3.1,18S rRNA (V1-V2),DBN_AAIR,DBP_AAGE,"43,3",98,"4243,4",DBQ_AALJ,DBQ_AALJOSTA_2_H5FGYDRX5.UDI376-BID16,DBQ_AALJOSTA_2_1_H5FGYDRX5.UDI376-BID16_clean.fastq.gz,DBQ_AALJOSTA_2_2_H5FGYDRX5.UDI376-BID16_clean.fastq.gz,not reported by Genoscope,CEB_DEZ,CEB_DFA,4345348,,ARMS organisms sample from station TZS,240411_JARVIS_H5FGYDRX5
EMOBON00793,ARMS_TZS_ANG_210608-211124_PSF40_DMSO_A,ARMS_TZS_Angbat_20210608_20211124_SF40_s1_r1,EMOBON_TZS_Angbat_210608_211124_SF40_1,Batch3.1,18S rRNA (V1-V2),DBN_AAIS,DBP_AAGF,"47,2",98,"4625,6",DBQ_AALK,DBQ_AALKOSTA_2_H3KVNDRX5.UDI293-BID16,DBQ_AALKOSTA_2_1_H3KVNDRX5.UDI293-BID16_clean.fastq.gz,DBQ_AALKOSTA_2_2_H3KVNDRX5.UDI293-BID16_clean.fastq.gz,not reported by Genoscope,CEB_DEZ,CEB_DFA,5959539,,ARMS organisms sample from station TZS,240409_JARVIS_H3KVNDRX5
EMOBON00794,ARMS_TZS_ANG_210608-211124_PSF40_DMSO_B,ARMS_TZS_Angbat_20210608_20211124_SF40_s2_r1,EMOBON_TZS_Angbat_210608_211124_SF40_2,Batch3.1,18S rRNA (V1-V2),DBN_AAIT,DBP_AAGG,"34,8",98,"3410,4",DBQ_AALL,DBQ_AALLOSTA_2_H3KVNDRX5.UDI305-BID16,DBQ_AALLOSTA_2_1_H3KVNDRX5.UDI305-BID16_clean.fastq.gz,DBQ_AALLOSTA_2_2_H3KVNDRX5.UDI305-BID16_clean.fastq.gz,not reported by Genoscope,CEB_DEZ,CEB_DFA,3792847,,ARMS organisms sample from station TZS,240409_JARVIS_H3KVNDRX5
EMOBON00796,ARMS_TZS_ANG_210608-211124_MF100_DMSO_A,ARMS_TZS_Angbat_20210608_20211124_MF100_s1_r1,EMOBON_TZS_Angbat_210608_211124_MF100_1,Batch3.1,18S rRNA (V1-V2),DBN_AAIU,DBP_AAGH,"88,4",98,"8663,2",DBQ_AALM,DBQ_AALMOSTA_2_H3KVNDRX5.UDI317-BID16,DBQ_AALMOSTA_2_1_H3KVNDRX5.UDI317-BID16_clean.fastq.gz,DBQ_AALMOSTA_2_2_H3KVNDRX5.UDI317-BID16_clean.fastq.gz,not reported by Genoscope,CEB_DEZ,CEB_DFA,2638448,,ARMS organisms sample from station TZS,240409_JARVIS_H3KVNDRX5
EMOBON00797,ARMS_TZS_ANG_210608-211124_MF100_DMSO_B,ARMS_TZS_Angbat_20210608_20211124_MF100_s2_r1,EMOBON_TZS_Angbat_210608_211124_MF100_2,Batch3.1,18S rRNA (V1-V2),DBN_AAIV,DBP_AAGI,"106,25",98,"10412,5",DBQ_AALN,DBQ_AALNOSTA_2_H3KVNDRX5.UDI329-BID16,DBQ_AALNOSTA_2_1_H3KVNDRX5.UDI329-BID16_clean.fastq.gz,DBQ_AALNOSTA_2_2_H3KVNDRX5.UDI329-BID16_clean.fastq.gz,not reported by Genoscope,CEB_DEZ,CEB_DFA,2479513,,ARMS organisms sample from station TZS,240409_JARVIS_H3KVNDRX5
EMOBON00798,ARMS_TZS_ANG_210608-211124_MF500_DMSO_A,ARMS_TZS_Angbat_20210608_20211124_MF500_s1_r1,EMOBON_TZS_Angbat_210608_211124_MF500_1,Batch3.1,18S rRNA (V1-V2),DBN_AAIW,DBP_AAGJ,"38,45",98,"3768,1",DBQ_AALO,DBQ_AALOOSTA_2_H5FGYDRX5.UDI340-BID17,DBQ_AALOOSTA_2_1_H5FGYDRX5.UDI340-BID17_clean.fastq.gz,DBQ_AALOOSTA_2_2_H5FGYDRX5.UDI340-BID17_clean.fastq.gz,not reported by Genoscope,CEB_DEZ,CEB_DFA,8276748,,ARMS organisms sample from station TZS,240411_JARVIS_H5FGYDRX5
EMOBON00799,ARMS_TZS_ANG_210608-211124_MF500_DMSO_B,ARMS_TZS_Angbat_20210608_20211124_MF500_s2_r1,EMOBON_TZS_Angbat_210608_211124_MF500_2,Batch3.1,18S rRNA (V1-V2),DBN_AAIX,DBP_AAGK,"64,7",98,"6340,6",DBQ_AALP,DBQ_AALPOSTA_2_H5FGYDRX5.UDI352-BID17,DBQ_AALPOSTA_2_1_H5FGYDRX5.UDI352-BID17_clean.fastq.gz,DBQ_AALPOSTA_2_2_H5FGYDRX5.UDI352-BID17_clean.fastq.gz,not reported by Genoscope,CEB_DEZ,CEB_DFA,9573419,,ARMS organisms sample from station TZS,240411_JARVIS_H5FGYDRX5
EMOBON00800,ARMS_TZS_KUMM_210609_220622_SF40_ETOH_A,ARMS_TZS_Kummelkobben_20210609_20220622_SF40_ETOH_s1_r1,EMOBON_TZS_Kummelkobben_210609_220622_SF40_1,Batch3.1,18S rRNA (V1-V2),DBN_AAIY,DBP_AAAV,"39,76",98,"3896,5",DBQ_AAJK,DBQ_AAJKOSTA_2_H5FGYDRX5.UDI340-BID05,DBQ_AAJKOSTA_2_1_H5FGYDRX5.UDI340-BID05_clean.fastq.gz,DBQ_AAJKOSTA_2_2_H5FGYDRX5.UDI340-BID05_clean.fastq.gz,not reported by Genoscope,CEB_DEZ,CEB_DFA,5177503,,ARMS organisms sample from station TZS,240411_JARVIS_H5FGYDRX5
EMOBON00801,ARMS_TZS_KUMM_210609_220622_MF100_ETOH,ARMS_TZS_Kummelkobben_20210609_20220622_MF100_ETOH_s1_r1,EMOBON_TZS_Kummelkobben_210609_220622_MF100_1,Batch3.1,18S rRNA (V1-V2),DBN_AAIZ,DBP_AAGL,"15,8",98,"1548,4",DBQ_AALQ,DBQ_AALQOSTA_2_H5FGYDRX5.UDI364-BID17,DBQ_AALQOSTA_2_1_H5FGYDRX5.UDI364-BID17_clean.fastq.gz,DBQ_AALQOSTA_2_2_H5FGYDRX5.UDI364-BID17_clean.fastq.gz,not reported by Genoscope,CEB_DEZ,CEB_DFA,7520321,,ARMS organisms sample from station TZS,240411_JARVIS_H5FGYDRX5
EMOBON00802,ARMS_TZS_KUMM_210609_220622_MF500_ETOH,ARMS_TZS_Kummelkobben_20210609_20220622_MF500_ETOH_s1_r1,EMOBON_TZS_Kummelkobben_210609_220622_MF500_1,Batch3.1,18S rRNA (V1-V2),DBN_AAJA,DBP_AAGM,"17,6",98,"1724,8",DBQ_AALR,DBQ_AALROSTA_2_H5FGYDRX5.UDI376-BID17,DBQ_AALROSTA_2_1_H5FGYDRX5.UDI376-BID17_clean.fastq.gz,DBQ_AALROSTA_2_2_H5FGYDRX5.UDI376-BID17_clean.fastq.gz,not reported by Genoscope,CEB_DEZ,CEB_DFA,8214897,,ARMS organisms sample from station TZS,240411_JARVIS_H5FGYDRX5
EMOBON00803,ARMS_TZS_ANG_210609_300622_SF40_ETOH_A,ARMS_TZS_Angbat_20210609_20220630_SF40_ETOH_s1_r1,EMOBON_TZS_Angbat_210609_220630_SF40_1,Batch3.1,18S rRNA (V1-V2),DBN_AAJB,DBP_AAGN,"39,8",98,"3900,4",DBQ_AALS,DBQ_AALSOSTA_2_H3KVNDRX5.UDI293-BID17,DBQ_AALSOSTA_2_1_H3KVNDRX5.UDI293-BID17_clean.fastq.gz,DBQ_AALSOSTA_2_2_H3KVNDRX5.UDI293-BID17_clean.fastq.gz,not reported by Genoscope,CEB_DEZ,CEB_DFA,9549313,,ARMS organisms sample from station TZS,240409_JARVIS_H3KVNDRX5
EMOBON00804,ARMS_TZS_ANG_210609_300622_SF40_ETOH_B,ARMS_TZS_Angbat_20210609_20220630_SF40_ETOH_s2_r1,EMOBON_TZS_Angbat_210609_220630_SF40_2,Batch3.1,18S rRNA (V1-V2),DBN_AAJC,DBP_AAGO,"56,25",98,"5512,5",DBQ_AALT,DBQ_AALTOSTA_2_H3KVNDRX5.UDI305-BID17,DBQ_AALTOSTA_2_1_H3KVNDRX5.UDI305-BID17_clean.fastq.gz,DBQ_AALTOSTA_2_2_H3KVNDRX5.UDI305-BID17_clean.fastq.gz,not reported by Genoscope,CEB_DEZ,CEB_DFA,6991626,,ARMS organisms sample from station TZS,240409_JARVIS_H3KVNDRX5
EMOBON00805,ARMS_TZS_ANG_210609_300622_MF100_ETOH_A,ARMS_TZS_Angbat_20210609_20220630_MF100_ETOH_s1_r1,EMOBON_TZS_Angbat_210609_220630_MF100_1,Batch3.1,18S rRNA (V1-V2),DBN_AAJD,DBP_AAGP,"25,8",98,"2528,4",DBQ_AALU,DBQ_AALUOSTA_2_H3KVNDRX5.UDI317-BID17,DBQ_AALUOSTA_2_1_H3KVNDRX5.UDI317-BID17_clean.fastq.gz,DBQ_AALUOSTA_2_2_H3KVNDRX5.UDI317-BID17_clean.fastq.gz,not reported by Genoscope,CEB_DEZ,CEB_DFA,10080369,,ARMS organisms sample from station TZS,240409_JARVIS_H3KVNDRX5
EMOBON00806,ARMS_TZS_ANG_210609_300622_MF100_ETOH_B,ARMS_TZS_Angbat_20210609_20220630_MF100_ETOH_s2_r1,EMOBON_TZS_Angbat_210609_220630_MF100_2,Batch3.1,18S rRNA (V1-V2),DBN_AAJE,DBP_AAGQ,30,98,2940,DBQ_AALV,DBQ_AALVOSTA_2_H3KVNDRX5.UDI329-BID17,DBQ_AALVOSTA_2_1_H3KVNDRX5.UDI329-BID17_clean.fastq.gz,DBQ_AALVOSTA_2_2_H3KVNDRX5.UDI329-BID17_clean.fastq.gz,not reported by Genoscope,CEB_DEZ,CEB_DFA,8056826,,ARMS organisms sample from station TZS,240409_JARVIS_H3KVNDRX5
EMOBON00808,ARMS_Laesoe1_210819-220815_MF100_A,ARMS_Laeso_Laeso1_20210819_20220815_MF100_s1_r1,EMOBON_Laeso_Laeso1_210819_220815_MF100_1,Batch3.1,18S rRNA (V1-V2),DBN_AAJG,DBP_AAGR,"66,95",98,"6561,1",DBQ_AASS,DBQ_AASSOSTA_2_H5FGYDRX5.UDI363-BID01,DBQ_AASSOSTA_2_1_H5FGYDRX5.UDI363-BID01_clean.fastq.gz,DBQ_AASSOSTA_2_2_H5FGYDRX5.UDI363-BID01_clean.fastq.gz,not reported by Genoscope,CEB_DFR,CEB_DFS,2898731,,ARMS organisms sample from station Auhrus,240411_JARVIS_H5FGYDRX5
EMOBON00809,ARMS_Laesoe1_210819-220815_MF500_A,ARMS_Laeso_Laeso1_20210819_20220815_MF500_s1_r1,EMOBON_Laeso_Laeso1_210819_220815_MF500_1,Batch3.1,18S rRNA (V1-V2),DBN_AAJH,DBP_AAGS,"7,18",98,"703,6",DBQ_AAVV,DBQ_AAVVOSTA_1_H3L7NDRX5.UDI315-BID01,DBQ_AAVVOSTA_1_1_H3L7NDRX5.UDI315-BID01_clean.fastq.gz,DBQ_AAVVOSTA_1_2_H3L7NDRX5.UDI315-BID01_clean.fastq.gz,not reported by Genoscope,CEB_DFT,CEB_DFU,2952949,,ARMS organisms sample from station Auhrus,240409_JARVIS_H3L7NDRX5
EMOBON00810,ARMS_Laesoe1_210819-220815_SF40_A,ARMS_Laeso_Laeso1_20210819_20220815_SF40_s1_r1,EMOBON_Laeso_Laeso1_210819_220815_SF40_1,Batch3.1,18S rRNA (V1-V2),DBN_AAJI,DBP_AAGT,"6,52",98,639,DBQ_AASU,DBQ_AASUOSTA_2_H5FGYDRX5.UDI292-BID01,DBQ_AASUOSTA_2_1_H5FGYDRX5.UDI292-BID01_clean.fastq.gz,DBQ_AASUOSTA_2_2_H5FGYDRX5.UDI292-BID01_clean.fastq.gz,not reported by Genoscope,CEB_DFR,CEB_DFS,8503545,,ARMS organisms sample from station Auhrus,240411_JARVIS_H5FGYDRX5
EMOBON00811,ARMS_Laesoe2_210819-220815_MF100_A,ARMS_Laeso_Laeso2_20210819_20220815_MF100_s1_r1,EMOBON_Laeso_Laeso2_210819_220815_MF100_1,Batch3.1,18S rRNA (V1-V2),DBN_AAJJ,DBP_AAGU,"1,794",90,"161,4",DBQ_AASV,DBQ_AASVOSTA_2_H5FGYDRX5.UDI304-BID01,DBQ_AASVOSTA_2_1_H5FGYDRX5.UDI304-BID01_clean.fastq.gz,DBQ_AASVOSTA_2_2_H5FGYDRX5.UDI304-BID01_clean.fastq.gz,not reported by Genoscope,CEB_DFR,CEB_DFS,5508478,,ARMS organisms sample from station Auhrus,240411_JARVIS_H5FGYDRX5
EMOBON00812,ARMS_Laesoe2_210819-220815_MF500_A,ARMS_Laeso_Laeso2_20210819_20220815_MF500_s1_r1,EMOBON_Laeso_Laeso2_210819_220815_MF500_1,Batch3.1,18S rRNA (V1-V2),DBN_AAJK,DBP_AAGV,"9,435",90,"849,1",DBQ_AASW,DBQ_AASWOSTA_2_H5FGYDRX5.UDI316-BID01,DBQ_AASWOSTA_2_1_H5FGYDRX5.UDI316-BID01_clean.fastq.gz,DBQ_AASWOSTA_2_2_H5FGYDRX5.UDI316-BID01_clean.fastq.gz,not reported by Genoscope,CEB_DFR,CEB_DFS,6300784,,ARMS organisms sample from station Auhrus,240411_JARVIS_H5FGYDRX5
EMOBON00813,ARMS_Laesoe2_210819-220815_SF40_A,ARMS_Laeso_Laeso2_20210819_20220815_SF40_s1_r1,EMOBON_Laeso_Laeso2_210819_220815_SF40_1,Batch3.1,18S rRNA (V1-V2),DBN_AAJL,DBP_AAGW,"51,52",90,"4636,8",DBQ_AASX,DBQ_AASXOSTA_2_H5FGYDRX5.UDI328-BID01,DBQ_AASXOSTA_2_1_H5FGYDRX5.UDI328-BID01_clean.fastq.gz,DBQ_AASXOSTA_2_2_H5FGYDRX5.UDI328-BID01_clean.fastq.gz,not reported by Genoscope,CEB_DFR,CEB_DFS,8963033,,ARMS organisms sample from station Auhrus,240411_JARVIS_H5FGYDRX5
EMOBON00815,ARMS_Bodo_GStraM_MF125,ARMS_Bodo_GStraM_20210617_20221117_MF125_s1_r1,EMOBON_Bodo_GStraM_210617_221117_MF125,Batch3.1,18S rRNA (V1-V2),DBN_AAJN,DBP_AAGY,"14,56",90,"1310,4",DBQ_AASZ,DBQ_AASZOSTA_1_H3L7NDRX5.UDI339-BID01,DBQ_AASZOSTA_1_1_H3L7NDRX5.UDI339-BID01_clean.fastq.gz,DBQ_AASZOSTA_1_2_H3L7NDRX5.UDI339-BID01_clean.fastq.gz,not reported by Genoscope,CEB_DFR,CEB_DFS,8872317,,ARMS organisms sample from station Bodo,240409_JARVIS_H3L7NDRX5
EMOBON00816,ARMS_Bodo_GStraM_MF500,ARMS_Bodo_GStraM_20210617_20221117_MF500_s1_r1,EMOBON_Bodo_GStraM_210617_221117_MF500,Batch3.1,18S rRNA (V1-V2),DBN_AAJO,DBP_AAGZ,"5,168",90,"465,1",DBQ_AATA,DBQ_AATAOSTA_2_H5FGYDRX5.UDI363-BID02,DBQ_AATAOSTA_2_1_H5FGYDRX5.UDI363-BID02_clean.fastq.gz,DBQ_AATAOSTA_2_2_H5FGYDRX5.UDI363-BID02_clean.fastq.gz,not reported by Genoscope,CEB_DFR,CEB_DFS,1510977,,ARMS organisms sample from station Bodo,240411_JARVIS_H5FGYDRX5
EMOBON00818,ARMS_Bodo_GStraB_MF125,ARMS_Bodo_GStraB_20210617_20221117_MF125_s1_r1,EMOBON_Bodo_GStraB_210617_221117_MF125,Batch3.1,18S rRNA (V1-V2),DBN_AAJQ,DBP_AAHB,"13,198",90,"1187,8",DBQ_AATC,DBQ_AATCOSTA_2_H5FGYDRX5.UDI292-BID02,DBQ_AATCOSTA_2_1_H5FGYDRX5.UDI292-BID02_clean.fastq.gz,DBQ_AATCOSTA_2_2_H5FGYDRX5.UDI292-BID02_clean.fastq.gz,not reported by Genoscope,CEB_DFR,CEB_DFS,1624733,,ARMS organisms sample from station Bodo,240411_JARVIS_H5FGYDRX5
EMOBON00819,ARMS_Bodo_GStraB_MF500,ARMS_Bodo_GStraB_20210617_20221117_MF500_s1_r1,EMOBON_Bodo_GStraB_210617_221117_MF500,Batch3.1,18S rRNA (V1-V2),DBN_AAJR,DBP_AAHC,"11,894",90,"1070,5",DBQ_AATD,DBQ_AATDOSTA_2_H5FGYDRX5.UDI304-BID02,DBQ_AATDOSTA_2_1_H5FGYDRX5.UDI304-BID02_clean.fastq.gz,DBQ_AATDOSTA_2_2_H5FGYDRX5.UDI304-BID02_clean.fastq.gz,not reported by Genoscope,CEB_DFR,CEB_DFS,1605270,,ARMS organisms sample from station Bodo,240411_JARVIS_H5FGYDRX5
EMOBON040330,ARMS_BelgiumCoast_CoastbustersB_20210422_20230215_SF40_1,ARMS_BelgiumCoast_CoastbustersB_20210422_20230215_SF40_s1_r1,EMOBON_BPNS_CoastbustersB_210422_230215_SF40_1,Batch4,18S rRNA (V1-V2),DBN_AAJS,DBP_AAOT,477,108,"51,5",DBN_AAJS,DBQ_ABAMOSTA_1_HJ5N5DRX5.UDI097-BID15,DBQ_ABAMOSTA_1_1_HJ5N5DRX5.UDI097-BID15_clean.fastq.gz,DBQ_ABAMOSTA_1_2_HJ5N5DRX5.UDI097-BID15_clean.fastq.gz,CDW_AAJQ,CEB_DKN,CEB_DKO,1608030,,ARMS organisms sample from station BPNS,241031_JARVIS_HJ5N5DRX5
EMOBON040331,ARMS_BelgiumCoast_CoastbustersB_20210422_20230215_SF40_2,ARMS_BelgiumCoast_CoastbustersB_20210422_20230215_SF40_s2_r1,EMOBON_BPNS_CoastbustersB_210422_230215_SF40_2,Batch4,18S rRNA (V1-V2),DBN_AAJT,DBP_AAOU,309,108,"33,4",DBN_AAJT,DBQ_ABANOSTA_1_HJ5N5DRX5.UDI109-BID15,DBQ_ABANOSTA_1_1_HJ5N5DRX5.UDI109-BID15_clean.fastq.gz,DBQ_ABANOSTA_1_2_HJ5N5DRX5.UDI109-BID15_clean.fastq.gz,CDW_AAJQ,CEB_DKN,CEB_DKO,2112953,,ARMS organisms sample from station BPNS,241031_JARVIS_HJ5N5DRX5
EMOBON040332,ARMS_BelgiumCoast_CoastbustersB_20210422_20230215_MF100_1,ARMS_BelgiumCoast_CoastbustersB_20210422_20230215_MF100_s1_r1,EMOBON_BPNS_CoastbustersB_210422_230215_MF100_1,Batch4,18S rRNA (V1-V2),DBN_AAJU,DBP_AAJW,"14,8",108,"1598,4",DBN_AAJU,DBQ_AAWJOSTA_1_HJ5N5DRX5.UDI122-BID01,DBQ_AAWJOSTA_1_1_HJ5N5DRX5.UDI122-BID01_clean.fastq.gz,DBQ_AAWJOSTA_1_2_HJ5N5DRX5.UDI122-BID01_clean.fastq.gz,CDW_AAJQ,CEB_DKL,CEB_DKM,3559752,,ARMS organisms sample from station BPNS,241031_JARVIS_HJ5N5DRX5
EMOBON040333,ARMS_BelgiumCoast_CoastbustersB_20210422_20230215_MF100_2,ARMS_BelgiumCoast_CoastbustersB_20210422_20230215_MF100_s2_r1,EMOBON_BPNS_CoastbustersB_210422_230215_MF100_2,Batch4,18S rRNA (V1-V2),DBN_AAJV,DBP_AAJX,"9,31",108,"1005,5",DBN_AAJV,DBQ_AAWKOSTA_1_HJ5N5DRX5.UDI122-BID02,DBQ_AAWKOSTA_1_1_HJ5N5DRX5.UDI122-BID02_clean.fastq.gz,DBQ_AAWKOSTA_1_2_HJ5N5DRX5.UDI122-BID02_clean.fastq.gz,CDW_AAJQ,CEB_DKL,CEB_DKM,2270130,,ARMS organisms sample from station BPNS,241031_JARVIS_HJ5N5DRX5
EMOBON040334,ARMS_BelgiumCoast_CoastbustersB_20210422_20230215_MF500_1,ARMS_BelgiumCoast_CoastbustersB_20210422_20230215_MF500_s1_r1,EMOBON_BPNS_CoastbustersB_210422_230215_MF500_1,Batch4,18S rRNA (V1-V2),DBN_AAJW,DBP_AAJY,"20,85",108,"2251,8",DBN_AAJW,DBQ_AAWLOSTA_1_HJ5N5DRX5.UDI122-BID04,DBQ_AAWLOSTA_1_1_HJ5N5DRX5.UDI122-BID04_clean.fastq.gz,DBQ_AAWLOSTA_1_2_HJ5N5DRX5.UDI122-BID04_clean.fastq.gz,CDW_AAJQ,CEB_DKL,CEB_DKM,2517621,,ARMS organisms sample from station BPNS,241031_JARVIS_HJ5N5DRX5
EMOBON040337,ARMS_BelgiumCoast_CPowerA_20220622_20230905_MF100_1,ARMS_BelgiumCoast_CPOWERA_20220622_20230905_MF100_s1_r1,EMOBON_BPNS_CPowerA_220622_230905_MF100_1,Batch4,18S rRNA (V1-V2),DBN_AAJZ,DBP_AAKB,"3,17",108,"342,4",DBN_AAJZ,DBQ_AAWMOSTA_1_HJ5N5DRX5.UDI122-BID05,DBQ_AAWMOSTA_1_1_HJ5N5DRX5.UDI122-BID05_clean.fastq.gz,DBQ_AAWMOSTA_1_2_HJ5N5DRX5.UDI122-BID05_clean.fastq.gz,CDW_AAJQ,CEB_DKL,CEB_DKM,5111134,,ARMS organisms sample from station BPNS,241031_JARVIS_HJ5N5DRX5
EMOBON040338,ARMS_BelgiumCoast_CPowerA_20220622_20230905_MF500_1,ARMS_BelgiumCoast_CPOWERA_20220622_20230905_MF500_s1_r1,EMOBON_BPNS_CPowerA_220622_230905_MF500_1,Batch4,18S rRNA (V1-V2),DBN_AAKA,DBP_AAKC,"10,6",108,"1144,8",DBN_AAKA,DBQ_AAWNOSTA_1_HJ5N5DRX5.UDI122-BID08,DBQ_AAWNOSTA_1_1_HJ5N5DRX5.UDI122-BID08_clean.fastq.gz,DBQ_AAWNOSTA_1_2_HJ5N5DRX5.UDI122-BID08_clean.fastq.gz,CDW_AAJQ,CEB_DKL,CEB_DKM,2531502,,ARMS organisms sample from station BPNS,241031_JARVIS_HJ5N5DRX5
EMOBON040339,ARMS_BelgiumCoast_CPowerA_20220622_20230905_MF500_2,ARMS_BelgiumCoast_CPOWERA_20220622_20230905_MF500_s2_r1,EMOBON_BPNS_CPowerA_220622_230905_MF500_2,Batch4,18S rRNA (V1-V2),DBN_AAKB,DBP_AAKD,"9,52",108,"1028,2",DBN_AAKB,DBQ_AAWOOSTA_1_HJ5N5DRX5.UDI122-BID09,DBQ_AAWOOSTA_1_1_HJ5N5DRX5.UDI122-BID09_clean.fastq.gz,DBQ_AAWOOSTA_1_2_HJ5N5DRX5.UDI122-BID09_clean.fastq.gz,CDW_AAJQ,CEB_DKL,CEB_DKM,3641040,,ARMS organisms sample from station BPNS,241031_JARVIS_HJ5N5DRX5
EMOBON040341,ARMS_BelgiumCoast_CPowerB_20220622_20230905_SF40_2,ARMS_BelgiumCoast_CPOWERB_20220622_20230905_SF40_s2_r1,EMOBON_BPNS_CPowerB_220622_230905_SF40_2,Batch4,18S rRNA (V1-V2),DBN_AAKD,DBP_AAKF,"0,26",108,"28,1",DBN_AAKD,DBQ_AAWPOSTA_1_HJ5N5DRX5.UDI122-BID11,DBQ_AAWPOSTA_1_1_HJ5N5DRX5.UDI122-BID11_clean.fastq.gz,DBQ_AAWPOSTA_1_2_HJ5N5DRX5.UDI122-BID11_clean.fastq.gz,CDW_AAJQ,CEB_DKL,CEB_DKM,3998565,,ARMS organisms sample from station BPNS,241031_JARVIS_HJ5N5DRX5
EMOBON040342,ARMS_BelgiumCoast_CPowerB_20220622_20230905_MF100_1,ARMS_BelgiumCoast_CPOWERB_20220622_20230905_MF100_s1_r1,EMOBON_BPNS_CPowerB_220622_230905_MF100_1,Batch4,18S rRNA (V1-V2),DBN_AAKE,DBP_AAKG,"15,65",108,"1690,2",DBN_AAKE,DBQ_AAWQOSTA_1_HJ5N5DRX5.UDI122-BID13,DBQ_AAWQOSTA_1_1_HJ5N5DRX5.UDI122-BID13_clean.fastq.gz,DBQ_AAWQOSTA_1_2_HJ5N5DRX5.UDI122-BID13_clean.fastq.gz,CDW_AAJQ,CEB_DKL,CEB_DKM,8396841,,ARMS organisms sample from station BPNS,241031_JARVIS_HJ5N5DRX5
EMOBON040343,ARMS_BelgiumCoast_CPowerB_20220622_20230905_MF100_2,ARMS_BelgiumCoast_CPOWERB_20220622_20230905_MF100_s2_r1,EMOBON_BPNS_CPowerB_220622_230905_MF100_2,Batch4,18S rRNA (V1-V2),DBN_AAKF,DBP_AAKH,"12,55",108,"1355,4",DBN_AAKF,DBQ_AAWROSTA_1_HJ5N5DRX5.UDI122-BID15,DBQ_AAWROSTA_1_1_HJ5N5DRX5.UDI122-BID15_clean.fastq.gz,DBQ_AAWROSTA_1_2_HJ5N5DRX5.UDI122-BID15_clean.fastq.gz,CDW_AAJQ,CEB_DKL,CEB_DKM,2152296,,ARMS organisms sample from station BPNS,241031_JARVIS_HJ5N5DRX5
EMOBON040344,ARMS_BelgiumCoast_CPowerB_20220622_20230905_MF500_1,ARMS_BelgiumCoast_CPOWERB_20220622_20230905_MF500_s1_r1,EMOBON_BPNS_CPowerB_220622_230905_MF500_1,Batch4,18S rRNA (V1-V2),DBN_AAKG,DBP_AAKI,"13,7",109,"1493,3",DBN_AAKG,DBQ_AAWSOSTA_1_HJ5N5DRX5.UDI122-BID16,DBQ_AAWSOSTA_1_1_HJ5N5DRX5.UDI122-BID16_clean.fastq.gz,DBQ_AAWSOSTA_1_2_HJ5N5DRX5.UDI122-BID16_clean.fastq.gz,CDW_AAJQ,CEB_DKL,CEB_DKM,4174572,,ARMS organisms sample from station BPNS,241031_JARVIS_HJ5N5DRX5
EMOBON040345,ARMS_BelgiumCoast_CPowerB_20220622_20230905_MF500_2,ARMS_BelgiumCoast_CPOWERB_20220622_20230905_MF500_s2_r1,EMOBON_BPNS_CPowerB_220622_230905_MF500_2,Batch4,18S rRNA (V1-V2),DBN_AAKH,DBP_AAKJ,"12,15",109,"1324,4",DBN_AAKH,DBQ_AAWTOSTA_1_HJ5N5DRX5.UDI122-BID17,DBQ_AAWTOSTA_1_1_HJ5N5DRX5.UDI122-BID17_clean.fastq.gz,DBQ_AAWTOSTA_1_2_HJ5N5DRX5.UDI122-BID17_clean.fastq.gz,CDW_AAJQ,CEB_DKL,CEB_DKM,6230828,,ARMS organisms sample from station BPNS,241031_JARVIS_HJ5N5DRX5
EMOBON040348,ARMS_BelgiumCoast_CPowerC_20220622_20230905_MF100_1,ARMS_BelgiumCoast_CPOWERC_20220622_20230905_MF100_s1_r1,EMOBON_BPNS_CPowerC_220622_230905_MF100_1,Batch4,18S rRNA (V1-V2),DBN_AAKK,DBP_AAPX,656,198,"129,9",DBN_AAKK,DBQ_AAWUOSTA_1_HJ5N5DRX5.UDI134-BID01,DBQ_AAWUOSTA_1_1_HJ5N5DRX5.UDI134-BID01_clean.fastq.gz,DBQ_AAWUOSTA_1_2_HJ5N5DRX5.UDI134-BID01_clean.fastq.gz,CDW_AAJQ,CEB_DKL,CEB_DKM,378926,Supplement data for later,ARMS organisms sample from station BPNS,241031_JARVIS_HJ5N5DRX5
EMOBON040349,ARMS_BelgiumCoast_CPowerC_20220622_20230905_MF100_2,ARMS_BelgiumCoast_CPOWERC_20220622_20230905_MF100_s2_r1,EMOBON_BPNS_CPowerC_220622_230905_MF100_2,Batch4,18S rRNA (V1-V2),DBN_AAKK,DBP_AAKM,752,109,82,DBN_AAKL,DBQ_ABGWOSTA_2_HJ5N5DRX5.UDI343-BID01,DBQ_ABGWOSTA_2_1_HJ5N5DRX5.UDI343-BID01_clean.fastq.gz,DBQ_ABGWOSTA_2_2_HJ5N5DRX5.UDI343-BID01_clean.fastq.gz,CDW_AAJQ,CEB_DMN,CEB_DMO,2900364,,ARMS organisms sample from station BPNS,241031_JARVIS_HJ5N5DRX5
EMOBON040350,ARMS_BelgiumCoast_CPowerC_20220622_20230905_MF500_1,ARMS_BelgiumCoast_CPOWERC_20220622_20230905_MF500_s1_r1,EMOBON_BPNS_CPowerC_220622_230905_MF500_1,Batch4,18S rRNA (V1-V2),DBN_AAKM,DBP_AAKO,"1,35",109,"147,2",DBN_AAKM,DBQ_ABFUOSTA_2_HGH7NDRX5.UDI181-BID02,DBQ_ABFUOSTA_2_1_HGH7NDRX5.UDI181-BID02_clean.fastq.gz,DBQ_ABFUOSTA_2_2_HGH7NDRX5.UDI181-BID02_clean.fastq.gz,CDW_AAJQ,CEB_DKZ,CEB_DLA,4207047,,ARMS organisms sample from station BPNS,240910_JARVIS_HGH7NDRX5
EMOBON040359,EMOBON_Koster_VH1_Ha_220608_230817_SF_(1),ARMS_Koster_VH1_20220608_20230817_SF40_s1_r1,EMOBON_Koster_VH1_Ha_220608_230817_SF_1,Batch4,18S rRNA (V1-V2),DBN_AAKN,DBP_AAKP,"6,38",109,"695,4",DBN_AAKN,DBQ_AAWXOSTA_1_HJ5N5DRX5.UDI134-BID05,DBQ_AAWXOSTA_1_1_HJ5N5DRX5.UDI134-BID05_clean.fastq.gz,DBQ_AAWXOSTA_1_2_HJ5N5DRX5.UDI134-BID05_clean.fastq.gz,CDW_AAJQ,CEB_DKL,CEB_DKM,6246832,,ARMS organisms sample from station Koster,241031_JARVIS_HJ5N5DRX5
EMOBON040360,EMOBON_Koster_VH1_Ha_220608_230817_SF_(2),ARMS_Koster_VH1_20220608_20230817_SF40_s2_r1,EMOBON_Koster_VH1_Ha_220608_230817_SF_2,Batch4,18S rRNA (V1-V2),DBN_AAKO,DBP_AAKQ,"3,49",109,"380,4",DBN_AAKO,DBQ_AAWYOSTA_1_HJ5N5DRX5.UDI134-BID08,DBQ_AAWYOSTA_1_1_HJ5N5DRX5.UDI134-BID08_clean.fastq.gz,DBQ_AAWYOSTA_1_2_HJ5N5DRX5.UDI134-BID08_clean.fastq.gz,CDW_AAJQ,CEB_DKL,CEB_DKM,2304271,,ARMS organisms sample from station Koster,241031_JARVIS_HJ5N5DRX5
EMOBON040361,EMOBON_Koster_VH1_Ha_220608_230817_MF01_(1),ARMS_Koster_VH1_20220608_20230817_MF100_s1_r1,EMOBON_Koster_VH1_Ha_220608_230817_MF100_1,Batch4,18S rRNA (V1-V2),DBN_AAKP,DBP_AAKR,112,109,12208,DBN_AAKP,DBQ_AAWZOSTA_1_HJ5N5DRX5.UDI134-BID09,DBQ_AAWZOSTA_1_1_HJ5N5DRX5.UDI134-BID09_clean.fastq.gz,DBQ_AAWZOSTA_1_2_HJ5N5DRX5.UDI134-BID09_clean.fastq.gz,CDW_AAJQ,CEB_DKL,CEB_DKM,2610612,,ARMS organisms sample from station Koster,241031_JARVIS_HJ5N5DRX5
EMOBON040362,EMOBON_Koster_VH1_Ha_220608_230817_MF01_(2),ARMS_Koster_VH1_20220608_20230817_MF100_s2_r1,EMOBON_Koster_VH1_Ha_220608_230817_MF100_2,Batch4,18S rRNA (V1-V2),DBN_AAKQ,DBP_AAKS,"73,5",109,"8011,5",DBN_AAKQ,DBQ_AAXAOSTA_1_HJ5N5DRX5.UDI134-BID11,DBQ_AAXAOSTA_1_1_HJ5N5DRX5.UDI134-BID11_clean.fastq.gz,DBQ_AAXAOSTA_1_2_HJ5N5DRX5.UDI134-BID11_clean.fastq.gz,CDW_AAJQ,CEB_DKL,CEB_DKM,4023608,,ARMS organisms sample from station Koster,241031_JARVIS_HJ5N5DRX5
EMOBON040363,EMOBON_Koster_VH1_Ha_220608_230817_MF05_(1),ARMS_Koster_VH1_20220608_20230817_MF500_s1_r1,EMOBON_Koster_VH1_Ha_220608_230817_MF500_1,Batch4,18S rRNA (V1-V2),DBN_AAKR,DBP_AAKT,"16,4",109,"1787,6",DBN_AAKR,DBQ_AAXBOSTA_1_HJ5N5DRX5.UDI134-BID13,DBQ_AAXBOSTA_1_1_HJ5N5DRX5.UDI134-BID13_clean.fastq.gz,DBQ_AAXBOSTA_1_2_HJ5N5DRX5.UDI134-BID13_clean.fastq.gz,CDW_AAJQ,CEB_DKL,CEB_DKM,8970454,,ARMS organisms sample from station Koster,241031_JARVIS_HJ5N5DRX5
EMOBON040364,EMOBON_Koster_VH1_Ha_220608_230817_MF05_(2),ARMS_Koster_VH1_20220608_20230817_MF500_s2_r1,EMOBON_Koster_VH1_Ha_220608_230817_MF500_2,Batch4,18S rRNA (V1-V2),DBN_AAKS,DBP_AAKU,"39,2",109,"4272,8",DBN_AAKS,DBQ_AAXCOSTA_1_HJ5N5DRX5.UDI134-BID15,DBQ_AAXCOSTA_1_1_HJ5N5DRX5.UDI134-BID15_clean.fastq.gz,DBQ_AAXCOSTA_1_2_HJ5N5DRX5.UDI134-BID15_clean.fastq.gz,CDW_AAJQ,CEB_DKL,CEB_DKM,2017930,,ARMS organisms sample from station Koster,241031_JARVIS_HJ5N5DRX5
EMOBON040365,EMOBON_Koster_VH3_Ha_220608_230817_(blank),ARMS_Koster_VH1_20220608_20230817_blank_r1,EMOBON_Koster_VH3_Ha_220608_230817_blank,Batch4,18S rRNA (V1-V2),DBN_AAKT,DBP_AAKV,not reported by Genoscope,not reported by Genoscope,not reported by Genoscope,DBN_AAKT,DBQ_AAXDOSTA_1_HJ5N5DRX5.UDI134-BID16,DBQ_AAXDOSTA_1_1_HJ5N5DRX5.UDI134-BID16_clean.fastq.gz,DBQ_AAXDOSTA_1_2_HJ5N5DRX5.UDI134-BID16_clean.fastq.gz,CDW_AAJQ,CEB_DKL,CEB_DKM,4350853,,ARMS organisms sample from station Koster,241031_JARVIS_HJ5N5DRX5
EMOBON040366,EMOBON_Koster_VH2_Ha_220608_230817_SF_(1),ARMS_Koster_VH2_20220608_20230817_SF40_s1_r1,EMOBON_Koster_VH2_Ha_220608_230817_SF_1,Batch4,18S rRNA (V1-V2),DBN_AAKU,DBP_AAKW,"12,9",109,"1406,1",DBN_AAKU,DBQ_AAXEOSTA_1_HJ5N5DRX5.UDI134-BID17,DBQ_AAXEOSTA_1_1_HJ5N5DRX5.UDI134-BID17_clean.fastq.gz,DBQ_AAXEOSTA_1_2_HJ5N5DRX5.UDI134-BID17_clean.fastq.gz,CDW_AAJQ,CEB_DKL,CEB_DKM,10452029,,ARMS organisms sample from station Koster,241031_JARVIS_HJ5N5DRX5
EMOBON040367,EMOBON_Koster_VH2_Ha_220608_230817_SF_(2),ARMS_Koster_VH2_20220608_20230817_SF40_s2_r1,EMOBON_Koster_VH2_Ha_220608_230817_SF_2,Batch4,18S rRNA (V1-V2),DBN_AAKV,DBP_AAKX,"7,6",109,"828,4",DBN_AAKV,DBQ_AAXFOSTA_1_HJ5N5DRX5.UDI146-BID01,DBQ_AAXFOSTA_1_1_HJ5N5DRX5.UDI146-BID01_clean.fastq.gz,DBQ_AAXFOSTA_1_2_HJ5N5DRX5.UDI146-BID01_clean.fastq.gz,CDW_AAJQ,CEB_DKL,CEB_DKM,9615862,,ARMS organisms sample from station Koster,241031_JARVIS_HJ5N5DRX5
EMOBON040368,EMOBON_Koster_VH2_Ha_220608_230817_MF01_(1),ARMS_Koster_VH2_20220608_20230817_MF100_s1_r1,EMOBON_Koster_VH2_Ha_220608_230817_MF100_1,Batch4,18S rRNA (V1-V2),DBN_AAKW,DBP_AAKY,77,109,8393,DBN_AAKW,DBQ_AAXGOSTA_1_HJ5N5DRX5.UDI146-BID02,DBQ_AAXGOSTA_1_1_HJ5N5DRX5.UDI146-BID02_clean.fastq.gz,DBQ_AAXGOSTA_1_2_HJ5N5DRX5.UDI146-BID02_clean.fastq.gz,CDW_AAJQ,CEB_DKL,CEB_DKM,2578376,,ARMS organisms sample from station Koster,241031_JARVIS_HJ5N5DRX5
EMOBON040369,EMOBON_Koster_VH2_Ha_220608_230817_MF01_(2),ARMS_Koster_VH2_20220608_20230817_MF100_s2_r1,EMOBON_Koster_VH2_Ha_220608_230817_MF100_2,Batch4,18S rRNA (V1-V2),DBN_AAKX,DBP_AAKZ,"74,2",109,"8087,8",DBN_AAKX,DBQ_AAXHOSTA_1_HJ5N5DRX5.UDI146-BID04,DBQ_AAXHOSTA_1_1_HJ5N5DRX5.UDI146-BID04_clean.fastq.gz,DBQ_AAXHOSTA_1_2_HJ5N5DRX5.UDI146-BID04_clean.fastq.gz,CDW_AAJQ,CEB_DKL,CEB_DKM,3639555,,ARMS organisms sample from station Koster,241031_JARVIS_HJ5N5DRX5
EMOBON040370,EMOBON_Koster_VH2_Ha_220608_230817_MF05_(1),ARMS_Koster_VH2_20220608_20230817_MF500_s1_r1,EMOBON_Koster_VH2_Ha_220608_230817_MF500_1,Batch4,18S rRNA (V1-V2),DBN_AAKY,DBP_AALA,"70,8",108,"7646,4",DBN_AAKY,DBQ_AAXIOSTA_1_HJ5N5DRX5.UDI146-BID05,DBQ_AAXIOSTA_1_1_HJ5N5DRX5.UDI146-BID05_clean.fastq.gz,DBQ_AAXIOSTA_1_2_HJ5N5DRX5.UDI146-BID05_clean.fastq.gz,CDW_AAJQ,CEB_DKL,CEB_DKM,6480148,,ARMS organisms sample from station Koster,241031_JARVIS_HJ5N5DRX5
EMOBON040371,EMOBON_Koster_VH2_Ha_220608_230817_MF05_(2),ARMS_Koster_VH2_20220608_20230817_MF500_s2_r1,EMOBON_Koster_VH2_Ha_220608_230817_MF500_2,Batch4,18S rRNA (V1-V2),DBN_AAKZ,DBP_AALB,"99,1",108,"10702,8",DBN_AAKZ,DBQ_AAXJOSTA_1_HJ5N5DRX5.UDI146-BID08,DBQ_AAXJOSTA_1_1_HJ5N5DRX5.UDI146-BID08_clean.fastq.gz,DBQ_AAXJOSTA_1_2_HJ5N5DRX5.UDI146-BID08_clean.fastq.gz,CDW_AAJQ,CEB_DKL,CEB_DKM,2241340,,ARMS organisms sample from station Koster,241031_JARVIS_HJ5N5DRX5
EMOBON040372,EMOBON_Koster_VH3_Ha_220609_230817_SF_(1),ARMS_Koster_VH3_20220608_20230817_SF40_s1_r1,EMOBON_Koster_VH3_Ha_220609_230817_SF_1,Batch4,18S rRNA (V1-V2),DBN_AALA,DBP_AALC,5,108,540,DBN_AALA,DBQ_AAXKOSTA_1_HJ5N5DRX5.UDI146-BID09,DBQ_AAXKOSTA_1_1_HJ5N5DRX5.UDI146-BID09_clean.fastq.gz,DBQ_AAXKOSTA_1_2_HJ5N5DRX5.UDI146-BID09_clean.fastq.gz,CDW_AAJQ,CEB_DKL,CEB_DKM,3567173,,ARMS organisms sample from station Koster,241031_JARVIS_HJ5N5DRX5
EMOBON040373,EMOBON_Koster_VH3_Ha_220609_230817_SF_(2),ARMS_Koster_VH3_20220608_20230817_SF40_s2_r1,EMOBON_Koster_VH3_Ha_220609_230817_SF_2,Batch4,18S rRNA (V1-V2),DBN_AALB,DBP_AALD,5,108,540,DBN_AALB,DBQ_AAXLOSTA_1_HJ5N5DRX5.UDI146-BID11,DBQ_AAXLOSTA_1_1_HJ5N5DRX5.UDI146-BID11_clean.fastq.gz,DBQ_AAXLOSTA_1_2_HJ5N5DRX5.UDI146-BID11_clean.fastq.gz,CDW_AAJQ,CEB_DKL,CEB_DKM,4695401,,ARMS organisms sample from station Koster,241031_JARVIS_HJ5N5DRX5
EMOBON040374,EMOBON_Koster_VH3_Ha_220609_230817_MF01_(1),ARMS_Koster_VH3_20220608_20230817_MF100_s1_r1,EMOBON_Koster_VH3_Ha_220609_230817_MF100_1,Batch4,18S rRNA (V1-V2),DBN_AALC,DBP_AALE,"104,1",108,"11242,8",DBN_AALC,DBQ_AAXMOSTA_1_HJ5N5DRX5.UDI146-BID13,DBQ_AAXMOSTA_1_1_HJ5N5DRX5.UDI146-BID13_clean.fastq.gz,DBQ_AAXMOSTA_1_2_HJ5N5DRX5.UDI146-BID13_clean.fastq.gz,CDW_AAJQ,CEB_DKL,CEB_DKM,5263646,,ARMS organisms sample from station Koster,241031_JARVIS_HJ5N5DRX5
EMOBON040375,EMOBON_Koster_VH3_Ha_220609_230817_MF01_(2),ARMS_Koster_VH3_20220608_20230817_MF100_s2_r1,EMOBON_Koster_VH3_Ha_220609_230817_MF100_2,Batch4,18S rRNA (V1-V2),DBN_AALD,DBP_AALF,"26,4",108,"2851,2",DBN_AALD,DBQ_AAXNOSTA_1_HJ5N5DRX5.UDI146-BID15,DBQ_AAXNOSTA_1_1_HJ5N5DRX5.UDI146-BID15_clean.fastq.gz,DBQ_AAXNOSTA_1_2_HJ5N5DRX5.UDI146-BID15_clean.fastq.gz,CDW_AAJQ,CEB_DKL,CEB_DKM,1956185,,ARMS organisms sample from station Koster,241031_JARVIS_HJ5N5DRX5
EMOBON040376,EMOBON_Koster_VH3_Ha_220609_230817_MF05_(1),ARMS_Koster_VH3_20220608_20230817_MF500_s1_r1,EMOBON_Koster_VH3_Ha_220609_230817_MF500_1,Batch4,18S rRNA (V1-V2),DBN_AALE,DBP_AALG,"96,7",108,"10443,6",DBN_AALE,DBQ_AAXOOSTA_1_HJ5N5DRX5.UDI146-BID16,DBQ_AAXOOSTA_1_1_HJ5N5DRX5.UDI146-BID16_clean.fastq.gz,DBQ_AAXOOSTA_1_2_HJ5N5DRX5.UDI146-BID16_clean.fastq.gz,CDW_AAJQ,CEB_DKL,CEB_DKM,6595770,,ARMS organisms sample from station Koster,241031_JARVIS_HJ5N5DRX5
EMOBON040377,EMOBON_Koster_VH3_Ha_220609_230817_MF05_(2),ARMS_Koster_VH3_20220608_20230817_MF500_s2_r1,EMOBON_Koster_VH3_Ha_220609_230817_MF500_2,Batch4,18S rRNA (V1-V2),DBN_AALF,DBP_AALH,80,108,8640,DBN_AALF,DBQ_AAXPOSTA_1_HJ5N5DRX5.UDI158-BID01,DBQ_AAXPOSTA_1_1_HJ5N5DRX5.UDI158-BID01_clean.fastq.gz,DBQ_AAXPOSTA_1_2_HJ5N5DRX5.UDI158-BID01_clean.fastq.gz,CDW_AAJQ,CEB_DKL,CEB_DKM,4653885,,ARMS organisms sample from station Koster,241031_JARVIS_HJ5N5DRX5
EMOBON040382,Roscoff_BasBlo_S1_220512–230509_MF100,ARMS_Roscoff_BasBloS1_20220512_20230509_MF100_s1_r1,EMOBON_ROSKOGO_BasBloS1_220512_230509_MF100,Batch4,18S rRNA (V1-V2),DBN_AALG,DBP_AALI,"44,4",108,"4795,2",DBN_AALG,DBQ_AAXQOSTA_1_HJ5N5DRX5.UDI158-BID02,DBQ_AAXQOSTA_1_1_HJ5N5DRX5.UDI158-BID02_clean.fastq.gz,DBQ_AAXQOSTA_1_2_HJ5N5DRX5.UDI158-BID02_clean.fastq.gz,CDW_AAJQ,CEB_DKL,CEB_DKM,1797682,,ARMS organisms sample from station ROSKOGO,241031_JARVIS_HJ5N5DRX5
EMOBON040383,Roscoff_BasBlo_S1_220512–230509_MF500,ARMS_Roscoff_BasBloS1_20220512_20230509_MF500_s1_r1,EMOBON_ROSKOGO_BasBloS1_220512_230509_MF500,Batch4,18S rRNA (V1-V2),DBN_AALH,DBP_AALJ,"55,4",108,"5983,2",DBN_AALH,DBQ_AAXROSTA_1_HJ5N5DRX5.UDI158-BID04,DBQ_AAXROSTA_1_1_HJ5N5DRX5.UDI158-BID04_clean.fastq.gz,DBQ_AAXROSTA_1_2_HJ5N5DRX5.UDI158-BID04_clean.fastq.gz,CDW_AAJQ,CEB_DKL,CEB_DKM,2719431,,ARMS organisms sample from station ROSKOGO,241031_JARVIS_HJ5N5DRX5
EMOBON040384,Roscoff_BasBlo_S1_220512–230509_SFA,ARMS_Roscoff_BasBloS1_20220512_20230509_SF_s1_r1,EMOBON_ROSKOGO_BasBloS1_220512_230509_SFA,Batch4,18S rRNA (V1-V2),DBN_AALI,DBP_AALK,"4,8",108,"518,4",DBN_AALI,DBQ_AAXSOSTA_1_HJ5N5DRX5.UDI158-BID05,DBQ_AAXSOSTA_1_1_HJ5N5DRX5.UDI158-BID05_clean.fastq.gz,DBQ_AAXSOSTA_1_2_HJ5N5DRX5.UDI158-BID05_clean.fastq.gz,CDW_AAJQ,CEB_DKL,CEB_DKM,4552718,,ARMS organisms sample from station ROSKOGO,241031_JARVIS_HJ5N5DRX5
EMOBON040385,Roscoff_BasBlo_S2_220512–230509_MF100,ARMS_Roscoff_BasBloS2_20220512_20230509_MF100_s1_r1,EMOBON_ROSKOGO_BasBloS2_220512_230509_MF100,Batch4,18S rRNA (V1-V2),DBN_AALJ,DBP_AALL,53,108,5724,DBN_AALJ,DBQ_AAXTOSTA_1_HJ5N5DRX5.UDI158-BID08,DBQ_AAXTOSTA_1_1_HJ5N5DRX5.UDI158-BID08_clean.fastq.gz,DBQ_AAXTOSTA_1_2_HJ5N5DRX5.UDI158-BID08_clean.fastq.gz,CDW_AAJQ,CEB_DKL,CEB_DKM,2852614,,ARMS organisms sample from station ROSKOGO,241031_JARVIS_HJ5N5DRX5
EMOBON040386,Roscoff_BasBlo_S2_220512–230509_MF500,ARMS_Roscoff_BasBloS2_20220512_20230509_MF500_s1_r1,EMOBON_ROSKOGO_BasBloS2_220512_230509_MF500,Batch4,18S rRNA (V1-V2),DBN_AALK,DBP_AALM,"3,24",108,"349,9",DBN_AALK,DBQ_AAXUOSTA_1_HJ5N5DRX5.UDI158-BID09,DBQ_AAXUOSTA_1_1_HJ5N5DRX5.UDI158-BID09_clean.fastq.gz,DBQ_AAXUOSTA_1_2_HJ5N5DRX5.UDI158-BID09_clean.fastq.gz,CDW_AAJQ,CEB_DKL,CEB_DKM,3554796,,ARMS organisms sample from station ROSKOGO,241031_JARVIS_HJ5N5DRX5
EMOBON040387,Roscoff_BasBlo_S2_220512–230509_SFA,ARMS_Roscoff_BasBloS2_20220512_20230509_SF_s1_r1,EMOBON_ROSKOGO_BasBloS2_220512_230509_SFA,Batch4,18S rRNA (V1-V2),DBN_AALL,DBP_AAPE,"3,69",108,"398,5",DBN_AALL,DBQ_ABAPOSTA_2_HGH7NDRX5.UDI133-BID15,DBQ_ABAPOSTA_2_1_HGH7NDRX5.UDI133-BID15_clean.fastq.gz,DBQ_ABAPOSTA_2_2_HGH7NDRX5.UDI133-BID15_clean.fastq.gz,CDW_AAJQ,CEB_DKN,CEB_DKO,4429958,,ARMS organisms sample from station ROSKOGO,240910_JARVIS_HGH7NDRX5
EMOBON040388,Roscoff_BasBlo_S3_220512–230509_MF100,ARMS_Roscoff_BasBloS3_20220512_20230509_MF100_s1_r1,EMOBON_ROSKOGO_BasBloS3_220512_230509_MF100,Batch4,18S rRNA (V1-V2),DBN_AALM,DBP_AALO,"44,2",108,"4773,6",DBN_AALM,DBQ_AAXVOSTA_1_HJ5N5DRX5.UDI158-BID11,DBQ_AAXVOSTA_1_1_HJ5N5DRX5.UDI158-BID11_clean.fastq.gz,DBQ_AAXVOSTA_1_2_HJ5N5DRX5.UDI158-BID11_clean.fastq.gz,CDW_AAJQ,CEB_DKL,CEB_DKM,3221092,,ARMS organisms sample from station ROSKOGO,241031_JARVIS_HJ5N5DRX5
EMOBON040389,Roscoff_BasBlo_S3_220512–230509_MF500,ARMS_Roscoff_BasBloS3_20220512_20230509_MF500_s1_r1,EMOBON_ROSKOGO_BasBloS3_220512_230509_MF500,Batch4,18S rRNA (V1-V2),DBN_AALN,DBP_AALP,"22,9",108,"2473,2",DBN_AALN,DBQ_AAXWOSTA_1_HJ5N5DRX5.UDI158-BID13,DBQ_AAXWOSTA_1_1_HJ5N5DRX5.UDI158-BID13_clean.fastq.gz,DBQ_AAXWOSTA_1_2_HJ5N5DRX5.UDI158-BID13_clean.fastq.gz,CDW_AAJQ,CEB_DKL,CEB_DKM,7632664,,ARMS organisms sample from station ROSKOGO,241031_JARVIS_HJ5N5DRX5
EMOBON040390,Roscoff_BasBlo_S3_220512–230509_SFA,ARMS_Roscoff_BasBloS3_20220512_20230509_SF_s1_r1,EMOBON_ROSKOGO_BasBloS3_220512_230509_SFA,Batch4,18S rRNA (V1-V2),DBN_AALO,DBP_AAPF,1.677,108,"181,1",DBN_AALO,DBQ_ABHCOSTA_2_HJ5N5DRX5.UDI343-BID11,DBQ_ABHCOSTA_2_1_HJ5N5DRX5.UDI343-BID11_clean.fastq.gz,DBQ_ABHCOSTA_2_2_HJ5N5DRX5.UDI343-BID11_clean.fastq.gz,CDW_AAJQ,CEB_DMN,CEB_DMO,5306855,,ARMS organisms sample from station ROSKOGO,241031_JARVIS_HJ5N5DRX5
EMOBON040391,Roscoff_MarBlo_S1_220512–230515_MF100,ARMS_Roscoff_MarBloR1_20220512_20230515_MF100_s1_r1,EMOBON_ROSKOGO_MarBloR1_220512_230515_MF100,Batch4,18S rRNA (V1-V2),DBN_AALP,DBP_AALR,"28,1",108,"3034,8",DBN_AALP,DBQ_AAXXOSTA_1_HJ5N5DRX5.UDI158-BID15,DBQ_AAXXOSTA_1_1_HJ5N5DRX5.UDI158-BID15_clean.fastq.gz,DBQ_AAXXOSTA_1_2_HJ5N5DRX5.UDI158-BID15_clean.fastq.gz,CDW_AAJQ,CEB_DKL,CEB_DKM,1951769,,ARMS organisms sample from station ROSKOGO,241031_JARVIS_HJ5N5DRX5
EMOBON040392,Roscoff_MarBlo_S1_220512–230515_MF500,ARMS_Roscoff_MarBloR1_20220512_20230515_MF500_s1_r1,EMOBON_ROSKOGO_MarBloR1_220512_230515_MF500,Batch4,18S rRNA (V1-V2),DBN_AALQ,DBP_AALS,"81,2",108,"8769,6",DBN_AALQ,DBQ_AAXYOSTA_1_HJ5N5DRX5.UDI158-BID16,DBQ_AAXYOSTA_1_1_HJ5N5DRX5.UDI158-BID16_clean.fastq.gz,DBQ_AAXYOSTA_1_2_HJ5N5DRX5.UDI158-BID16_clean.fastq.gz,CDW_AAJQ,CEB_DKL,CEB_DKM,5083770,,ARMS organisms sample from station ROSKOGO,241031_JARVIS_HJ5N5DRX5
EMOBON040393,Roscoff_MarBlo_S1_220512–230515_SFA,ARMS_Roscoff_MarBloR1_20220512_20230515_SF_s1_r1,EMOBON_ROSKOGO_MarBloR1_220512_230515_SFA,Batch4,18S rRNA (V1-V2),DBN_AALR,DBP_AALT,1.995,108,"215,5",DBN_AALR,DBQ_AAXZOSTA_2_HJ5N5DRX5.UDI170-BID01,DBQ_AAXZOSTA_2_1_HJ5N5DRX5.UDI170-BID01_clean.fastq.gz,DBQ_AAXZOSTA_2_2_HJ5N5DRX5.UDI170-BID01_clean.fastq.gz,CDW_AAJQ,CEB_DKL,CEB_DKM,3622260,,ARMS organisms sample from station ROSKOGO,241031_JARVIS_HJ5N5DRX5
EMOBON040394,Roscoff_MarBlo_S2_220512–230515_MF100,ARMS_Roscoff_MarBloR2_20220512_20230515_MF100_s1_r1,EMOBON_ROSKOGO_MarBloR2_220512_230515_MF100,Batch4,18S rRNA (V1-V2),DBN_AALS,DBP_AALU,"21,1",108,"2278,8",DBN_AALS,DBQ_AAYAOSTA_2_HJ5N5DRX5.UDI170-BID02,DBQ_AAYAOSTA_2_1_HJ5N5DRX5.UDI170-BID02_clean.fastq.gz,DBQ_AAYAOSTA_2_2_HJ5N5DRX5.UDI170-BID02_clean.fastq.gz,CDW_AAJQ,CEB_DKL,CEB_DKM,1804071,,ARMS organisms sample from station ROSKOGO,241031_JARVIS_HJ5N5DRX5
EMOBON040395,Roscoff_MarBlo_S2_220512–230515_MF500,ARMS_Roscoff_MarBloR2_20220512_20230515_MF500_s1_r1,EMOBON_ROSKOGO_MarBloR2_220512_230515_MF500,Batch4,18S rRNA (V1-V2),DBN_AALT,DBP_AALV,"64,4",108,"6955,2",DBN_AALT,DBQ_AAYBOSTA_2_HJ5N5DRX5.UDI170-BID04,DBQ_AAYBOSTA_2_1_HJ5N5DRX5.UDI170-BID04_clean.fastq.gz,DBQ_AAYBOSTA_2_2_HJ5N5DRX5.UDI170-BID04_clean.fastq.gz,CDW_AAJQ,CEB_DKL,CEB_DKM,2293231,,ARMS organisms sample from station ROSKOGO,241031_JARVIS_HJ5N5DRX5
EMOBON040396,Roscoff_MarBlo_S2_220512–230515_SFA,ARMS_Roscoff_MarBloR2_20220512_20230515_SF_s1_r1,EMOBON_ROSKOGO_MarBloR2_220512_230515_SFA,Batch4,18S rRNA (V1-V2),DBN_AALU,DBP_AAPG,"1,96",108,"211,7",DBN_AALU,DBQ_ABHDOSTA_2_HJ5N5DRX5.UDI343-BID13,DBQ_ABHDOSTA_2_1_HJ5N5DRX5.UDI343-BID13_clean.fastq.gz,DBQ_ABHDOSTA_2_2_HJ5N5DRX5.UDI343-BID13_clean.fastq.gz,CDW_AAJQ,CEB_DMN,CEB_DMO,6556650,,ARMS organisms sample from station ROSKOGO,241031_JARVIS_HJ5N5DRX5
EMOBON040397,Roscoff_MarBlo_S3_220512–230516_MF100,ARMS_Roscoff_MarBloR3_20220512_20230515_MF100_s1_r1,EMOBON_ROSKOGO_MarBloR3_220512_230516_MF100,Batch4,18S rRNA (V1-V2),DBN_AALV,DBP_AALX,"29,5",108,3186,DBN_AALV,DBQ_AAYCOSTA_2_HJ5N5DRX5.UDI170-BID05,DBQ_AAYCOSTA_2_1_HJ5N5DRX5.UDI170-BID05_clean.fastq.gz,DBQ_AAYCOSTA_2_2_HJ5N5DRX5.UDI170-BID05_clean.fastq.gz,CDW_AAJQ,CEB_DKL,CEB_DKM,5177430,,ARMS organisms sample from station ROSKOGO,241031_JARVIS_HJ5N5DRX5
EMOBON040398,Roscoff_MarBlo_S3_220512–230516_MF500,ARMS_Roscoff_MarBloR3_20220512_20230515_MF500_s1_r1,EMOBON_ROSKOGO_MarBloR3_220512_230516_MF500,Batch4,18S rRNA (V1-V2),DBN_AALW,DBP_AALY,110,108,11880,DBN_AALW,DBQ_AAYDOSTA_2_HJ5N5DRX5.UDI170-BID08,DBQ_AAYDOSTA_2_1_HJ5N5DRX5.UDI170-BID08_clean.fastq.gz,DBQ_AAYDOSTA_2_2_HJ5N5DRX5.UDI170-BID08_clean.fastq.gz,CDW_AAJQ,CEB_DKL,CEB_DKM,2928739,,ARMS organisms sample from station ROSKOGO,241031_JARVIS_HJ5N5DRX5
EMOBON040399,Roscoff_MarBlo_S3_220512–230516_SFA,ARMS_Roscoff_MarBloR3_20220512_20230515_SF_s1_r1,EMOBON_ROSKOGO_MarBloR3_220512_230516_SFA,Batch4,18S rRNA (V1-V2),DBN_AALX,DBP_AAPH,1.168,108,"126,1",DBN_AALX,DBQ_ABASOSTA_2_HGH7NDRX5.UDI169-BID15,DBQ_ABASOSTA_2_1_HGH7NDRX5.UDI169-BID15_clean.fastq.gz,DBQ_ABASOSTA_2_2_HGH7NDRX5.UDI169-BID15_clean.fastq.gz,CDW_AAJQ,CEB_DKN,CEB_DKO,2593407,,ARMS organisms sample from station ROSKOGO,240910_JARVIS_HGH7NDRX5
EMOBON040400,Roscoff_MarBlo_S1_230608–230904_MF100,ARMS_Roscoff_MarBloR1_20230608_20230904_MF100_s1_r1,EMOBON_ROSKOGO_MarBloR1_230608_230904_MF100,Batch4,18S rRNA (V1-V2),DBN_AALY,DBP_AAMA,"30,5",108,3294,DBN_AALY,DBQ_AAYEOSTA_2_HJ5N5DRX5.UDI170-BID09,DBQ_AAYEOSTA_2_1_HJ5N5DRX5.UDI170-BID09_clean.fastq.gz,DBQ_AAYEOSTA_2_2_HJ5N5DRX5.UDI170-BID09_clean.fastq.gz,CDW_AAJQ,CEB_DKL,CEB_DKM,4665543,,ARMS organisms sample from station ROSKOGO,241031_JARVIS_HJ5N5DRX5
EMOBON040401,Roscoff_MarBlo_S1_230608–230904_MF500,ARMS_Roscoff_MarBloR1_20230608_20230904_MF500_s1_r1,EMOBON_ROSKOGO_MarBloR1_230608_230904_MF500,Batch4,18S rRNA (V1-V2),DBN_AALZ,DBP_AAMB,"71,2",108,"7689,6",DBN_AALZ,DBQ_AAYFOSTA_2_HJ5N5DRX5.UDI170-BID11,DBQ_AAYFOSTA_2_1_HJ5N5DRX5.UDI170-BID11_clean.fastq.gz,DBQ_AAYFOSTA_2_2_HJ5N5DRX5.UDI170-BID11_clean.fastq.gz,CDW_AAJQ,CEB_DKL,CEB_DKM,3213568,,ARMS organisms sample from station ROSKOGO,241031_JARVIS_HJ5N5DRX5
EMOBON040402,Roscoff_MarBlo_S1_230608–230904_SFA,ARMS_Roscoff_MarBloR1_20230608_20230904_SF_s1_r1,EMOBON_ROSKOGO_MarBloR1_230608_230904_SFA,Batch4,18S rRNA (V1-V2),DBN_AAMA,DBP_AAMC,"6,55",108,"707,4",DBN_AAMA,DBQ_AAYGOSTA_2_HJ5N5DRX5.UDI170-BID13,DBQ_AAYGOSTA_2_1_HJ5N5DRX5.UDI170-BID13_clean.fastq.gz,DBQ_AAYGOSTA_2_2_HJ5N5DRX5.UDI170-BID13_clean.fastq.gz,CDW_AAJQ,CEB_DKL,CEB_DKM,5942740,,ARMS organisms sample from station ROSKOGO,241031_JARVIS_HJ5N5DRX5
EMOBON040403,Roscoff_MarBlo_S2_230608–230904_MF100,ARMS_Roscoff_MarBloR2_20230608_20230904_MF100_s1_r1,EMOBON_ROSKOGO_MarBloR2_230608_230904_MF100,Batch4,18S rRNA (V1-V2),DBN_AAMB,DBP_AAMD,"61,3",108,"6620,4",DBN_AAMB,DBQ_AAYHOSTA_2_HJ5N5DRX5.UDI170-BID15,DBQ_AAYHOSTA_2_1_HJ5N5DRX5.UDI170-BID15_clean.fastq.gz,DBQ_AAYHOSTA_2_2_HJ5N5DRX5.UDI170-BID15_clean.fastq.gz,CDW_AAJQ,CEB_DKL,CEB_DKM,1552096,,ARMS organisms sample from station ROSKOGO,241031_JARVIS_HJ5N5DRX5
EMOBON040404,Roscoff_MarBlo_S2_230608–230904_MF500,ARMS_Roscoff_MarBloR2_20230608_20230904_MF500_s1_r1,EMOBON_ROSKOGO_MarBloR2_230608_230904_MF500,Batch4,18S rRNA (V1-V2),DBN_AAMC,DBP_AAME,"71,2",108,"7689,6",DBN_AAMC,DBQ_AAYIOSTA_2_HJ5N5DRX5.UDI170-BID16,DBQ_AAYIOSTA_2_1_HJ5N5DRX5.UDI170-BID16_clean.fastq.gz,DBQ_AAYIOSTA_2_2_HJ5N5DRX5.UDI170-BID16_clean.fastq.gz,CDW_AAJQ,CEB_DKL,CEB_DKM,4472400,,ARMS organisms sample from station ROSKOGO,241031_JARVIS_HJ5N5DRX5
EMOBON040405,Roscoff_MarBlo_S2_230608–230904_SFA,ARMS_Roscoff_MarBloR2_20230608_20230904_SF_s1_r1,EMOBON_ROSKOGO_MarBloR2_230608_230904_SFA,Batch4,18S rRNA (V1-V2),DBN_AAMD,DBP_AAPI,"2,79",108,"301,3",DBN_AAMD,DBQ_ABATOSTA_1_HJ5N5DRX5.UDI097-BID16,DBQ_ABATOSTA_1_1_HJ5N5DRX5.UDI097-BID16_clean.fastq.gz,DBQ_ABATOSTA_1_2_HJ5N5DRX5.UDI097-BID16_clean.fastq.gz,CDW_AAJQ,CEB_DKN,CEB_DKO,5127684,,ARMS organisms sample from station ROSKOGO,241031_JARVIS_HJ5N5DRX5
EMOBON040406,Roscoff_MarBlo_S3_230608–230904_MF100,ARMS_Roscoff_MarBloR3_20230608_20230904_MF100_s1_r1,EMOBON_ROSKOGO_MarBloR3_230608_230904_MF100,Batch4,18S rRNA (V1-V2),DBN_AAME,DBP_AAMG,"3,1",108,"334,8",DBN_AAME,DBQ_AAYJOSTA_1_HJ5N5DRX5.UDI109-BID01,DBQ_AAYJOSTA_1_1_HJ5N5DRX5.UDI109-BID01_clean.fastq.gz,DBQ_AAYJOSTA_1_2_HJ5N5DRX5.UDI109-BID01_clean.fastq.gz,CDW_AAJQ,CEB_DKN,CEB_DKO,7146611,,ARMS organisms sample from station ROSKOGO,241031_JARVIS_HJ5N5DRX5
EMOBON040407,Roscoff_MarBlo_S3_230608–230904_MF500,ARMS_Roscoff_MarBloR3_20230608_20230904_MF500_s1_r1,EMOBON_ROSKOGO_MarBloR3_230608_230904_MF500,Batch4,18S rRNA (V1-V2),DBN_AAMF,DBP_AAMH,"94,6",108,"10216,8",DBN_AAMF,DBQ_AAYKOSTA_2_HGH7NDRX5.UDI121-BID01,DBQ_AAYKOSTA_2_1_HGH7NDRX5.UDI121-BID01_clean.fastq.gz,DBQ_AAYKOSTA_2_2_HGH7NDRX5.UDI121-BID01_clean.fastq.gz,CDW_AAJQ,CEB_DKN,CEB_DKO,5826752,,ARMS organisms sample from station ROSKOGO,240910_JARVIS_HGH7NDRX5
EMOBON040408,Roscoff_MarBlo_S3_230608–230904_SFA,ARMS_Roscoff_MarBloR3_20230608_20230904_SF_s1_r1,EMOBON_ROSKOGO_MarBloR3_230608_230904_SFA,Batch4,18S rRNA (V1-V2),DBN_AAMG,DBP_AAMI,"7,33",108,"791,6",DBN_AAMG,DBQ_AAYLOSTA_2_HGH7NDRX5.UDI133-BID01,DBQ_AAYLOSTA_2_1_HGH7NDRX5.UDI133-BID01_clean.fastq.gz,DBQ_AAYLOSTA_2_2_HGH7NDRX5.UDI133-BID01_clean.fastq.gz,CDW_AAJQ,CEB_DKN,CEB_DKO,7791780,,ARMS organisms sample from station ROSKOGO,240910_JARVIS_HGH7NDRX5
EMOBON040413,ARMS_TZS_ANG1_220622-221122_SF40_ETOH_(1),ARMS_TZS_Angbat1_20220622_20221122_ETOH_SF40_s1_r1,EMOBON_TZS_Angbat1_220622_221122_SF40_ETOH,Batch4,18S rRNA (V1-V2),DBN_AAMH,DBP_AAMJ,"10,13",108,1094,DBN_AAMH,DBQ_AAYMOSTA_2_HGH7NDRX5.UDI145-BID01,DBQ_AAYMOSTA_2_1_HGH7NDRX5.UDI145-BID01_clean.fastq.gz,DBQ_AAYMOSTA_2_2_HGH7NDRX5.UDI145-BID01_clean.fastq.gz,CDW_AAJQ,CEB_DKN,CEB_DKO,4715907,,ARMS organisms sample from station TZS,240910_JARVIS_HGH7NDRX5
EMOBON040414,ARMS_TZS_ANG1_220622-221122_MF100_ETOH_(1),ARMS_TZS_Angbat1_20220622_20221122_ETOH_MF100_s1_r1,EMOBON_TZS_Angbat1_220622_221122_MF100_ETOH,Batch4,18S rRNA (V1-V2),DBN_AAMI,DBP_AAMK,"24,8",108,"2678,4",DBN_AAMI,DBQ_ABFVOSTA_2_HGH7NDRX5.UDI181-BID04,DBQ_ABFVOSTA_2_1_HGH7NDRX5.UDI181-BID04_clean.fastq.gz,DBQ_ABFVOSTA_2_2_HGH7NDRX5.UDI181-BID04_clean.fastq.gz,CDW_AAJQ,CEB_DKZ,CEB_DLA,12829486,,ARMS organisms sample from station TZS,240910_JARVIS_HGH7NDRX5
EMOBON040415,ARMS_TZS_ANG1_220622-221122_MF500_ETOH,ARMS_TZS_Angbat1_20220622_20221122_ETOH_MF500_s1_r1,EMOBON_TZS_Angbat1_220622_221122_MF500_ETOH,Batch4,18S rRNA (V1-V2),DBN_AAMJ,DBP_AAML,"48,1",108,"5194,8",DBN_AAMJ,DBQ_ABGXOSTA_2_HJ5N5DRX5.UDI343-BID02,DBQ_ABGXOSTA_2_1_HJ5N5DRX5.UDI343-BID02_clean.fastq.gz,DBQ_ABGXOSTA_2_2_HJ5N5DRX5.UDI343-BID02_clean.fastq.gz,CDW_AAJQ,CEB_DMN,CEB_DMO,6928493,,ARMS organisms sample from station TZS,241031_JARVIS_HJ5N5DRX5
EMOBON040416,ARMS_TZS_ANG2_220622-221123_SF40_ETOH_(1),ARMS_TZS_Angbat2_20220622_20221123_ETOH_SF40_s1_r1,EMOBON_TZS_Angbat2_220622_221123_SF40_ETOH,Batch4,18S rRNA (V1-V2),DBN_AAMK,DBP_AAMM,"9,05",108,"977,4",DBN_AAMK,DBQ_AAYPOSTA_1_HJ5N5DRX5.UDI097-BID02,DBQ_AAYPOSTA_1_1_HJ5N5DRX5.UDI097-BID02_clean.fastq.gz,DBQ_AAYPOSTA_1_2_HJ5N5DRX5.UDI097-BID02_clean.fastq.gz,CDW_AAJQ,CEB_DKN,CEB_DKO,2406311,,ARMS organisms sample from station TZS,241031_JARVIS_HJ5N5DRX5
EMOBON040417,ARMS_TZS_ANG2_220622-221123_MF100_ETOH_(1),ARMS_TZS_Angbat2_20220622_20221123_ETOH_MF100_s1_r1,EMOBON_TZS_Angbat2_220622_221123_MF100_ETOH,Batch4,18S rRNA (V1-V2),DBN_AAML,DBP_AAMN,56,108,6048,DBN_AAML,DBQ_AAYQOSTA_1_HJ5N5DRX5.UDI109-BID02,DBQ_AAYQOSTA_1_1_HJ5N5DRX5.UDI109-BID02_clean.fastq.gz,DBQ_AAYQOSTA_1_2_HJ5N5DRX5.UDI109-BID02_clean.fastq.gz,CDW_AAJQ,CEB_DKN,CEB_DKO,2581222,,ARMS organisms sample from station TZS,241031_JARVIS_HJ5N5DRX5
EMOBON040418,ARMS_TZS_ANG2_220622-221122_MF500_ETOH,ARMS_TZS_Angbat2_20220622_20221123_ETOH_MF500_s1_r1,EMOBON_TZS_Angbat2_220622_221122_MF500_ETOH,Batch4,18S rRNA (V1-V2),DBN_AAMM,DBP_AAMO,"47,2",108,"5097,6",DBN_AAMM,DBQ_AAYROSTA_2_HGH7NDRX5.UDI121-BID02,DBQ_AAYROSTA_2_1_HGH7NDRX5.UDI121-BID02_clean.fastq.gz,DBQ_AAYROSTA_2_2_HGH7NDRX5.UDI121-BID02_clean.fastq.gz,CDW_AAJQ,CEB_DKN,CEB_DKO,2450897,,ARMS organisms sample from station TZS,240910_JARVIS_HGH7NDRX5
EMOBON040419,ARMS_TZS_ANG3_220622-221124_SF40_ETOH_(1),ARMS_TZS_Angbat3_20220622_20221124_ETOH_SF40_s1_r1,EMOBON_TZS_Angbat3_220622_221124_SF40_ETOH,Batch4,18S rRNA (V1-V2),DBN_AAMN,DBP_AAMP,"10,8",108,"1166,4",DBN_AAMN,DBQ_AAYSOSTA_2_HGH7NDRX5.UDI133-BID02,DBQ_AAYSOSTA_2_1_HGH7NDRX5.UDI133-BID02_clean.fastq.gz,DBQ_AAYSOSTA_2_2_HGH7NDRX5.UDI133-BID02_clean.fastq.gz,CDW_AAJQ,CEB_DKN,CEB_DKO,4116235,,ARMS organisms sample from station TZS,240910_JARVIS_HGH7NDRX5
EMOBON040420,ARMS_TZS_ANG3_220622-221124_MF100_ETOH_(1),ARMS_TZS_Angbat3_20220622_20221124_ETOH_MF100_s1_r1,EMOBON_TZS_Angbat3_220622_221124_MF100_ETOH,Batch4,18S rRNA (V1-V2),DBN_AAMO,DBP_AAMQ,"47,4",108,"5119,2",DBN_AAMO,DBQ_AAYTOSTA_2_HGH7NDRX5.UDI145-BID02,DBQ_AAYTOSTA_2_1_HGH7NDRX5.UDI145-BID02_clean.fastq.gz,DBQ_AAYTOSTA_2_2_HGH7NDRX5.UDI145-BID02_clean.fastq.gz,CDW_AAJQ,CEB_DKN,CEB_DKO,2659831,,ARMS organisms sample from station TZS,240910_JARVIS_HGH7NDRX5
EMOBON040421,ARMS_TZS_ANG3_220622-221124_MF500_ETOH,ARMS_TZS_Angbat3_20220622_20221124_ETOH_MF500_s1_r1,EMOBON_TZS_Angbat3_220622_221124_MF500_ETOH,Batch4,18S rRNA (V1-V2),DBN_AAMP,DBP_AAMR,"33,5",108,3618,DBN_AAMP,DBQ_AAYUOSTA_2_HGH7NDRX5.UDI157-BID02,DBQ_AAYUOSTA_2_1_HGH7NDRX5.UDI157-BID02_clean.fastq.gz,DBQ_AAYUOSTA_2_2_HGH7NDRX5.UDI157-BID02_clean.fastq.gz,CDW_AAJQ,CEB_DKN,CEB_DKO,2900885,,ARMS organisms sample from station TZS,240910_JARVIS_HGH7NDRX5
EMOBON040422,EMOBON_TZS_ANG_Ha_220630_230607_SF40_ETOH_(4),ARMS_TZS_Angbat_20220630_20230607_ETOH_SF40_s1_r1,EMOBON_TZS_Angbat_Ha_220630_230607_SF40_ETOH_1,Batch4,18S rRNA (V1-V2),DBN_AAMQ,DBP_AAMS,"80,8",108,"8726,4",DBN_AAMQ,DBQ_AAYVOSTA_2_HGH7NDRX5.UDI169-BID02,DBQ_AAYVOSTA_2_1_HGH7NDRX5.UDI169-BID02_clean.fastq.gz,DBQ_AAYVOSTA_2_2_HGH7NDRX5.UDI169-BID02_clean.fastq.gz,CDW_AAJQ,CEB_DKN,CEB_DKO,3612363,,ARMS organisms sample from station TZS,240910_JARVIS_HGH7NDRX5
EMOBON040423,EMOBON_TZS_ANG_Ha_220630_230607_SF40_ETOH_(5),ARMS_TZS_Angbat_20220630_20230607_ETOH_SF40_s2_r1,EMOBON_TZS_Angbat_Ha_220630_230607_SF40_ETOH_2,Batch4,18S rRNA (V1-V2),DBN_AAMR,DBP_AAMT,"55,2",108,"5961,6",DBN_AAMR,DBQ_AAYWOSTA_1_HJ5N5DRX5.UDI097-BID04,DBQ_AAYWOSTA_1_1_HJ5N5DRX5.UDI097-BID04_clean.fastq.gz,DBQ_AAYWOSTA_1_2_HJ5N5DRX5.UDI097-BID04_clean.fastq.gz,CDW_AAJQ,CEB_DKN,CEB_DKO,3533378,,ARMS organisms sample from station TZS,241031_JARVIS_HJ5N5DRX5
EMOBON040424,EMOBON_TZS_ANG_Ha_220630_230607_MF100_ETOH_(1),ARMS_TZS_Angbat_20220630_20230607_ETOH_MF100_s1_r1,EMOBON_TZS_Angbat_Ha_220630_230607_MF100_ETOH_1,Batch4,18S rRNA (V1-V2),DBN_AAMS,DBP_AAMU,"62,2",108,"6717,6",DBN_AAMS,DBQ_AAYXOSTA_1_HJ5N5DRX5.UDI109-BID04,DBQ_AAYXOSTA_1_1_HJ5N5DRX5.UDI109-BID04_clean.fastq.gz,DBQ_AAYXOSTA_1_2_HJ5N5DRX5.UDI109-BID04_clean.fastq.gz,CDW_AAJQ,CEB_DKN,CEB_DKO,4575692,,ARMS organisms sample from station TZS,241031_JARVIS_HJ5N5DRX5
EMOBON040425,EMOBON_TZS_ANG_Ha_220630_230607_MF100_ETOH_(2),ARMS_TZS_Angbat_20220630_20230607_ETOH_MF100_s2_r1,EMOBON_TZS_Angbat_Ha_220630_230607_MF100_ETOH_2,Batch4,18S rRNA (V1-V2),DBN_AAMT,DBP_AAMV,"73,9",108,"7981,2",DBN_AAMT,DBQ_AAYYOSTA_2_HGH7NDRX5.UDI121-BID04,DBQ_AAYYOSTA_2_1_HGH7NDRX5.UDI121-BID04_clean.fastq.gz,DBQ_AAYYOSTA_2_2_HGH7NDRX5.UDI121-BID04_clean.fastq.gz,CDW_AAJQ,CEB_DKN,CEB_DKO,3821424,,ARMS organisms sample from station TZS,240910_JARVIS_HGH7NDRX5
EMOBON040426,EMOBON_TZS_ANG_Ha_220630_230607_MF500_ETOH_(1),ARMS_TZS_Angbat_20220630_20230607_ETOH_MF500_s1_r1,EMOBON_TZS_Angbat_Ha_220630_230607_MF500_ETOH_1,Batch4,18S rRNA (V1-V2),DBN_AAMU,DBP_AAMW,"83,9",108,"9061,2",DBN_AAMU,DBQ_AAYZOSTA_2_HGH7NDRX5.UDI133-BID04,DBQ_AAYZOSTA_2_1_HGH7NDRX5.UDI133-BID04_clean.fastq.gz,DBQ_AAYZOSTA_2_2_HGH7NDRX5.UDI133-BID04_clean.fastq.gz,CDW_AAJQ,CEB_DKN,CEB_DKO,5154461,,ARMS organisms sample from station TZS,240910_JARVIS_HGH7NDRX5
EMOBON040427,EMOBON_TZS_ANG_Ha_220630_230607_MF500_ETOH_(2),ARMS_TZS_Angbat_20220630_20230607_ETOH_MF500_s2_r1,EMOBON_TZS_Angbat_Ha_220630_230607_MF500_ETOH_2,Batch4,18S rRNA (V1-V2),DBN_AAMV,DBP_AAMX,"78,4",108,"8467,2",DBN_AAMV,DBQ_AAZAOSTA_2_HGH7NDRX5.UDI145-BID04,DBQ_AAZAOSTA_2_1_HGH7NDRX5.UDI145-BID04_clean.fastq.gz,DBQ_AAZAOSTA_2_2_HGH7NDRX5.UDI145-BID04_clean.fastq.gz,CDW_AAJQ,CEB_DKN,CEB_DKO,4074831,,ARMS organisms sample from station TZS,240910_JARVIS_HGH7NDRX5
EMOBON040428,EMOBON_Nuuk1_SF_1,ARMS_Nuuk_Nuuk1_20211005_20230815_SF_s1_r1,EMOBON_Nuuk_Nuuk1_211005_230815_SF_1,Batch4,18S rRNA (V1-V2),DBN_AAMW,DBP_AAMY,"13,95",108,"1506,6",DBN_AAMW,DBQ_AAZBOSTA_2_HGH7NDRX5.UDI157-BID04,DBQ_AAZBOSTA_2_1_HGH7NDRX5.UDI157-BID04_clean.fastq.gz,DBQ_AAZBOSTA_2_2_HGH7NDRX5.UDI157-BID04_clean.fastq.gz,CDW_AAJQ,CEB_DKN,CEB_DKO,5003866,,ARMS organisms sample from station Nuuk Greenland,240910_JARVIS_HGH7NDRX5
EMOBON040429,EMOBON_Nuuk1_SF_2,ARMS_Nuuk_Nuuk1_20211005_20230815_SF_s2_r1,EMOBON_Nuuk_Nuuk1_211005_230815_SF_2,Batch4,18S rRNA (V1-V2),DBN_AAMX,DBP_AAMZ,"11,25",108,1215,DBN_AAMX,DBQ_AAZCOSTA_2_HGH7NDRX5.UDI169-BID04,DBQ_AAZCOSTA_2_1_HGH7NDRX5.UDI169-BID04_clean.fastq.gz,DBQ_AAZCOSTA_2_2_HGH7NDRX5.UDI169-BID04_clean.fastq.gz,CDW_AAJQ,CEB_DKN,CEB_DKO,6677689,,ARMS organisms sample from station Nuuk Greenland,240910_JARVIS_HGH7NDRX5
EMOBON040430,ARMS_VEN1_20220713-20230719_SF40_A,ARMS_AdriaticEastCoast_VEN1_20220713_20230719_SF40_s1_r1,EMOBON_AdriaticEastCoast_VEN1_220713_230719_SF40,Batch4,18S rRNA (V1-V2),DBN_AAMY,DBP_AANA,"7,44",108,"803,5",DBN_AAMY,DBQ_AAZDOSTA_1_HJ5N5DRX5.UDI097-BID05,DBQ_AAZDOSTA_1_1_HJ5N5DRX5.UDI097-BID05_clean.fastq.gz,DBQ_AAZDOSTA_1_2_HJ5N5DRX5.UDI097-BID05_clean.fastq.gz,CDW_AAJQ,CEB_DKN,CEB_DKO,8840070,,ARMS organisms sample from station Adriatic,241031_JARVIS_HJ5N5DRX5
EMOBON040433,ARMS_VEN2_20220713-20230719_SF40_A,ARMS_AdriaticEastCoast_VEN2_20220713_20230719_SF40_s1_r1,EMOBON_AdriaticEastCoast_VEN2_220713_230719_SF40,Batch4,18S rRNA (V1-V2),DBN_AANB,DBP_AAND,"8,45",108,"912,6",DBN_AANB,DBQ_AAZFOSTA_2_HGH7NDRX5.UDI121-BID05,DBQ_AAZFOSTA_2_1_HGH7NDRX5.UDI121-BID05_clean.fastq.gz,DBQ_AAZFOSTA_2_2_HGH7NDRX5.UDI121-BID05_clean.fastq.gz,CDW_AAJQ,CEB_DKN,CEB_DKO,8765929,,ARMS organisms sample from station Adriatic,240910_JARVIS_HGH7NDRX5
EMOBON040434,ARMS_VEN2_20220713-20230719_MF100_A,ARMS_AdriaticEastCoast_VEN2_20220713_20230719_MF100_s1_r1,EMOBON_AdriaticEastCoast_VEN2_220713_230719_MF100,Batch4,18S rRNA (V1-V2),DBN_AANC,DBP_AANE,"40,6",108,"4384,8",DBN_AANC,DBQ_AAZGOSTA_2_HGH7NDRX5.UDI133-BID05,DBQ_AAZGOSTA_2_1_HGH7NDRX5.UDI133-BID05_clean.fastq.gz,DBQ_AAZGOSTA_2_2_HGH7NDRX5.UDI133-BID05_clean.fastq.gz,CDW_AAJQ,CEB_DKN,CEB_DKO,10611128,,ARMS organisms sample from station Adriatic,240910_JARVIS_HGH7NDRX5
EMOBON040436,ARMS_VEN3_20220713-20230719_SF40_A,ARMS_AdriaticEastCoast_VEN3_20220713_20230719_SF40_s1_r1,EMOBON_AdriaticEastCoast_VEN3_220713_230719_SF40,Batch4,18S rRNA (V1-V2),DBN_AANE,DBP_AANG,"2,69",108,"290,5",DBN_AANE,DBQ_AAZIOSTA_2_HGH7NDRX5.UDI157-BID05,DBQ_AAZIOSTA_2_1_HGH7NDRX5.UDI157-BID05_clean.fastq.gz,DBQ_AAZIOSTA_2_2_HGH7NDRX5.UDI157-BID05_clean.fastq.gz,CDW_AAJQ,CEB_DKN,CEB_DKO,8008767,,ARMS organisms sample from station Adriatic,240910_JARVIS_HGH7NDRX5
EMOBON040438,ARMS_VEN3_20220713-20230719_MF500_A,ARMS_AdriaticEastCoast_VEN3_20220713_20230719_MF500_s1_r1,EMOBON_AdriaticEastCoast_VEN3_220713_230719_MF500,Batch4,18S rRNA (V1-V2),DBN_AANG,DBP_AANI,"5,73",108,"618,8",DBN_AANG,DBQ_AAZKOSTA_1_HJ5N5DRX5.UDI097-BID08,DBQ_AAZKOSTA_1_1_HJ5N5DRX5.UDI097-BID08_clean.fastq.gz,DBQ_AAZKOSTA_1_2_HJ5N5DRX5.UDI097-BID08_clean.fastq.gz,CDW_AAJQ,CEB_DKN,CEB_DKO,4898977,,ARMS organisms sample from station Adriatic,241031_JARVIS_HJ5N5DRX5
EMOBON040439,ARMS_RAVH1_20230426-20230726_SF40_A,ARMS_RavHarbour_RavH1_20230426_20230726_SF40_s1_r1,EMOBON_RavHarbour_RavH1_230426_230726_SF40,Batch4,18S rRNA (V1-V2),DBN_AANH,DBP_AANJ,"67,3",108,"7268,4",DBN_AANH,DBQ_AAZLOSTA_1_HJ5N5DRX5.UDI109-BID08,DBQ_AAZLOSTA_1_1_HJ5N5DRX5.UDI109-BID08_clean.fastq.gz,DBQ_AAZLOSTA_1_2_HJ5N5DRX5.UDI109-BID08_clean.fastq.gz,CDW_AAJQ,CEB_DKN,CEB_DKO,2889213,,ARMS organisms sample from station Adriatic,241031_JARVIS_HJ5N5DRX5
EMOBON040440,ARMS_RAVH1_20230426-20230726_MF100_A,ARMS_RavHarbour_RavH1_20230426_20230726_MF100_s1_r1,EMOBON_RavHarbour_RavH1_230426_230726_MF100,Batch4,18S rRNA (V1-V2),DBN_AANI,DBP_AANK,"52,7",108,"5691,6",DBN_AANI,DBQ_AAZMOSTA_2_HGH7NDRX5.UDI121-BID08,DBQ_AAZMOSTA_2_1_HGH7NDRX5.UDI121-BID08_clean.fastq.gz,DBQ_AAZMOSTA_2_2_HGH7NDRX5.UDI121-BID08_clean.fastq.gz,CDW_AAJQ,CEB_DKN,CEB_DKO,3732122,,ARMS organisms sample from station Adriatic,240910_JARVIS_HGH7NDRX5
EMOBON040441,ARMS_RAVH1_20230426-20230726_MF500_A,ARMS_RavHarbour_RavH1_20230426_20230726_MF500_s1_r1,EMOBON_RavHarbour_RavH1_230426_230726_MF500,Batch4,18S rRNA (V1-V2),DBN_AANJ,DBP_AANL,"67,2",108,"7257,6",DBN_AANJ,DBQ_ABGYOSTA_2_HJ5N5DRX5.UDI343-BID04,DBQ_ABGYOSTA_2_1_HJ5N5DRX5.UDI343-BID04_clean.fastq.gz,DBQ_ABGYOSTA_2_2_HJ5N5DRX5.UDI343-BID04_clean.fastq.gz,CDW_AAJQ,CEB_DMN,CEB_DMO,1942111,,ARMS organisms sample from station Adriatic,241031_JARVIS_HJ5N5DRX5
EMOBON040442,ARMS_RAVH2_20230426-20230726_SF40_A,ARMS_RavHarbour_RavH2_20230426_20230726_SF40_s1_r1,EMOBON_RavHarbour_RavH2_230426_230726_SF40,Batch4,18S rRNA (V1-V2),DBN_AANK,DBP_AANM,"49,4",108,"5335,2",DBN_AANK,DBQ_AAZOOSTA_2_HGH7NDRX5.UDI145-BID08,DBQ_AAZOOSTA_2_1_HGH7NDRX5.UDI145-BID08_clean.fastq.gz,DBQ_AAZOOSTA_2_2_HGH7NDRX5.UDI145-BID08_clean.fastq.gz,CDW_AAJQ,CEB_DKN,CEB_DKO,2909694,,ARMS organisms sample from station Adriatic,240910_JARVIS_HGH7NDRX5
EMOBON040443,ARMS_RAVH2_20230426-20230726_MF100_A,ARMS_RavHarbour_RavH2_20230426_20230726_MF100_s1_r1,EMOBON_RavHarbour_RavH2_230426_230726_MF100,Batch4,18S rRNA (V1-V2),DBN_AANL,DBP_AANN,"11,8",108,"1274,4",DBN_AANL,DBQ_ABGZOSTA_2_HJ5N5DRX5.UDI343-BID16,DBQ_ABGZOSTA_2_1_HJ5N5DRX5.UDI343-BID16_clean.fastq.gz,DBQ_ABGZOSTA_2_2_HJ5N5DRX5.UDI343-BID16_clean.fastq.gz,CDW_AAJQ,CEB_DMN,CEB_DMO,3806029,,ARMS organisms sample from station Adriatic,241031_JARVIS_HJ5N5DRX5
EMOBON040444,ARMS_RAVH2_20230426-20230726_MF500_A,ARMS_RavHarbour_RavH2_20230426_20230726_MF500_s1_r1,EMOBON_RavHarbour_RavH2_230426_230726_MF500,Batch4,18S rRNA (V1-V2),DBN_AANM,DBP_AANO,"28,5",108,3078,DBN_AANM,DBQ_ABHAOSTA_2_HJ5N5DRX5.UDI343-BID08,DBQ_ABHAOSTA_2_1_HJ5N5DRX5.UDI343-BID08_clean.fastq.gz,DBQ_ABHAOSTA_2_2_HJ5N5DRX5.UDI343-BID08_clean.fastq.gz,CDW_AAJQ,CEB_DMN,CEB_DMO,7584608,,ARMS organisms sample from station Adriatic,241031_JARVIS_HJ5N5DRX5
EMOBON040445,ARMS_RAVH3_20230426-20230726_SF40_A,ARMS_RavHarbour_RavH3_20230426_20230726_SF40_s1_r1,EMOBON_RavHarbour_RavH3_230426_230726_SF40,Batch4,18S rRNA (V1-V2),DBN_AANN,DBP_AANP,52,108,5616,DBN_AANN,DBQ_AAZROSTA_1_HJ5N5DRX5.UDI097-BID09,DBQ_AAZROSTA_1_1_HJ5N5DRX5.UDI097-BID09_clean.fastq.gz,DBQ_AAZROSTA_1_2_HJ5N5DRX5.UDI097-BID09_clean.fastq.gz,CDW_AAJQ,CEB_DKN,CEB_DKO,4538196,,ARMS organisms sample from station Adriatic,241031_JARVIS_HJ5N5DRX5
EMOBON040446,ARMS_RAVH3_20230426-20230726_MF100_A,ARMS_RavHarbour_RavH3_20230426_20230726_MF100_s1_r1,EMOBON_RavHarbour_RavH3_230426_230726_MF100,Batch4,18S rRNA (V1-V2),DBN_AANO,DBP_AANQ,"55,6",108,"6004,8",DBN_AANO,DBQ_AAZSOSTA_1_HJ5N5DRX5.UDI109-BID09,DBQ_AAZSOSTA_1_1_HJ5N5DRX5.UDI109-BID09_clean.fastq.gz,DBQ_AAZSOSTA_1_2_HJ5N5DRX5.UDI109-BID09_clean.fastq.gz,CDW_AAJQ,CEB_DKN,CEB_DKO,4097037,,ARMS organisms sample from station Adriatic,241031_JARVIS_HJ5N5DRX5
EMOBON040447,ARMS_RAVH3_20230426-20230726_MF500_A,ARMS_RavHarbour_RavH3_20230426_20230726_MF500_s1_r1,EMOBON_RavHarbour_RavH3_230426_230726_MF500,Batch4,18S rRNA (V1-V2),DBN_AANP,DBP_AANR,"27,5",108,2970,DBN_AANP,DBQ_AAZTOSTA_2_HGH7NDRX5.UDI121-BID09,DBQ_AAZTOSTA_2_1_HGH7NDRX5.UDI121-BID09_clean.fastq.gz,DBQ_AAZTOSTA_2_2_HGH7NDRX5.UDI121-BID09_clean.fastq.gz,CDW_AAJQ,CEB_DKN,CEB_DKO,5188918,,ARMS organisms sample from station Adriatic,240910_JARVIS_HGH7NDRX5
EMOBON040448,ARMS_RAVM1_20230426-20230726_SF40_A,ARMS_RavMarina_RavM1_20230426_20230726_SF40_s1_r1,EMOBON_RavMarina_RavM1_230426_230726_SF40,Batch4,18S rRNA (V1-V2),DBN_AANQ,DBP_AANS,"5,66",108,"611,3",DBN_AANQ,DBQ_AAZUOSTA_2_HGH7NDRX5.UDI133-BID09,DBQ_AAZUOSTA_2_1_HGH7NDRX5.UDI133-BID09_clean.fastq.gz,DBQ_AAZUOSTA_2_2_HGH7NDRX5.UDI133-BID09_clean.fastq.gz,CDW_AAJQ,CEB_DKN,CEB_DKO,7314730,,ARMS organisms sample from station Adriatic,240910_JARVIS_HGH7NDRX5
EMOBON040449,ARMS_RAVM1_20230426-20230726_MF100_A,ARMS_RavMarina_RavM1_20230426_20230726_MF100_s1_r1,EMOBON_RavMarina_RavM1_230426_230726_MF100,Batch4,18S rRNA (V1-V2),DBN_AANR,DBP_AANT,"37,1",108,"4006,8",DBN_AANR,DBQ_AAZVOSTA_2_HGH7NDRX5.UDI145-BID09,DBQ_AAZVOSTA_2_1_HGH7NDRX5.UDI145-BID09_clean.fastq.gz,DBQ_AAZVOSTA_2_2_HGH7NDRX5.UDI145-BID09_clean.fastq.gz,CDW_AAJQ,CEB_DKN,CEB_DKO,6220324,,ARMS organisms sample from station Adriatic,240910_JARVIS_HGH7NDRX5
EMOBON040450,ARMS_RAVM1_20230426-20230726_MF500_A,ARMS_RavMarina_RavM1_20230426_20230726_MF500_s1_r1,EMOBON_RavMarina_RavM1_230426_230726_MF500,Batch4,18S rRNA (V1-V2),DBN_AANS,DBP_AANU,"14,35",108,"1549,8",DBN_AANS,DBQ_AAZWOSTA_2_HGH7NDRX5.UDI157-BID09,DBQ_AAZWOSTA_2_1_HGH7NDRX5.UDI157-BID09_clean.fastq.gz,DBQ_AAZWOSTA_2_2_HGH7NDRX5.UDI157-BID09_clean.fastq.gz,CDW_AAJQ,CEB_DKN,CEB_DKO,2545560,,ARMS organisms sample from station Adriatic,240910_JARVIS_HGH7NDRX5
EMOBON040451,ARMS_RAVM2_20230426-20230726_SF40_A,ARMS_RavMarina_RavM2_20230426_20230726_SF40_s1_r1,EMOBON_RavMarina_RavM2_230426_230726_SF40,Batch4,18S rRNA (V1-V2),DBN_AANT,DBP_AANV,"5,23",108,"564,8",DBN_AANT,DBQ_ABHBOSTA_2_HJ5N5DRX5.UDI343-BID09,DBQ_ABHBOSTA_2_1_HJ5N5DRX5.UDI343-BID09_clean.fastq.gz,DBQ_ABHBOSTA_2_2_HJ5N5DRX5.UDI343-BID09_clean.fastq.gz,CDW_AAJQ,CEB_DMN,CEB_DMO,1333878,,ARMS organisms sample from station Adriatic,241031_JARVIS_HJ5N5DRX5
EMOBON040452,ARMS_RAVM2_20230426-20230726_MF100_A,ARMS_RavMarina_RavM2_20230426_20230726_MF100_s1_r1,EMOBON_RavMarina_RavM2_230426_230726_MF100,Batch4,18S rRNA (V1-V2),DBN_AANU,DBP_AANW,"50,9",108,"5497,2",DBN_AANU,DBQ_AAZYOSTA_1_HJ5N5DRX5.UDI097-BID11,DBQ_AAZYOSTA_1_1_HJ5N5DRX5.UDI097-BID11_clean.fastq.gz,DBQ_AAZYOSTA_1_2_HJ5N5DRX5.UDI097-BID11_clean.fastq.gz,CDW_AAJQ,CEB_DKN,CEB_DKO,4243229,,ARMS organisms sample from station Adriatic,241031_JARVIS_HJ5N5DRX5
EMOBON040453,ARMS_RAVM2_20230426-20230726_MF500_A,ARMS_RavMarina_RavM2_20230426_20230726_MF500_s1_r1,EMOBON_RavMarina_RavM2_230426_230726_MF500,Batch4,18S rRNA (V1-V2),DBN_AANV,DBP_AANX,"17,6",108,"1900,8",DBN_AANV,DBQ_ABFZOSTA_2_HGH7NDRX5.UDI181-BID11,DBQ_ABFZOSTA_2_1_HGH7NDRX5.UDI181-BID11_clean.fastq.gz,DBQ_ABFZOSTA_2_2_HGH7NDRX5.UDI181-BID11_clean.fastq.gz,CDW_AAJQ,CEB_DKZ,CEB_DLA,5820636,,ARMS organisms sample from station Adriatic,240910_JARVIS_HGH7NDRX5
EMOBON040454,ARMS_RAVM3_20230426-20230726_SF40_A,ARMS_RavMarina_RavM3_20230426_20230726_SF40_s1_r1,EMOBON_RavMarina_RavM3_230426_230726_SF40,Batch4,18S rRNA (V1-V2),DBN_AANW,DBP_AAPK,1.839,108,"198,6",DBN_AANW,DBQ_ABHFOSTA_2_HJ5N5DRX5.UDI343-BID05,DBQ_ABHFOSTA_2_1_HJ5N5DRX5.UDI343-BID05_clean.fastq.gz,DBQ_ABHFOSTA_2_2_HJ5N5DRX5.UDI343-BID05_clean.fastq.gz,CDW_AAJQ,CEB_DMN,CEB_DMO,3421273,,ARMS organisms sample from station Adriatic,241031_JARVIS_HJ5N5DRX5
EMOBON040455,ARMS_RAVM3_20230426-20230726_MF100_A,ARMS_RavMarina_RavM3_20230426_20230726_MF100_s1_r1,EMOBON_RavMarina_RavM3_230426_230726_MF100,Batch4,18S rRNA (V1-V2),DBN_AANX,DBP_AANZ,"42,4",108,"4579,2",DBN_AANX,DBQ_ABAAOSTA_2_HGH7NDRX5.UDI121-BID11,DBQ_ABAAOSTA_2_1_HGH7NDRX5.UDI121-BID11_clean.fastq.gz,DBQ_ABAAOSTA_2_2_HGH7NDRX5.UDI121-BID11_clean.fastq.gz,CDW_AAJQ,CEB_DKN,CEB_DKO,4717986,,ARMS organisms sample from station Adriatic,240910_JARVIS_HGH7NDRX5
EMOBON040456,ARMS_RAVM3_20230426-20230726_MF500_A,ARMS_RavMarina_RavM3_20230426_20230726_MF500_s1_r1,EMOBON_RavMarina_RavM3_230426_230726_MF500,Batch4,18S rRNA (V1-V2),DBN_AANY,DBP_AAOA,"7,75",108,837,DBN_AANY,DBQ_ABGAOSTA_2_HGH7NDRX5.UDI181-BID13,DBQ_ABGAOSTA_2_1_HGH7NDRX5.UDI181-BID13_clean.fastq.gz,DBQ_ABGAOSTA_2_2_HGH7NDRX5.UDI181-BID13_clean.fastq.gz,CDW_AAJQ,CEB_DKZ,CEB_DLA,17130326,,ARMS organisms sample from station Adriatic,240910_JARVIS_HGH7NDRX5
EMOBON050126,EMOBON_PortKoper_Feb_23_MF01_1,ARMS_GulfOfPiran_LukaKP_20221010_20230215_MF100_s1_r1,EMOBON_GulfOfPiran_PortKoper_XX,Batch5,18S rRNA (V1-V2),DBN_AAOB,DBP_AAPN,861,108,93,DBN_AAOB,DBQ_ABGHOSTA_1_HJ5N5DRX5.UDI109-BID11,DBQ_ABGHOSTA_1_1_HJ5N5DRX5.UDI109-BID11_clean.fastq.gz,DBQ_ABGHOSTA_1_2_HJ5N5DRX5.UDI109-BID11_clean.fastq.gz,CDW_AAJQ,CEB_DKZ,CEB_DLA,3772299,LukaKP_And1_10.10.2022-15.02.2023_M_1mm_mixed_DMSO/NaCl,ARMS organisms sample from station Piran,241031_JARVIS_HJ5N5DRX5
EMOBON050127,EMOBON_PortKoper_Feb_23_MF01_2,ARMS_GulfOfPiran_LukaKP_20221010_20230215_MF100_s2_r1,EMOBON_GulfOfPiran_PortKoper_XX,Batch5,18S rRNA (V1-V2),DBN_AAOC,DBP_AAOE,"15,25",108,1647,DBN_AAOC,DBQ_ABACOSTA_2_HGH7NDRX5.UDI145-BID11,DBQ_ABACOSTA_2_1_HGH7NDRX5.UDI145-BID11_clean.fastq.gz,DBQ_ABACOSTA_2_2_HGH7NDRX5.UDI145-BID11_clean.fastq.gz,CDW_AAJQ,CEB_DKN,CEB_DKO,6202537,LukaKP_And1_10.10.2022-15.02.2023_M_0.038mm,ARMS organisms sample from station Piran,240910_JARVIS_HGH7NDRX5
EMOBON050129,EMOBON_PortKoper_Feb_23_MF05_2,ARMS_GulfOfPiran_LukaKP_20221010_20230215_MF500_s1_r1,EMOBON_GulfOfPiran_PortKoper_XX,Batch5,18S rRNA (V1-V2),DBN_AAOE,DBP_AAOG,"4,83",108,"521,6",DBN_AAOE,DBQ_ABADOSTA_2_HGH7NDRX5.UDI157-BID11,DBQ_ABADOSTA_2_1_HGH7NDRX5.UDI157-BID11_clean.fastq.gz,DBQ_ABADOSTA_2_2_HGH7NDRX5.UDI157-BID11_clean.fastq.gz,CDW_AAJQ,CEB_DKN,CEB_DKO,6132300,LukaKP_And1_10.10.2022-15.02.2023_M_0.500mm_notmixed_DMSO/NaCl,ARMS organisms sample from station Piran,240910_JARVIS_HGH7NDRX5
EMOBON050131,EMOBON_BuoyVida_Jul_23_SF_2,ARMS_GulfOfPiran_BojaVida_20220816_20230711_SF38_s1_r1,EMOBON_GulfOfPiran_BuoyVida_XX,Batch5,18S rRNA (V1-V2),DBN_AAOG,DBP_AAOI,"12,55",108,"1355,4",DBN_AAOG,DBQ_ABAEOSTA_2_HGH7NDRX5.UDI169-BID11,DBQ_ABAEOSTA_2_1_HGH7NDRX5.UDI169-BID11_clean.fastq.gz,DBQ_ABAEOSTA_2_2_HGH7NDRX5.UDI169-BID11_clean.fastq.gz,CDW_AAJQ,CEB_DKN,CEB_DKO,5068372,"BV_A1_16.08.2022-11.07.2023-S_0038 not mixed, DMSO/NaCl",ARMS organisms sample from station Piran,240910_JARVIS_HGH7NDRX5
EMOBON050133,EMOBON_BuoyVida_Jul_23_MF01_2,ARMS_GulfOfPiran_BojaVida_20220816_20230711_MF100_s1_r1,EMOBON_GulfOfPiran_BuoyVida_XX,Batch5,18S rRNA (V1-V2),DBN_AAOI,DBP_AAOK,"0,92",108,"99,4",DBN_AAOI,DBQ_ABAFOSTA_1_HJ5N5DRX5.UDI097-BID13,DBQ_ABAFOSTA_1_1_HJ5N5DRX5.UDI097-BID13_clean.fastq.gz,DBQ_ABAFOSTA_1_2_HJ5N5DRX5.UDI097-BID13_clean.fastq.gz,CDW_AAJQ,CEB_DKN,CEB_DKO,11522887,"BV_A1_16.08.2022-11.07.2023-M_0.038 not mixed, no fixative",ARMS organisms sample from station Piran,241031_JARVIS_HJ5N5DRX5
EMOBON050134,EMOBON_BuoyVida_Jul_23MF05_1,ARMS_GulfOfPiran_BojaVida_20220816_20230711_MF500_s1_r1,EMOBON_GulfOfPiran_BuoyVida_XX,Batch5,18S rRNA (V1-V2),DBN_AAOJ,DBP_AAOL,"6,75",108,729,DBN_AAOJ,DBQ_ABAGOSTA_1_HJ5N5DRX5.UDI109-BID13,DBQ_ABAGOSTA_1_1_HJ5N5DRX5.UDI109-BID13_clean.fastq.gz,DBQ_ABAGOSTA_1_2_HJ5N5DRX5.UDI109-BID13_clean.fastq.gz,CDW_AAJQ,CEB_DKN,CEB_DKO,9419272,"BV_A1_16.08.2022-11.07.2023-S_0.5 not mixed, DMSO/NaCl",ARMS organisms sample from station Piran,241031_JARVIS_HJ5N5DRX5
EMOBON050135,EMOBON_BuoyVida_Jul_23MF05_2,ARMS_GulfOfPiran_BojaVida_20220816_20230711_MF500_s2_r1,EMOBON_GulfOfPiran_BuoyVida_XX,Batch5,18S rRNA (V1-V2),DBN_AAOK,DBP_AAOM,"6,04",108,"652,3",DBN_AAOK,DBQ_ABAHOSTA_2_HGH7NDRX5.UDI121-BID13,DBQ_ABAHOSTA_2_1_HGH7NDRX5.UDI121-BID13_clean.fastq.gz,DBQ_ABAHOSTA_2_2_HGH7NDRX5.UDI121-BID13_clean.fastq.gz,CDW_AAJQ,CEB_DKN,CEB_DKO,10559620,"BV_A1_16.08.2022-11.07.2023-M_0.5_notmixed,DMSO/NaCl",ARMS organisms sample from station Piran,240910_JARVIS_HGH7NDRX5
EMOBON050136,EMOBON_PortKoper_Jul_23_SF_1,ARMS_GulfOfPiran_LukaKP_20230215_20230717_SF38_s1_r1,EMOBON_GulfOfPiran_PortKoper_XX,Batch5,18S rRNA (V1-V2),DBN_AAOL,DBP_AAPT,"2,04",108,"220,3",DBN_AAOL,DBQ_ABAZOSTA_2_HGH7NDRX5.UDI169-BID16,DBQ_ABAZOSTA_2_1_HGH7NDRX5.UDI169-BID16_clean.fastq.gz,DBQ_ABAZOSTA_2_2_HGH7NDRX5.UDI169-BID16_clean.fastq.gz,CDW_AAJQ,CEB_DKN,CEB_DKO,9279861,LukaKP_And1.15.02.2023-17.07-2023_S_1_mixed_DMSO/NaCl,ARMS organisms sample from station Piran,240910_JARVIS_HGH7NDRX5
EMOBON050138,EMOBON_PortKoper_Jul_23_MF01_1,ARMS_GulfOfPiran_LukaKP_20230215_20230717_MF100_s1_r1,EMOBON_GulfOfPiran_PortKoper_XX,Batch5,18S rRNA (V1-V2),DBN_AAON,DBP_AAPV,"3,55",108,"383,4",DBN_AAON,DBQ_ABBAOSTA_2_HGH7NDRX5.UDI145-BID17,DBQ_ABBAOSTA_2_1_HGH7NDRX5.UDI145-BID17_clean.fastq.gz,DBQ_ABBAOSTA_2_2_HGH7NDRX5.UDI145-BID17_clean.fastq.gz,CDW_AAJQ,CEB_DKN,CEB_DKO,5336092,LukaKP_And1.15.02.2023-17.07-2023_M_1_mixed_DMSO/NaCl,ARMS organisms sample from station Piran,240910_JARVIS_HGH7NDRX5
EMOBON050139,EMOBON_PortKoper_Jul_23_MF01_2,ARMS_GulfOfPiran_LukaKP_20230215_20230717_MF100_s2_r1,EMOBON_GulfOfPiran_PortKoper_XX,Batch5,18S rRNA (V1-V2),DBN_AAOO,DBP_AAOQ,"33,5",108,3618,DBN_AAOO,DBQ_ABAJOSTA_2_HGH7NDRX5.UDI145-BID13,DBQ_ABAJOSTA_2_1_HGH7NDRX5.UDI145-BID13_clean.fastq.gz,DBQ_ABAJOSTA_2_2_HGH7NDRX5.UDI145-BID13_clean.fastq.gz,CDW_AAJQ,CEB_DKN,CEB_DKO,7018240,LukaKP_And1.15.02.2023-17.07-2023_M_0.038_notmixed_DMSO/NaCl,ARMS organisms sample from station Piran,240910_JARVIS_HGH7NDRX5
EMOBON050140,EMOBON_PortKoper_Jul_23_MF05_1,ARMS_GulfOfPiran_LukaKP_20230215_20230717_MF500_s1_r1,EMOBON_GulfOfPiran_PortKoper_XX,Batch5,18S rRNA (V1-V2),DBN_AAOP,DBP_AAOR,"7,64",108,"825,1",DBN_AAOP,DBQ_ABAKOSTA_2_HGH7NDRX5.UDI157-BID13,DBQ_ABAKOSTA_2_1_HGH7NDRX5.UDI157-BID13_clean.fastq.gz,DBQ_ABAKOSTA_2_2_HGH7NDRX5.UDI157-BID13_clean.fastq.gz,CDW_AAJQ,CEB_DKN,CEB_DKO,11563001,LukaKP_And1.15.02.2023-17.07-2023_S_0.5_notmixed_DMSO/NaCl,ARMS organisms sample from station Piran,240910_JARVIS_HGH7NDRX5
EMOBON060432,EMOBON_Koster_VH1A_Ha_230817_240905_SF_(1),ARMS_Koster_VH1_20230817_20240905_SF40_s1_r1,EMOBON_Koster_Ha_65,Batch6,18S rRNA (V1-V2),DBN_AAOR,DBP_AAWZ,"2,29",108,"247,3",DBQ_ABKN,DBQ_ABKNOSTA_2_H3WT3DRX7.UDI342-BID17,DBQ_ABKNOSTA_2_1_H3WT3DRX7.UDI342-BID17_clean.fastq.gz,DBQ_ABKNOSTA_2_2_H3WT3DRX7.UDI342-BID17_clean.fastq.gz,CDW_AAKS,CEB_ELN,CEB_ELO,2010587,,ARMS organisms sample from station Koster,251031_JARVIS_H3WT3DRX7
EMOBON060434,EMOBON_Koster_VH1A_Ha_230817_240905_MF01_(1),ARMS_Koster_VH1_20230817_20240905_MF100_s1_r1,EMOBON_Koster_Ha_69,Batch6,18S rRNA (V1-V2),DBN_AAOT,DBP_AAQC,"51,4",98,"5037,2",DBQ_ABHJ,DBQ_ABHJOSTA_2_H3WT3DRX7.UDI318-BID01,DBQ_ABHJOSTA_2_1_H3WT3DRX7.UDI318-BID01_clean.fastq.gz,DBQ_ABHJOSTA_2_2_H3WT3DRX7.UDI318-BID01_clean.fastq.gz,CDW_AAJQ,CEB_ELN,CEB_ELO,1529362,,ARMS organisms sample from station Koster,251031_JARVIS_H3WT3DRX7
EMOBON060436,EMOBON_Koster_VH1A_Ha_230817_240905_MF05_(1),ARMS_Koster_VH1_20230817_20240905_MF500_s1_r1,EMOBON_Koster_Ha_73,Batch6,18S rRNA (V1-V2),DBN_AAOV,DBP_AAQD,131,100,13100,DBQ_ABHK,DBQ_ABHKOSTA_2_H3WT3DRX7.UDI330-BID01,DBQ_ABHKOSTA_2_1_H3WT3DRX7.UDI330-BID01_clean.fastq.gz,DBQ_ABHKOSTA_2_2_H3WT3DRX7.UDI330-BID01_clean.fastq.gz,CDW_AAJQ,CEB_ELN,CEB_ELO,2937554,,ARMS organisms sample from station Koster,251031_JARVIS_H3WT3DRX7
EMOBON060438,EMOBON_Koster_VH2A_Ha_230817_240905_SF_(1),ARMS_Koster_VH2_20230817_20240905_SF40_s1_r1,EMOBON_Koster_Ha_78,Batch6,18S rRNA (V1-V2),DBN_AAOX,DBP_AAQE,"7,62",108,823,DBQ_ABKV,DBQ_ABKVOSTA_2_H3WT3DRX7.UDI329-BID01,DBQ_ABKVOSTA_2_1_H3WT3DRX7.UDI329-BID01_clean.fastq.gz,DBQ_ABKVOSTA_2_2_H3WT3DRX7.UDI329-BID01_clean.fastq.gz,CDW_AAJQ,CEB_ELP,CEB_ELQ,2790542,,ARMS organisms sample from station Koster,251031_JARVIS_H3WT3DRX7
EMOBON060440,EMOBON_Koster_VH2A_Ha_230817_240905_MF01_(1),ARMS_Koster_VH2_20230817_20240905_MF100_s1_r1,EMOBON_Koster_Ha_82,Batch6,18S rRNA (V1-V2),DBN_AAOZ,DBP_AAQF,"80,2",108,"8661,6",DBQ_ABHL,DBQ_ABHLOSTA_2_H3WT3DRX7.UDI342-BID01,DBQ_ABHLOSTA_2_1_H3WT3DRX7.UDI342-BID01_clean.fastq.gz,DBQ_ABHLOSTA_2_2_H3WT3DRX7.UDI342-BID01_clean.fastq.gz,CDW_AAJQ,CEB_ELN,CEB_ELO,2297231,,ARMS organisms sample from station Koster,251031_JARVIS_H3WT3DRX7
EMOBON060442,EMOBON_Koster_VH2A_Ha_230817_240905_MF05_(1),ARMS_Koster_VH2_20230817_20240905_MF500_s1_r1,EMOBON_Koster_Ha_86,Batch6,18S rRNA (V1-V2),DBN_AAPB,DBP_AAQG,"6,87",108,742,DBQ_ABKW,DBQ_ABKWOSTA_2_H3WT3DRX7.UDI341-BID01,DBQ_ABKWOSTA_2_1_H3WT3DRX7.UDI341-BID01_clean.fastq.gz,DBQ_ABKWOSTA_2_2_H3WT3DRX7.UDI341-BID01_clean.fastq.gz,CDW_AAJQ,CEB_ELP,CEB_ELQ,2816446,,ARMS organisms sample from station Koster,251031_JARVIS_H3WT3DRX7
EMOBON060444,EMOBON_Koster_VH3A_Ha_230817_240905_SF_(1),ARMS_Koster_VH3_20230817_20240905_SF40_s1_r1,EMOBON_Koster_Ha_90,Batch6,18S rRNA (V1-V2),DBN_AAPD,DBP_AAQH,"9,9",108,"1069,2",DBQ_ABKX,DBQ_ABKXOSTA_2_H3WT3DRX7.UDI353-BID01,DBQ_ABKXOSTA_2_1_H3WT3DRX7.UDI353-BID01_clean.fastq.gz,DBQ_ABKXOSTA_2_2_H3WT3DRX7.UDI353-BID01_clean.fastq.gz,CDW_AAJQ,CEB_ELP,CEB_ELQ,3537975,,ARMS organisms sample from station Koster,251031_JARVIS_H3WT3DRX7
EMOBON060446,EMOBON_Koster_VH3A_Ha_230817_240905_MF01_(1),ARMS_Koster_VH3_20230817_20240905_MF100_s1_r1,EMOBON_Koster_Ha_94,Batch6,18S rRNA (V1-V2),DBN_AAPF,DBP_AAQI,94,108,10152,DBQ_ABHM,DBQ_ABHMOSTA_2_H3WT3DRX7.UDI354-BID01,DBQ_ABHMOSTA_2_1_H3WT3DRX7.UDI354-BID01_clean.fastq.gz,DBQ_ABHMOSTA_2_2_H3WT3DRX7.UDI354-BID01_clean.fastq.gz,CDW_AAJQ,CEB_ELN,CEB_ELO,2238523,,ARMS organisms sample from station Koster,251031_JARVIS_H3WT3DRX7
EMOBON060448,EMOBON_Koster_VH3A_Ha_230817_240905_MF05_(1),ARMS_Koster_VH3_20230817_20240905_MF500_s1_r1,EMOBON_Koster_Ha_98,Batch6,18S rRNA (V1-V2),DBN_AAPH,DBP_AAQJ,"99,4",98,"9741,2",DBQ_ABHN,DBQ_ABHNOSTA_2_H3WT3DRX7.UDI305-BID01,DBQ_ABHNOSTA_2_1_H3WT3DRX7.UDI305-BID01_clean.fastq.gz,DBQ_ABHNOSTA_2_2_H3WT3DRX7.UDI305-BID01_clean.fastq.gz,CDW_AAJQ,CEB_ELN,CEB_ELO,946453,,ARMS organisms sample from station Koster,251031_JARVIS_H3WT3DRX7
EMOBON060450,EMOBON_Koster_VH3A_Ha_230817_240905_(blank),ARMS_Koster_VH3_20230817_20240905_blank,EMOBON_Koster_Ha_77,Batch6,18S rRNA (V1-V2),DBN_AAPJ,DBP_AAQK,509,108,55,DBQ_ABKY,DBQ_ABKYOSTA_2_H3WT3DRX7.UDI365-BID01,DBQ_ABKYOSTA_2_1_H3WT3DRX7.UDI365-BID01_clean.fastq.gz,DBQ_ABKYOSTA_2_2_H3WT3DRX7.UDI365-BID01_clean.fastq.gz,CDW_AAJQ,CEB_ELP,CEB_ELQ,5600407,,ARMS organisms sample from station Koster; blank,251031_JARVIS_H3WT3DRX7
EMOBON060451,EMOBON_PiEGetxo_1_Ha_24521_241022_SF40_1,ARMS_Getxo_G1_20240521_20241022_SF40_s1_r1,EMOBON_PiEGetxo_Ha_14,Batch6,18S rRNA (V1-V2),DBN_AAPK,DBP_AAQL,"2,76",108,"298,1",DBQ_ABKZ,DBQ_ABKZOSTA_2_H3WT3DRX7.UDI377-BID01,DBQ_ABKZOSTA_2_1_H3WT3DRX7.UDI377-BID01_clean.fastq.gz,DBQ_ABKZOSTA_2_2_H3WT3DRX7.UDI377-BID01_clean.fastq.gz,CDW_AAJQ,CEB_ELP,CEB_ELQ,1772606,,ARMS organisms sample from station PiEGetxo,251031_JARVIS_H3WT3DRX7
EMOBON060453,EMOBON_PiEGetxo_2_Ha_24521_241022_SF40_1,ARMS_Getxo_G2_20240521_20241022_SF40_s1_r1,EMOBON_PiEGetxo_Ha_16,Batch6,18S rRNA (V1-V2),DBN_AAPM,DBP_AAQM,"10,8",108,"1166,4",DBQ_ABLA,DBQ_ABLAOSTA_2_H3WT3DRX7.UDI294-BID01,DBQ_ABLAOSTA_2_1_H3WT3DRX7.UDI294-BID01_clean.fastq.gz,DBQ_ABLAOSTA_2_2_H3WT3DRX7.UDI294-BID01_clean.fastq.gz,CDW_AAJQ,CEB_ELP,CEB_ELQ,878826,,ARMS organisms sample from station PiEGetxo,251031_JARVIS_H3WT3DRX7
EMOBON060455,EMOBON_PiEGetxo_1_Ha_24521_241022_MF100_1,ARMS_Getxo_G1_20240521_20241022_MF100_s1_r1,EMOBON_PiEGetxo_Ha_18,Batch6,18S rRNA (V1-V2),DBN_AAPO,DBP_AAQN,"57,4",108,"6199,2",DBQ_ABHO,DBQ_ABHOOSTA_1_H3WT3DRX7.UDI366-BID01,DBQ_ABHOOSTA_1_1_H3WT3DRX7.UDI366-BID01_clean.fastq.gz,DBQ_ABHOOSTA_1_2_H3WT3DRX7.UDI366-BID01_clean.fastq.gz,CDW_AAJQ,CEB_ELN,CEB_ELO,3353111,,ARMS organisms sample from station PiEGetxo,251031_JARVIS_H3WT3DRX7
EMOBON060457,EMOBON_PiEGetxo_2_Ha_24521_241022_MF100_1,ARMS_Getxo_G2_20240521_20241022_MF100_s1_r1,EMOBON_PiEGetxo_Ha_20,Batch6,18S rRNA (V1-V2),DBN_AAPQ,DBP_AAQO,"49,7",108,"5367,6",DBQ_ABHP,DBQ_ABHPOSTA_1_H3WT3DRX7.UDI378-BID01,DBQ_ABHPOSTA_1_1_H3WT3DRX7.UDI378-BID01_clean.fastq.gz,DBQ_ABHPOSTA_1_2_H3WT3DRX7.UDI378-BID01_clean.fastq.gz,CDW_AAJQ,CEB_ELN,CEB_ELO,2714763,,ARMS organisms sample from station PiEGetxo,251031_JARVIS_H3WT3DRX7
EMOBON060459,EMOBON_PiEGetxo_1_Ha_24521_241022_MF500_1,ARMS_Getxo_G1_20240521_20241022_MF500_s1_r1,EMOBON_PiEGetxo_Ha_22,Batch6,18S rRNA (V1-V2),DBN_AAPS,DBP_AAQP,"90,9",108,"9817,2",DBQ_ABHQ,DBQ_ABHQOSTA_1_H3WT3DRX7.UDI295-BID01,DBQ_ABHQOSTA_1_1_H3WT3DRX7.UDI295-BID01_clean.fastq.gz,DBQ_ABHQOSTA_1_2_H3WT3DRX7.UDI295-BID01_clean.fastq.gz,CDW_AAJQ,CEB_ELN,CEB_ELO,3200793,,ARMS organisms sample from station PiEGetxo,251031_JARVIS_H3WT3DRX7
EMOBON060461,EMOBON_PiEGetxo_2_Ha_24521_241022_MF500_1,ARMS_Getxo_G2_20240521_20241022_MF500_s1_r1,EMOBON_PiEGetxo_Ha_24,Batch6,18S rRNA (V1-V2),DBN_AAPU,DBP_AAQQ,"1,78",108,"192,2",DBQ_ABLB,DBQ_ABLBOSTA_1_H3WLLDRX7.UDI317-BID01,DBQ_ABLBOSTA_1_1_H3WLLDRX7.UDI317-BID01_clean.fastq.gz,DBQ_ABLBOSTA_1_2_H3WLLDRX7.UDI317-BID01_clean.fastq.gz,CDW_AAJQ,CEB_ELP,CEB_ELQ,1235651,,ARMS organisms sample from station PiEGetxo,251020_JARVIS_H3WLLDRX7
EMOBON060463,EMOBON_PiEGetxo_Ha_24521_241022_blank_1,ARMS_Getxo_G2_20240521_20241022_blank,EMOBON_PiEGetxo_Ha_26,Batch6,18S rRNA (V1-V2),DBN_AAPW,DBP_AAQR,not reported by Genoscope,not reported by Genoscope,not reported by Genoscope,DBQ_ABLC,DBQ_ABLCOSTA_2_H3WT3DRX7.UDI293-BID01,DBQ_ABLCOSTA_2_1_H3WT3DRX7.UDI293-BID01_clean.fastq.gz,DBQ_ABLCOSTA_2_2_H3WT3DRX7.UDI293-BID01_clean.fastq.gz,CDW_AAKS,CEB_ELP,CEB_ELQ,3057310,,ARMS organisms sample from station PiEGetxo; blank,251031_JARVIS_H3WT3DRX7
EMOBON060465,EMOBON_Daneborg_Daneborg1_210722_230815_SF40_1,ARMS_Daneborg_Daneborg1_20210722_20230815_SF40_s1_r1,EMOBON_Denmark_Ha_11,Batch6,18S rRNA (V1-V2),DBN_AAPY,DBP_AAQS,"26,1",102,"2662,2",DBQ_ABLD,DBQ_ABLDOSTA_2_H3WT3DRX7.UDI329-BID02,DBQ_ABLDOSTA_2_1_H3WT3DRX7.UDI329-BID02_clean.fastq.gz,DBQ_ABLDOSTA_2_2_H3WT3DRX7.UDI329-BID02_clean.fastq.gz,CDW_AAKS,CEB_ELP,CEB_ELQ,1680750,,ARMS organisms sample from station Denmark Aarhus,251031_JARVIS_H3WT3DRX7
EMOBON060467,ARMS_RAVH1_20240424-20240725_SF40_1,ARMS_RavHarbour_RavH1_20240424_20240725_SF40_s1_r1,EMOBON_Italy_Ha_55,Batch6,18S rRNA (V1-V2),DBN_AAQA,DBP_AAQT,"25,3",100,2530,DBQ_ABLE,DBQ_ABLEOSTA_2_H3WT3DRX7.UDI341-BID02,DBQ_ABLEOSTA_2_1_H3WT3DRX7.UDI341-BID02_clean.fastq.gz,DBQ_ABLEOSTA_2_2_H3WT3DRX7.UDI341-BID02_clean.fastq.gz,CDW_AAKS,CEB_ELP,CEB_ELQ,753746,,ARMS organisms sample from station UniBologna,251031_JARVIS_H3WT3DRX7
EMOBON060469,ARMS_RAVH1_20240424-20240725_MF100_1,ARMS_RavHarbour_RavH1_20240424_20240725_MF100_s1_r1,EMOBON_Italy_Ha_57,Batch6,18S rRNA (V1-V2),DBN_AAQC,DBP_AAQU,"5,61",100,561,DBQ_ABLF,DBQ_ABLFOSTA_2_H3WT3DRX7.UDI353-BID02,DBQ_ABLFOSTA_2_1_H3WT3DRX7.UDI353-BID02_clean.fastq.gz,DBQ_ABLFOSTA_2_2_H3WT3DRX7.UDI353-BID02_clean.fastq.gz,CDW_AAKS,CEB_ELP,CEB_ELQ,1043160,,ARMS organisms sample from station UniBologna,251031_JARVIS_H3WT3DRX7
EMOBON060471,ARMS_RAVH1_20240424-20240725_MF500_1,ARMS_RavHarbour_RavH1_20240424_20240725_MF500_s1_r1,EMOBON_Italy_Ha_59,Batch6,18S rRNA (V1-V2),DBN_AAQE,DBP_AAQV,"13,45",100,1345,DBQ_ABLG,DBQ_ABLGOSTA_2_H3WT3DRX7.UDI365-BID02,DBQ_ABLGOSTA_2_1_H3WT3DRX7.UDI365-BID02_clean.fastq.gz,DBQ_ABLGOSTA_2_2_H3WT3DRX7.UDI365-BID02_clean.fastq.gz,CDW_AAKS,CEB_ELP,CEB_ELQ,1426469,,ARMS organisms sample from station UniBologna,251031_JARVIS_H3WT3DRX7
EMOBON060473,ARMS_RAVH2_20240424-20240725_SF40_1,ARMS_RavHarbour_RavH2_20240424_20240725_SF40_s1_r1,EMOBON_Italy_Ha_61,Batch6,18S rRNA (V1-V2),DBN_AAQG,DBP_AAQW,"52,8",100,5280,DBQ_ABHR,DBQ_ABHROSTA_2_H3WT3DRX7.UDI318-BID02,DBQ_ABHROSTA_2_1_H3WT3DRX7.UDI318-BID02_clean.fastq.gz,DBQ_ABHROSTA_2_2_H3WT3DRX7.UDI318-BID02_clean.fastq.gz,CDW_AAKS,CEB_ELN,CEB_ELO,462299,,ARMS organisms sample from station UniBologna,251031_JARVIS_H3WT3DRX7
EMOBON060475,ARMS_RAVH2_20240424-20240725_MF100_1,ARMS_RavHarbour_RavH2_20240424_20240725_MF100_s1_r1,EMOBON_Italy_Ha_63,Batch6,18S rRNA (V1-V2),DBN_AAQI,DBP_AAQX,"127,5",100,12750,DBQ_ABHS,DBQ_ABHSOSTA_2_H3WT3DRX7.UDI330-BID02,DBQ_ABHSOSTA_2_1_H3WT3DRX7.UDI330-BID02_clean.fastq.gz,DBQ_ABHSOSTA_2_2_H3WT3DRX7.UDI330-BID02_clean.fastq.gz,CDW_AAKS,CEB_ELN,CEB_ELO,741328,,ARMS organisms sample from station UniBologna,251031_JARVIS_H3WT3DRX7
EMOBON060477,ARMS_RAVH2_20240424-20240725_MF500_1,ARMS_RavHarbour_RavH2_20240424_20240725_MF500_s1_r1,EMOBON_Italy_Ha_65,Batch6,18S rRNA (V1-V2),DBN_AAQK,DBP_AAQY,"31,5",100,3150,DBQ_ABLH,DBQ_ABLHOSTA_2_H3WT3DRX7.UDI377-BID02,DBQ_ABLHOSTA_2_1_H3WT3DRX7.UDI377-BID02_clean.fastq.gz,DBQ_ABLHOSTA_2_2_H3WT3DRX7.UDI377-BID02_clean.fastq.gz,CDW_AAKS,CEB_ELP,CEB_ELQ,407566,,ARMS organisms sample from station UniBologna,251031_JARVIS_H3WT3DRX7
EMOBON060479,ARMS_RAVH3_20240424-20240725_SF40_1,ARMS_RavHarbour_RavH3_20240424_20240725_SF40_s1_r1,EMOBON_Italy_Ha_67,Batch6,18S rRNA (V1-V2),DBN_AAQM,DBP_AARF,30,108,3240,DBQ_ABLJ,DBQ_ABLJOSTA_2_H3WT3DRX7.UDI306-BID02,DBQ_ABLJOSTA_2_1_H3WT3DRX7.UDI306-BID02_clean.fastq.gz,DBQ_ABLJOSTA_2_2_H3WT3DRX7.UDI306-BID02_clean.fastq.gz,CDW_AAKS,CEB_ELP,CEB_ELQ,491218,,ARMS organisms sample from station UniBologna,251031_JARVIS_H3WT3DRX7
EMOBON060481,ARMS_RAVH3_20240424-20240725_MF100_1,ARMS_RavHarbour_RavH3_20240424_20240725_MF100_s1_r1,EMOBON_Italy_Ha_69,Batch6,18S rRNA (V1-V2),DBN_AAQO,DBP_AARG,"34,6",108,"3736,8",DBQ_ABLK,DBQ_ABLKOSTA_2_H3WT3DRX7.UDI293-BID02,DBQ_ABLKOSTA_2_1_H3WT3DRX7.UDI293-BID02_clean.fastq.gz,DBQ_ABLKOSTA_2_2_H3WT3DRX7.UDI293-BID02_clean.fastq.gz,CDW_AAKS,CEB_ELP,CEB_ELQ,365777,,ARMS organisms sample from station UniBologna,251031_JARVIS_H3WT3DRX7
EMOBON060481,ARMS_RAVH3_20240424-20240725_MF100_1,ARMS_RavHarbour_RavH3_20240424_20240725_MF100_s1_r2,EMOBON_Italy_Ha_69,Batch6,18S rRNA (V1-V2),DBN_AAQO,DBP_AARG,"34,6",108,"3736,8",DBQ_ABVZ,DBQ_ABVZOSTA_2_HCJF5DRX7.UDI214-BID01,DBQ_ABVZOSTA_2_1_HCJF5DRX7.UDI214-BID01_clean.fastq.gz,DBQ_ABVZOSTA_2_2_HCJF5DRX7.UDI214-BID01_clean.fastq.gz,CDW_AAKS,CEB_EON,CEB_EOO,1024025,,ARMS organisms sample from station UniBologna,251119_JARVIS_HCJF5DRX7
EMOBON060483,ARMS_RAVH3_20240424-20240725_MF500_1,ARMS_RavHarbour_RavH3_20240424_20240725_MF500_s1_r1,EMOBON_Italy_Ha_71,Batch6,18S rRNA (V1-V2),DBN_AAQQ,DBP_AARH,"7,67",108,"828,4",DBQ_ABLL,DBQ_ABLLOSTA_2_H3WT3DRX7.UDI329-BID04,DBQ_ABLLOSTA_2_1_H3WT3DRX7.UDI329-BID04_clean.fastq.gz,DBQ_ABLLOSTA_2_2_H3WT3DRX7.UDI329-BID04_clean.fastq.gz,CDW_AAKS,CEB_ELP,CEB_ELQ,516486,,ARMS organisms sample from station UniBologna,251031_JARVIS_H3WT3DRX7
EMOBON060485,ARMS_RAVM1_20240424-20240725_SF40_1,ARMS_RavMarina_RavM1_20240424_20240725_SF40_s1_r1,EMOBON_Italy_Ha_73,Batch6,18S rRNA (V1-V2),DBN_AAQS,DBP_AARI,"22,1",108,"2386,8",DBQ_ABLM,DBQ_ABLMOSTA_2_H3WT3DRX7.UDI341-BID04,DBQ_ABLMOSTA_2_1_H3WT3DRX7.UDI341-BID04_clean.fastq.gz,DBQ_ABLMOSTA_2_2_H3WT3DRX7.UDI341-BID04_clean.fastq.gz,CDW_AAKS,CEB_ELP,CEB_ELQ,461588,,ARMS organisms sample from station UniBologna,251031_JARVIS_H3WT3DRX7
EMOBON060487,ARMS_RAVM1_20240424-20240725_MF100_1,ARMS_RavMarina_RavM1_20240424_20240725_MF100_s1_r1,EMOBON_Italy_Ha_75,Batch6,18S rRNA (V1-V2),DBN_AAQU,DBP_AARJ,"9,66",108,"1043,3",DBQ_ABLN,DBQ_ABLNOSTA_2_H3WT3DRX7.UDI353-BID04,DBQ_ABLNOSTA_2_1_H3WT3DRX7.UDI353-BID04_clean.fastq.gz,DBQ_ABLNOSTA_2_2_H3WT3DRX7.UDI353-BID04_clean.fastq.gz,CDW_AAKS,CEB_ELP,CEB_ELQ,699273,,ARMS organisms sample from station UniBologna,251031_JARVIS_H3WT3DRX7
EMOBON060489,ARMS_RAVM1_20240424-20240725_MF500_1,ARMS_RavMarina_RavM1_20240424_20240725_MF500_s1_r1,EMOBON_Italy_Ha_77,Batch6,18S rRNA (V1-V2),DBN_AAQW,DBP_AARK,"28,6",108,"3088,8",DBQ_ABLO,DBQ_ABLOOSTA_2_H3WT3DRX7.UDI365-BID04,DBQ_ABLOOSTA_2_1_H3WT3DRX7.UDI365-BID04_clean.fastq.gz,DBQ_ABLOOSTA_2_2_H3WT3DRX7.UDI365-BID04_clean.fastq.gz,CDW_AAKS,CEB_ELP,CEB_ELQ,975411,,ARMS organisms sample from station UniBologna,251031_JARVIS_H3WT3DRX7
EMOBON060491,ARMS_RAVM2_20240424-20240725_SF40_1,ARMS_RavMarina_RavM2_20240424_20240725_SF40_s1_r1,EMOBON_Italy_Ha_79,Batch6,18S rRNA (V1-V2),DBN_AAQY,DBP_AARL,"15,25",108,1647,DBQ_ABLP,DBQ_ABLPOSTA_2_H3WT3DRX7.UDI377-BID04,DBQ_ABLPOSTA_2_1_H3WT3DRX7.UDI377-BID04_clean.fastq.gz,DBQ_ABLPOSTA_2_2_H3WT3DRX7.UDI377-BID04_clean.fastq.gz,CDW_AAKS,CEB_ELP,CEB_ELQ,524582,,ARMS organisms sample from station UniBologna,251031_JARVIS_H3WT3DRX7
EMOBON060493,ARMS_RAVM2_20240424-20240725_MF100_1,ARMS_RavMarina_RavM2_20240424_20240725_MF100_s1_r1,EMOBON_Italy_Ha_81,Batch6,18S rRNA (V1-V2),DBN_AARA,DBP_AARM,"24,1",108,"2602,8",DBQ_ABLQ,DBQ_ABLQOSTA_2_H3WT3DRX7.UDI294-BID04,DBQ_ABLQOSTA_2_1_H3WT3DRX7.UDI294-BID04_clean.fastq.gz,DBQ_ABLQOSTA_2_2_H3WT3DRX7.UDI294-BID04_clean.fastq.gz,CDW_AAKS,CEB_ELP,CEB_ELQ,344008,,ARMS organisms sample from station UniBologna,251031_JARVIS_H3WT3DRX7
EMOBON060493,ARMS_RAVM2_20240424-20240725_MF100_1,ARMS_RavMarina_RavM2_20240424_20240725_MF100_s1_r2,EMOBON_Italy_Ha_81,Batch6,18S rRNA (V1-V2),DBN_AARA,DBP_AARM,"24,1",108,"2602,8",DBQ_ABWA,DBQ_ABWAOSTA_2_HCJF5DRX7.UDI214-BID02,DBQ_ABWAOSTA_2_1_HCJF5DRX7.UDI214-BID02_clean.fastq.gz,DBQ_ABWAOSTA_2_2_HCJF5DRX7.UDI214-BID02_clean.fastq.gz,CDW_AAKS,CEB_EON,CEB_EOO,629424,,ARMS organisms sample from station UniBologna,251119_JARVIS_HCJF5DRX7
EMOBON060495,ARMS_RAVM2_20240424-20240725_MF500_1,ARMS_RavMarina_RavM2_20240424_20240725_MF500_s1_r1,EMOBON_Italy_Ha_83,Batch6,18S rRNA (V1-V2),DBN_AARC,DBP_AARN,"29,5",103,"3038,5",DBQ_ABLR,DBQ_ABLROSTA_2_H3WT3DRX7.UDI306-BID04,DBQ_ABLROSTA_2_1_H3WT3DRX7.UDI306-BID04_clean.fastq.gz,DBQ_ABLROSTA_2_2_H3WT3DRX7.UDI306-BID04_clean.fastq.gz,CDW_AAKS,CEB_ELP,CEB_ELQ,456167,,ARMS organisms sample from station UniBologna,251031_JARVIS_H3WT3DRX7
EMOBON060497,ARMS_RAVM3_20240424-20240725_SF40_1,ARMS_RavMarina_RavM3_20240424_20240725_SF40_s1_r1,EMOBON_Italy_Ha_85,Batch6,18S rRNA (V1-V2),DBN_AARE,DBP_AARO,"21,3",103,"2193,9",DBQ_ABLS,DBQ_ABLSOSTA_2_H3WT3DRX7.UDI293-BID04,DBQ_ABLSOSTA_2_1_H3WT3DRX7.UDI293-BID04_clean.fastq.gz,DBQ_ABLSOSTA_2_2_H3WT3DRX7.UDI293-BID04_clean.fastq.gz,CDW_AAKS,CEB_ELP,CEB_ELQ,503239,,ARMS organisms sample from station UniBologna,251031_JARVIS_H3WT3DRX7
EMOBON060499,ARMS_RAVM3_20240424-20240725_MF100_1,ARMS_RavMarina_RavM3_20240424_20240725_MF100_s1_r1,EMOBON_Italy_Ha_87,Batch6,18S rRNA (V1-V2),DBN_AARG,DBP_AARP,"13,15",98,"1288,7",DBQ_ABLT,DBQ_ABLTOSTA_2_H3WT3DRX7.UDI329-BID05,DBQ_ABLTOSTA_2_1_H3WT3DRX7.UDI329-BID05_clean.fastq.gz,DBQ_ABLTOSTA_2_2_H3WT3DRX7.UDI329-BID05_clean.fastq.gz,CDW_AAKS,CEB_ELP,CEB_ELQ,617520,,ARMS organisms sample from station UniBologna,251031_JARVIS_H3WT3DRX7
EMOBON060501,ARMS_RAVM3_20240424-20240725_MF500_1,ARMS_RavMarina_RavM3_20240424_20240725_MF500_s1_r1,EMOBON_Italy_Ha_89,Batch6,18S rRNA (V1-V2),DBN_AARI,DBP_AARQ,22,98,2156,DBQ_ABLU,DBQ_ABLUOSTA_2_H3WT3DRX7.UDI341-BID05,DBQ_ABLUOSTA_2_1_H3WT3DRX7.UDI341-BID05_clean.fastq.gz,DBQ_ABLUOSTA_2_2_H3WT3DRX7.UDI341-BID05_clean.fastq.gz,CDW_AAKS,CEB_ELP,CEB_ELQ,605351,,ARMS organisms sample from station UniBologna,251031_JARVIS_H3WT3DRX7
EMOBON060504,ARMS_RAVH_RAVM_20240424-20240725_Blank_1,ARMS_RavHarbour_RavH3_20240424_20240725_blank,EMOBON_Italy_Ha_92,Batch6,18S rRNA (V1-V2),DBN_AARL,DBP_AARR,not reported by Genoscope,not reported by Genoscope,not reported by Genoscope,DBQ_ABLV,DBQ_ABLVOSTA_2_H3WT3DRX7.UDI353-BID05,DBQ_ABLVOSTA_2_1_H3WT3DRX7.UDI353-BID05_clean.fastq.gz,DBQ_ABLVOSTA_2_2_H3WT3DRX7.UDI353-BID05_clean.fastq.gz,CDW_AAKS,CEB_ELP,CEB_ELQ,9103,,ARMS organisms sample from station UniBologna; blank,251031_JARVIS_H3WT3DRX7
EMOBON060507,ARMS_VEN1_20230719-20240716_SF40_1,ARMS_AdriaticEastCoast_VEN1_20230719_20240716_SF40_s1_r1,EMOBON_Italy_Ha_95,Batch6,18S rRNA (V1-V2),DBN_AARO,DBP_AARS,"6,6",98,"646,8",DBQ_ABLW,DBQ_ABLWOSTA_2_H3WT3DRX7.UDI365-BID05,DBQ_ABLWOSTA_2_1_H3WT3DRX7.UDI365-BID05_clean.fastq.gz,DBQ_ABLWOSTA_2_2_H3WT3DRX7.UDI365-BID05_clean.fastq.gz,CDW_AAKS,CEB_ELP,CEB_ELQ,1835185,,ARMS organisms sample from station UniBologna,251031_JARVIS_H3WT3DRX7
EMOBON060509,ARMS_VEN1_20230719-20240716_MF100_1,ARMS_AdriaticEastCoast_VEN1_20230719_20240716_MF100_s1_r1,EMOBON_Italy_Ha_97,Batch6,18S rRNA (V1-V2),DBN_AARQ,DBP_AART,"16,1",98,"1577,8",DBQ_ABLX,DBQ_ABLXOSTA_2_H3WT3DRX7.UDI377-BID05,DBQ_ABLXOSTA_2_1_H3WT3DRX7.UDI377-BID05_clean.fastq.gz,DBQ_ABLXOSTA_2_2_H3WT3DRX7.UDI377-BID05_clean.fastq.gz,CDW_AAKS,CEB_ELP,CEB_ELQ,1526556,,ARMS organisms sample from station UniBologna,251031_JARVIS_H3WT3DRX7
EMOBON060511,ARMS_VEN1_20230719-20240716_MF500_1,ARMS_AdriaticEastCoast_VEN1_20230719_20240716_MF500_s1_r1,EMOBON_Italy_Ha_99,Batch6,18S rRNA (V1-V2),DBN_AARS,DBP_AARU,"6,34",98,"621,3",DBQ_ABLY,DBQ_ABLYOSTA_2_H3WT3DRX7.UDI294-BID05,DBQ_ABLYOSTA_2_1_H3WT3DRX7.UDI294-BID05_clean.fastq.gz,DBQ_ABLYOSTA_2_2_H3WT3DRX7.UDI294-BID05_clean.fastq.gz,CDW_AAKS,CEB_ELP,CEB_ELQ,1352356,,ARMS organisms sample from station UniBologna,251031_JARVIS_H3WT3DRX7
EMOBON060513,ARMS_VEN2_20230719-20240716_SF40_1,ARMS_AdriaticEastCoast_VEN2_20230719_20240716_SF40_s1_r1,EMOBON_Italy_Ha_101,Batch6,18S rRNA (V1-V2),DBN_AARU,DBP_AARV,"4,86",108,"524,9",DBQ_ABLZ,DBQ_ABLZOSTA_2_H3WT3DRX7.UDI306-BID05,DBQ_ABLZOSTA_2_1_H3WT3DRX7.UDI306-BID05_clean.fastq.gz,DBQ_ABLZOSTA_2_2_H3WT3DRX7.UDI306-BID05_clean.fastq.gz,CDW_AAKS,CEB_ELP,CEB_ELQ,1377672,,ARMS organisms sample from station UniBologna,251031_JARVIS_H3WT3DRX7
EMOBON060515,ARMS_VEN2_20230719-20240716_MF100_1,ARMS_AdriaticEastCoast_VEN2_20230719_20240716_MF100_s1_r1,EMOBON_Italy_Ha_103,Batch6,18S rRNA (V1-V2),DBN_AARW,DBP_AARW,"21,6",108,"2332,8",DBQ_ABMA,DBQ_ABMAOSTA_2_H3WT3DRX7.UDI293-BID05,DBQ_ABMAOSTA_2_1_H3WT3DRX7.UDI293-BID05_clean.fastq.gz,DBQ_ABMAOSTA_2_2_H3WT3DRX7.UDI293-BID05_clean.fastq.gz,CDW_AAKS,CEB_ELP,CEB_ELQ,1225177,,ARMS organisms sample from station UniBologna,251031_JARVIS_H3WT3DRX7
EMOBON060517,ARMS_VEN2_20230719-20240716_MF500_1,ARMS_AdriaticEastCoast_VEN2_20230719_20240716_MF500_s1_r1,EMOBON_Italy_Ha_105,Batch6,18S rRNA (V1-V2),DBN_AARY,DBP_AARX,"13,1",108,"1414,8",DBQ_ABMB,DBQ_ABMBOSTA_2_H3WT3DRX7.UDI329-BID08,DBQ_ABMBOSTA_2_1_H3WT3DRX7.UDI329-BID08_clean.fastq.gz,DBQ_ABMBOSTA_2_2_H3WT3DRX7.UDI329-BID08_clean.fastq.gz,CDW_AAKS,CEB_ELP,CEB_ELQ,617028,,ARMS organisms sample from station UniBologna,251031_JARVIS_H3WT3DRX7
EMOBON060519,ARMS_VEN3_20230719-20240716_SF40_1,ARMS_AdriaticEastCoast_VEN3_20230719_20240716_SF40_s1_r1,EMOBON_Italy_Ha_107,Batch6,18S rRNA (V1-V2),DBN_AASA,DBP_AARY,"10,5",108,1134,DBQ_ABMC,DBQ_ABMCOSTA_2_H3WT3DRX7.UDI341-BID08,DBQ_ABMCOSTA_2_1_H3WT3DRX7.UDI341-BID08_clean.fastq.gz,DBQ_ABMCOSTA_2_2_H3WT3DRX7.UDI341-BID08_clean.fastq.gz,CDW_AAKS,CEB_ELP,CEB_ELQ,486188,,ARMS organisms sample from station UniBologna,251031_JARVIS_H3WT3DRX7
EMOBON060521,ARMS_VEN3_20230719-20240716_MF100_1,ARMS_AdriaticEastCoast_VEN3_20230719_20240716_MF100_s1_r1,EMOBON_Italy_Ha_109,Batch6,18S rRNA (V1-V2),DBN_AASC,DBP_AARZ,"41,667",107,"4458,3",DBQ_ABHX,DBQ_ABHXOSTA_1_H3WT3DRX7.UDI378-BID02,DBQ_ABHXOSTA_1_1_H3WT3DRX7.UDI378-BID02_clean.fastq.gz,DBQ_ABHXOSTA_1_2_H3WT3DRX7.UDI378-BID02_clean.fastq.gz,CDW_AAKS,CEB_ELN,CEB_ELO,332283,,ARMS organisms sample from station UniBologna,251031_JARVIS_H3WT3DRX7
EMOBON060521,ARMS_VEN3_20230719-20240716_MF100_1,ARMS_AdriaticEastCoast_VEN3_20230719_20240716_MF100_s1_r2,EMOBON_Italy_Ha_109,Batch6,18S rRNA (V1-V2),DBN_AASC,DBP_AARZ,"41,667",107,"4458,3",DBQ_ABWB,DBQ_ABWBOSTA_2_HCJF5DRX7.UDI214-BID04,DBQ_ABWBOSTA_2_1_HCJF5DRX7.UDI214-BID04_clean.fastq.gz,DBQ_ABWBOSTA_2_2_HCJF5DRX7.UDI214-BID04_clean.fastq.gz,CDW_AAKS,CEB_EON,CEB_EOO,939656,,ARMS organisms sample from station UniBologna,251119_JARVIS_HCJF5DRX7
EMOBON060523,ARMS_VEN3_20230719-20240716_MF500_1,ARMS_AdriaticEastCoast_VEN3_20230719_20240716_MF500_s1_r1,EMOBON_Italy_Ha_111,Batch6,18S rRNA (V1-V2),DBN_AASE,DBP_AASA,15,108,1620,DBQ_ABMD,DBQ_ABMDOSTA_2_H3WT3DRX7.UDI353-BID08,DBQ_ABMDOSTA_2_1_H3WT3DRX7.UDI353-BID08_clean.fastq.gz,DBQ_ABMDOSTA_2_2_H3WT3DRX7.UDI353-BID08_clean.fastq.gz,CDW_AAKS,CEB_ELP,CEB_ELQ,472608,,ARMS organisms sample from station UniBologna,251031_JARVIS_H3WT3DRX7
EMOBON060525,ARMS_VEN_20230719-20240716_Blank_1,ARMS_AdriaticEastCoast_VEN3_20230719_20240716_blank,EMOBON_Italy_Ha_113,Batch6,18S rRNA (V1-V2),DBN_AASG,DBP_AASB,not reported by Genoscope,not reported by Genoscope,not reported by Genoscope,DBQ_ABME,DBQ_ABMEOSTA_2_H3WT3DRX7.UDI365-BID08,DBQ_ABMEOSTA_2_1_H3WT3DRX7.UDI365-BID08_clean.fastq.gz,DBQ_ABMEOSTA_2_2_H3WT3DRX7.UDI365-BID08_clean.fastq.gz,CDW_AAKS,CEB_ELP,CEB_ELQ,155465,,ARMS organisms sample from station UniBologna; blank,251031_JARVIS_H3WT3DRX7
EMOBON060527,EMOBON_SVALBARD_S1A_HA_220808_240626_SF40_1,ARMS_Svalbard_S1A_20220808_20240626_SF40_s1_r1,EMOBON_Svalbard_Ha_1,Batch6,18S rRNA (V1-V2),DBN_AASI,DBP_AASC,"11,3",108,"1220,4",DBQ_ABMF,DBQ_ABMFOSTA_2_H3WT3DRX7.UDI377-BID08,DBQ_ABMFOSTA_2_1_H3WT3DRX7.UDI377-BID08_clean.fastq.gz,DBQ_ABMFOSTA_2_2_H3WT3DRX7.UDI377-BID08_clean.fastq.gz,CDW_AAKS,CEB_ELP,CEB_ELQ,1034244,,ARMS organisms sample from station Svalbard,251031_JARVIS_H3WT3DRX7
EMOBON060529,EMOBON_SVALBARD_S1A_HA_220808_240626_MF100_1,ARMS_Svalbard_S1A_20220808_20240626_MF100_s1_r1,EMOBON_Svalbard_Ha_5,Batch6,18S rRNA (V1-V2),DBN_AASK,DBP_AASD,"66,5",108,7182,DBQ_ABHY,DBQ_ABHYOSTA_1_H3WT3DRX7.UDI295-BID02,DBQ_ABHYOSTA_1_1_H3WT3DRX7.UDI295-BID02_clean.fastq.gz,DBQ_ABHYOSTA_1_2_H3WT3DRX7.UDI295-BID02_clean.fastq.gz,CDW_AAKS,CEB_ELN,CEB_ELO,1586622,,ARMS organisms sample from station Svalbard,251031_JARVIS_H3WT3DRX7
EMOBON060531,EMOBON_SVALBARD_S1A_HA_220808_240626_MF500_1,ARMS_Svalbard_S1A_20220808_20240626_MF500_s1_r1,EMOBON_Svalbard_Ha_8,Batch6,18S rRNA (V1-V2),DBN_AASM,DBP_AASE,"131,5",98,12887,DBQ_ABHZ,DBQ_ABHZOSTA_2_H3WT3DRX7.UDI318-BID04,DBQ_ABHZOSTA_2_1_H3WT3DRX7.UDI318-BID04_clean.fastq.gz,DBQ_ABHZOSTA_2_2_H3WT3DRX7.UDI318-BID04_clean.fastq.gz,CDW_AAKS,CEB_ELN,CEB_ELO,1645269,,ARMS organisms sample from station Svalbard,251031_JARVIS_H3WT3DRX7
EMOBON060533,EMOBON_SVALBARD_S1B_HA_220808_240630_SF40_1,ARMS_Svalbard_S1B_20220808_20240630_SF40_s1_r1,EMOBON_Svalbard_Ha_11,Batch6,18S rRNA (V1-V2),DBN_AASO,DBP_AASF,"91,2",108,"9849,6",DBQ_ABIA,DBQ_ABIAOSTA_2_H3WT3DRX7.UDI330-BID04,DBQ_ABIAOSTA_2_1_H3WT3DRX7.UDI330-BID04_clean.fastq.gz,DBQ_ABIAOSTA_2_2_H3WT3DRX7.UDI330-BID04_clean.fastq.gz,CDW_AAKS,CEB_ELN,CEB_ELO,1401172,,ARMS organisms sample from station Svalbard,251031_JARVIS_H3WT3DRX7
EMOBON060535,EMOBON_SVALBARD_S1B_HA_220808_240630_MF100_1,ARMS_Svalbard_S1B_20220808_20240630_MF100_s1_r1,EMOBON_Svalbard_Ha_14,Batch6,18S rRNA (V1-V2),DBN_AASQ,DBP_AASG,103,108,11124,DBQ_ABIB,DBQ_ABIBOSTA_2_H3WT3DRX7.UDI342-BID04,DBQ_ABIBOSTA_2_1_H3WT3DRX7.UDI342-BID04_clean.fastq.gz,DBQ_ABIBOSTA_2_2_H3WT3DRX7.UDI342-BID04_clean.fastq.gz,CDW_AAKS,CEB_ELN,CEB_ELO,1283530,,ARMS organisms sample from station Svalbard,251031_JARVIS_H3WT3DRX7
EMOBON060537,EMOBON_SVALBARD_S1B_HA_220808_240630_MF500_1,ARMS_Svalbard_S1B_20220808_20240630_MF500_s1_r1,EMOBON_Svalbard_Ha_17,Batch6,18S rRNA (V1-V2),DBN_AASS,DBP_AAQZ,"97,1",99,"9612,9",DBQ_ABHT,DBQ_ABHTOSTA_2_H3WT3DRX7.UDI342-BID02,DBQ_ABHTOSTA_2_1_H3WT3DRX7.UDI342-BID02_clean.fastq.gz,DBQ_ABHTOSTA_2_2_H3WT3DRX7.UDI342-BID02_clean.fastq.gz,CDW_AAKS,CEB_ELN,CEB_ELO,837644,,ARMS organisms sample from station Svalbard,251031_JARVIS_H3WT3DRX7
EMOBON060539,EMOBON_SVALBARD_S1C_HA_220808_240630_SF40_1,ARMS_Svalbard_S1C_20220808_20240630_SF40_s1_r1,EMOBON_Svalbard_Ha_20,Batch6,18S rRNA (V1-V2),DBN_AASU,DBP_AARA,"48,9",99,"4841,1",DBQ_ABHU,DBQ_ABHUOSTA_2_H3WT3DRX7.UDI354-BID02,DBQ_ABHUOSTA_2_1_H3WT3DRX7.UDI354-BID02_clean.fastq.gz,DBQ_ABHUOSTA_2_2_H3WT3DRX7.UDI354-BID02_clean.fastq.gz,CDW_AAKS,CEB_ELN,CEB_ELO,1243817,,ARMS organisms sample from station Svalbard,251031_JARVIS_H3WT3DRX7
EMOBON060541,EMOBON_SVALBARD_S1C_HA_220808_240630_MF100_1,ARMS_Svalbard_S1C_20220808_20240630_MF100_s1_r1,EMOBON_Svalbard_Ha_23,Batch6,18S rRNA (V1-V2),DBN_AASW,DBP_AARB,108,99,10692,DBQ_ABHV,DBQ_ABHVOSTA_2_H3WT3DRX7.UDI305-BID02,DBQ_ABHVOSTA_2_1_H3WT3DRX7.UDI305-BID02_clean.fastq.gz,DBQ_ABHVOSTA_2_2_H3WT3DRX7.UDI305-BID02_clean.fastq.gz,CDW_AAKS,CEB_ELN,CEB_ELO,1183560,,ARMS organisms sample from station Svalbard,251031_JARVIS_H3WT3DRX7
EMOBON060543,EMOBON_SVALBARD_S1C_HA_220808_240630_MF500_1,ARMS_Svalbard_S1C_20220808_20240630_MF500_s1_r1,EMOBON_Svalbard_Ha_26,Batch6,18S rRNA (V1-V2),DBN_AASY,DBP_AARC,"49,8",99,"4930,2",DBQ_ABHW,DBQ_ABHWOSTA_1_H3WT3DRX7.UDI366-BID02,DBQ_ABHWOSTA_1_1_H3WT3DRX7.UDI366-BID02_clean.fastq.gz,DBQ_ABHWOSTA_1_2_H3WT3DRX7.UDI366-BID02_clean.fastq.gz,CDW_AAKS,CEB_ELN,CEB_ELO,1306662,,ARMS organisms sample from station Svalbard,251031_JARVIS_H3WT3DRX7
EMOBON060545,ROSKO_BasBlo_S1_20230609–20240528_MF100,ARMS_Roscoff_BasBloS1_20230609_20240528_MF100_s1_r1,EMOBON_Roskogo_Ha_64,Batch6,18S rRNA (V1-V2),DBN_AATA,DBP_AARD,"10,88",99,"1077,1",DBQ_ABLI,DBQ_ABLIOSTA_1_H3WLLDRX7.UDI317-BID02,DBQ_ABLIOSTA_1_1_H3WLLDRX7.UDI317-BID02_clean.fastq.gz,DBQ_ABLIOSTA_1_2_H3WLLDRX7.UDI317-BID02_clean.fastq.gz,CDW_AAKS,CEB_ELP,CEB_ELQ,1377065,,ARMS organisms sample from station ROSKOGO,251020_JARVIS_H3WLLDRX7
EMOBON060546,ROSKO_BasBlo_S1_20230609–20240528_MF500,ARMS_Roscoff_BasBloS1_20230609_20240528_MF500_s1_r1,EMOBON_Roskogo_Ha_65,Batch6,18S rRNA (V1-V2),DBN_AATB,DBP_AAXA,"25,1",108,"2710,8",DBQ_ABKO,DBQ_ABKOOSTA_2_H3WT3DRX7.UDI354-BID17,DBQ_ABKOOSTA_2_1_H3WT3DRX7.UDI354-BID17_clean.fastq.gz,DBQ_ABKOOSTA_2_2_H3WT3DRX7.UDI354-BID17_clean.fastq.gz,CDW_AAKS,CEB_ELN,CEB_ELO,4092237,,ARMS organisms sample from station ROSKOGO,251031_JARVIS_H3WT3DRX7
EMOBON060547,ROSKO_BasBlo_S1_20230609–20240528_SFA,ARMS_Roscoff_BasBloS1_20230609_20240528_SF_s1_r1,EMOBON_Roskogo_Ha_66,Batch6,18S rRNA (V1-V2),DBN_AATC,DBP_AASH,"3,82",108,"412,6",DBQ_ABMG,DBQ_ABMGOSTA_2_H3WT3DRX7.UDI294-BID08,DBQ_ABMGOSTA_2_1_H3WT3DRX7.UDI294-BID08_clean.fastq.gz,DBQ_ABMGOSTA_2_2_H3WT3DRX7.UDI294-BID08_clean.fastq.gz,CDW_AAKS,CEB_ELP,CEB_ELQ,1626869,,ARMS organisms sample from station ROSKOGO,251031_JARVIS_H3WT3DRX7
EMOBON060548,ROSKO_BasBlo_S2_20230609–20240529_MF100,ARMS_Roscoff_BasBloS2_20230609_20240529_MF100_s1_r1,EMOBON_Roskogo_Ha_67,Batch6,18S rRNA (V1-V2),DBN_AATD,DBP_AASI,"74,9",108,"8089,2",DBQ_ABIC,DBQ_ABICOSTA_2_H3WT3DRX7.UDI354-BID04,DBQ_ABICOSTA_2_1_H3WT3DRX7.UDI354-BID04_clean.fastq.gz,DBQ_ABICOSTA_2_2_H3WT3DRX7.UDI354-BID04_clean.fastq.gz,CDW_AAKS,CEB_ELN,CEB_ELO,2317230,,ARMS organisms sample from station ROSKOGO,251031_JARVIS_H3WT3DRX7
EMOBON060549,ROSKO_BasBlo_S2_20230609–20240529_MF500,ARMS_Roscoff_BasBloS2_20230609_20240529_MF500_s1_r1,EMOBON_Roskogo_Ha_68,Batch6,18S rRNA (V1-V2),DBN_AATE,DBP_AASJ,134,108,14472,DBQ_ABID,DBQ_ABIDOSTA_2_H3WT3DRX7.UDI305-BID04,DBQ_ABIDOSTA_2_1_H3WT3DRX7.UDI305-BID04_clean.fastq.gz,DBQ_ABIDOSTA_2_2_H3WT3DRX7.UDI305-BID04_clean.fastq.gz,CDW_AAKS,CEB_ELN,CEB_ELO,2098465,,ARMS organisms sample from station ROSKOGO,251031_JARVIS_H3WT3DRX7
EMOBON060550,ROSKO_BasBlo_S2_20230609–20240529_SFA,ARMS_Roscoff_BasBloS2_20230609_20240529_SF_s1_r1,EMOBON_Roskogo_Ha_69,Batch6,18S rRNA (V1-V2),DBN_AATF,DBP_AASK,"2,26",108,"244,1",DBQ_ABMH,DBQ_ABMHOSTA_2_H3WT3DRX7.UDI306-BID08,DBQ_ABMHOSTA_2_1_H3WT3DRX7.UDI306-BID08_clean.fastq.gz,DBQ_ABMHOSTA_2_2_H3WT3DRX7.UDI306-BID08_clean.fastq.gz,CDW_AAKS,CEB_ELP,CEB_ELQ,1843893,,ARMS organisms sample from station ROSKOGO,251031_JARVIS_H3WT3DRX7
EMOBON060551,ROSKO_BasBlo_S3_20230609–20240529_MF100,ARMS_Roscoff_BasBloS3_20230609_20240529_MF100_s1_r1,EMOBON_Roskogo_Ha_70,Batch6,18S rRNA (V1-V2),DBN_AATG,DBP_AASL,"102,6",108,"11080,8",DBQ_ABIE,DBQ_ABIEOSTA_1_H3WT3DRX7.UDI366-BID04,DBQ_ABIEOSTA_1_1_H3WT3DRX7.UDI366-BID04_clean.fastq.gz,DBQ_ABIEOSTA_1_2_H3WT3DRX7.UDI366-BID04_clean.fastq.gz,CDW_AAKS,CEB_ELN,CEB_ELO,1989497,,ARMS organisms sample from station ROSKOGO,251031_JARVIS_H3WT3DRX7
EMOBON060552,ROSKO_BasBlo_S3_20230609–20240529_MF500,ARMS_Roscoff_BasBloS3_20230609_20240529_MF500_s1_r1,EMOBON_Roskogo_Ha_71,Batch6,18S rRNA (V1-V2),DBN_AATH,DBP_AASM,"3,93",108,"424,4",DBQ_ABVX,DBQ_ABVXOSTA_2_H3WT3DRX7.UDI293-BID08,DBQ_ABVXOSTA_2_1_H3WT3DRX7.UDI293-BID08_clean.fastq.gz,DBQ_ABVXOSTA_2_2_H3WT3DRX7.UDI293-BID08_clean.fastq.gz,CDW_AAKS,CEB_ELZ,CEB_EMA,1751710,,ARMS organisms sample from station ROSKOGO,251031_JARVIS_H3WT3DRX7
EMOBON060553,ROSKO_BasBlo_S3_20230609–20240529_SFA,ARMS_Roscoff_BasBloS3_20230609_20240529_SF_s1_r1,EMOBON_Roskogo_Ha_72,Batch6,18S rRNA (V1-V2),DBN_AATI,DBP_AASN,"143,5",108,15498,DBQ_ABIF,DBQ_ABIFOSTA_1_H3WT3DRX7.UDI378-BID04,DBQ_ABIFOSTA_1_1_H3WT3DRX7.UDI378-BID04_clean.fastq.gz,DBQ_ABIFOSTA_1_2_H3WT3DRX7.UDI378-BID04_clean.fastq.gz,CDW_AAKS,CEB_ELN,CEB_ELO,2369462,,ARMS organisms sample from station ROSKOGO,251031_JARVIS_H3WT3DRX7
EMOBON060554,ROSKO_MarBlo_S1_20230609–20240527_MF100A,ARMS_Roscoff_MarBloR1_20230609_20240527_MF100_s1_r1,EMOBON_Roskogo_Ha_73,Batch6,18S rRNA (V1-V2),DBN_AATJ,DBP_AASO,"32,5",108,3510,DBQ_ABMJ,DBQ_ABMJOSTA_2_H3WT3DRX7.UDI329-BID09,DBQ_ABMJOSTA_2_1_H3WT3DRX7.UDI329-BID09_clean.fastq.gz,DBQ_ABMJOSTA_2_2_H3WT3DRX7.UDI329-BID09_clean.fastq.gz,CDW_AAKS,CEB_ELP,CEB_ELQ,2807283,,ARMS organisms sample from station ROSKOGO,251031_JARVIS_H3WT3DRX7
EMOBON060555,ROSKO_MarBlo_S1_20230609–20240527_MF500,ARMS_Roscoff_MarBloR1_20230609_20240527_MF500_s1_r1,EMOBON_Roskogo_Ha_74,Batch6,18S rRNA (V1-V2),DBN_AATK,DBP_AASP,109,100,10900,DBQ_ABIG,DBQ_ABIGOSTA_1_H3WT3DRX7.UDI295-BID04,DBQ_ABIGOSTA_1_1_H3WT3DRX7.UDI295-BID04_clean.fastq.gz,DBQ_ABIGOSTA_1_2_H3WT3DRX7.UDI295-BID04_clean.fastq.gz,CDW_AAKS,CEB_ELN,CEB_ELO,2333204,,ARMS organisms sample from station ROSKOGO,251031_JARVIS_H3WT3DRX7
EMOBON060556,ROSKO_MarBlo_S1_20230609–20240527_SFA,ARMS_Roscoff_MarBloR1_20230609_20240527_SF_s1_r1,EMOBON_Roskogo_Ha_75,Batch6,18S rRNA (V1-V2),DBN_AATL,DBP_AASQ,"1,95",102,"198,9",DBQ_ABMK,DBQ_ABMKOSTA_2_H3WT3DRX7.UDI341-BID09,DBQ_ABMKOSTA_2_1_H3WT3DRX7.UDI341-BID09_clean.fastq.gz,DBQ_ABMKOSTA_2_2_H3WT3DRX7.UDI341-BID09_clean.fastq.gz,CDW_AAKS,CEB_ELP,CEB_ELQ,2172213,,ARMS organisms sample from station ROSKOGO,251031_JARVIS_H3WT3DRX7
EMOBON060557,ROSKO_MarBlo_S2_20230609–20240527_MF100A,ARMS_Roscoff_MarBloR2_20230609_20240527_MF100_s1_r1,EMOBON_Roskogo_Ha_76,Batch6,18S rRNA (V1-V2),DBN_AATM,DBP_AASR,"51,25",108,5535,DBQ_ABIH,DBQ_ABIHOSTA_2_H3WT3DRX7.UDI318-BID05,DBQ_ABIHOSTA_2_1_H3WT3DRX7.UDI318-BID05_clean.fastq.gz,DBQ_ABIHOSTA_2_2_H3WT3DRX7.UDI318-BID05_clean.fastq.gz,CDW_AAKS,CEB_ELN,CEB_ELO,3553998,,ARMS organisms sample from station ROSKOGO,251031_JARVIS_H3WT3DRX7
EMOBON060558,ROSKO_MarBlo_S2_20230609–20240527_MF500,ARMS_Roscoff_MarBloR2_20230609_20240527_MF500_s1_r1,EMOBON_Roskogo_Ha_77,Batch6,18S rRNA (V1-V2),DBN_AATN,DBP_AASS,"108,5",108,11718,DBQ_ABII,DBQ_ABIIOSTA_2_H3WT3DRX7.UDI330-BID05,DBQ_ABIIOSTA_2_1_H3WT3DRX7.UDI330-BID05_clean.fastq.gz,DBQ_ABIIOSTA_2_2_H3WT3DRX7.UDI330-BID05_clean.fastq.gz,CDW_AAKS,CEB_ELN,CEB_ELO,3318743,,ARMS organisms sample from station ROSKOGO,251031_JARVIS_H3WT3DRX7
EMOBON060559,ROSKO_MarBlo_S2_20230609–20240527_SFA,ARMS_Roscoff_MarBloR2_20230609_20240527_SF_s1_r1,EMOBON_Roskogo_Ha_78,Batch6,18S rRNA (V1-V2),DBN_AATO,DBP_AAST,"6,23",106,"660,4",DBQ_ABML,DBQ_ABMLOSTA_2_H3WT3DRX7.UDI353-BID09,DBQ_ABMLOSTA_2_1_H3WT3DRX7.UDI353-BID09_clean.fastq.gz,DBQ_ABMLOSTA_2_2_H3WT3DRX7.UDI353-BID09_clean.fastq.gz,CDW_AAKS,CEB_ELP,CEB_ELQ,3749578,,ARMS organisms sample from station ROSKOGO,251031_JARVIS_H3WT3DRX7
EMOBON060560,ROSKO_MarBlo_S3_20230609–20240527_MF100A,ARMS_Roscoff_MarBloR3_20230609_20240527_MF100_s1_r1,EMOBON_Roskogo_Ha_79,Batch6,18S rRNA (V1-V2),DBN_AATP,DBP_AASU,"31,5",108,3402,DBQ_ABMM,DBQ_ABMMOSTA_2_H3WT3DRX7.UDI365-BID09,DBQ_ABMMOSTA_2_1_H3WT3DRX7.UDI365-BID09_clean.fastq.gz,DBQ_ABMMOSTA_2_2_H3WT3DRX7.UDI365-BID09_clean.fastq.gz,CDW_AAKS,CEB_ELP,CEB_ELQ,4396308,,ARMS organisms sample from station ROSKOGO,251031_JARVIS_H3WT3DRX7
EMOBON060561,ROSKO_MarBlo_S3_20230609–20240527_MF500,ARMS_Roscoff_MarBloR3_20230609_20240527_MF500_s1_r1,EMOBON_Roskogo_Ha_80,Batch6,18S rRNA (V1-V2),DBN_AATQ,DBP_AASV,"31,4",108,"3391,2",DBQ_ABMN,DBQ_ABMNOSTA_2_H3WT3DRX7.UDI377-BID09,DBQ_ABMNOSTA_2_1_H3WT3DRX7.UDI377-BID09_clean.fastq.gz,DBQ_ABMNOSTA_2_2_H3WT3DRX7.UDI377-BID09_clean.fastq.gz,CDW_AAKS,CEB_ELP,CEB_ELQ,3125482,,ARMS organisms sample from station ROSKOGO,251031_JARVIS_H3WT3DRX7
EMOBON060562,ROSKO_MarBlo_S3_20230609–20240527_SFA,ARMS_Roscoff_MarBloR3_20230609_20240527_SF_s1_r1,EMOBON_Roskogo_Ha_81,Batch6,18S rRNA (V1-V2),DBN_AATR,DBP_AASW,"5,85",100,585,DBQ_ABMO,DBQ_ABMOOSTA_2_H3WT3DRX7.UDI294-BID09,DBQ_ABMOOSTA_2_1_H3WT3DRX7.UDI294-BID09_clean.fastq.gz,DBQ_ABMOOSTA_2_2_H3WT3DRX7.UDI294-BID09_clean.fastq.gz,CDW_AAKS,CEB_ELP,CEB_ELQ,2296723,,ARMS organisms sample from station ROSKOGO,251031_JARVIS_H3WT3DRX7
EMOBON060563,ROSKO_MarBlo_S1_240611–240909_MF100,ARMS_Roscoff_MarBloR1_20240611_20240909_MF100_s1_r1,EMOBON_Roskogo_Ha_82,Batch6,18S rRNA (V1-V2),DBN_AATS,DBP_AASX,"103,7",108,"11199,6",DBQ_ABIJ,DBQ_ABIJOSTA_2_H3WT3DRX7.UDI342-BID05,DBQ_ABIJOSTA_2_1_H3WT3DRX7.UDI342-BID05_clean.fastq.gz,DBQ_ABIJOSTA_2_2_H3WT3DRX7.UDI342-BID05_clean.fastq.gz,CDW_AAKS,CEB_ELN,CEB_ELO,3309128,,ARMS organisms sample from station ROSKOGO,251031_JARVIS_H3WT3DRX7
EMOBON060564,ROSKO_MarBlo_S1_240611–240909_MF500,ARMS_Roscoff_MarBloR1_20240611_20240909_MF500_s1_r1,EMOBON_Roskogo_Ha_83,Batch6,18S rRNA (V1-V2),DBN_AATT,DBP_AASY,155,108,16740,DBQ_ABIK,DBQ_ABIKOSTA_2_H3WT3DRX7.UDI354-BID05,DBQ_ABIKOSTA_2_1_H3WT3DRX7.UDI354-BID05_clean.fastq.gz,DBQ_ABIKOSTA_2_2_H3WT3DRX7.UDI354-BID05_clean.fastq.gz,CDW_AAKS,CEB_ELN,CEB_ELO,3980529,,ARMS organisms sample from station ROSKOGO,251031_JARVIS_H3WT3DRX7
EMOBON060565,ROSKO_MarBlo_S1_240611–240909_SFA,ARMS_Roscoff_MarBloR1_20240611_20240909_SF_s1_r1,EMOBON_Roskogo_Ha_84,Batch6,18S rRNA (V1-V2),DBN_AATU,DBP_AASZ,"45,7",108,"4935,6",DBQ_ABIL,DBQ_ABILOSTA_2_H3WT3DRX7.UDI305-BID05,DBQ_ABILOSTA_2_1_H3WT3DRX7.UDI305-BID05_clean.fastq.gz,DBQ_ABILOSTA_2_2_H3WT3DRX7.UDI305-BID05_clean.fastq.gz,CDW_AAKS,CEB_ELN,CEB_ELO,4047741,,ARMS organisms sample from station ROSKOGO,251031_JARVIS_H3WT3DRX7
EMOBON060566,ROSKO_MarBlo_S2_240611–240909_MF100,ARMS_Roscoff_MarBloR2_20240611_20240909_MF100_s1_r1,EMOBON_Roskogo_Ha_85,Batch6,18S rRNA (V1-V2),DBN_AATV,DBP_AATA,"97,9",108,"10573,2",DBQ_ABIM,DBQ_ABIMOSTA_1_H3WT3DRX7.UDI366-BID05,DBQ_ABIMOSTA_1_1_H3WT3DRX7.UDI366-BID05_clean.fastq.gz,DBQ_ABIMOSTA_1_2_H3WT3DRX7.UDI366-BID05_clean.fastq.gz,CDW_AAKS,CEB_ELN,CEB_ELO,3658399,,ARMS organisms sample from station ROSKOGO,251031_JARVIS_H3WT3DRX7
EMOBON060567,ROSKO_MarBlo_S2_240611–240909_MF500,ARMS_Roscoff_MarBloR2_20240611_20240909_MF500_s1_r1,EMOBON_Roskogo_Ha_86,Batch6,18S rRNA (V1-V2),DBN_AATW,DBP_AATB,"171,5",107,"18350,5",DBQ_ABIN,DBQ_ABINOSTA_1_H3WT3DRX7.UDI378-BID05,DBQ_ABINOSTA_1_1_H3WT3DRX7.UDI378-BID05_clean.fastq.gz,DBQ_ABINOSTA_1_2_H3WT3DRX7.UDI378-BID05_clean.fastq.gz,CDW_AAKS,CEB_ELN,CEB_ELO,5077676,,ARMS organisms sample from station ROSKOGO,251031_JARVIS_H3WT3DRX7
EMOBON060568,ROSKO_MarBlo_S2_240611–240909_SFA,ARMS_Roscoff_MarBloR2_20240611_20240909_SF_s1_r1,EMOBON_Roskogo_Ha_87,Batch6,18S rRNA (V1-V2),DBN_AATX,DBP_AATC,"32,5",108,3510,DBQ_ABMP,DBQ_ABMPOSTA_2_H3WT3DRX7.UDI306-BID09,DBQ_ABMPOSTA_2_1_H3WT3DRX7.UDI306-BID09_clean.fastq.gz,DBQ_ABMPOSTA_2_2_H3WT3DRX7.UDI306-BID09_clean.fastq.gz,CDW_AAKS,CEB_ELP,CEB_ELQ,2575665,,ARMS organisms sample from station ROSKOGO,251031_JARVIS_H3WT3DRX7
EMOBON060569,ROSKO_MarBlo_S3_240611–240910_MF100,ARMS_Roscoff_MarBloR3_20240611_20240910_MF100_s1_r1,EMOBON_Roskogo_Ha_88,Batch6,18S rRNA (V1-V2),DBN_AATY,DBP_AATD,"115,5",107,"12358,5",DBQ_ABIO,DBQ_ABIOOSTA_1_H3WT3DRX7.UDI295-BID05,DBQ_ABIOOSTA_1_1_H3WT3DRX7.UDI295-BID05_clean.fastq.gz,DBQ_ABIOOSTA_1_2_H3WT3DRX7.UDI295-BID05_clean.fastq.gz,CDW_AAKS,CEB_ELN,CEB_ELO,3989509,,ARMS organisms sample from station ROSKOGO,251031_JARVIS_H3WT3DRX7
EMOBON060570,ROSKO_MarBlo_S3_240611–240910_MF500,ARMS_Roscoff_MarBloR3_20240611_20240910_MF500_s1_r1,EMOBON_Roskogo_Ha_89,Batch6,18S rRNA (V1-V2),DBN_AATZ,DBP_AATE,"162,5",107,"17387,5",DBQ_ABIP,DBQ_ABIPOSTA_2_H3WT3DRX7.UDI318-BID08,DBQ_ABIPOSTA_2_1_H3WT3DRX7.UDI318-BID08_clean.fastq.gz,DBQ_ABIPOSTA_2_2_H3WT3DRX7.UDI318-BID08_clean.fastq.gz,CDW_AAKS,CEB_ELN,CEB_ELO,1745756,,ARMS organisms sample from station ROSKOGO,251031_JARVIS_H3WT3DRX7
EMOBON060571,ROSKO_MarBlo_S3_240611–240910_SFA,ARMS_Roscoff_MarBloR3_20240611_20240910_SF_s1_r1,EMOBON_Roskogo_Ha_90,Batch6,18S rRNA (V1-V2),DBN_AAUA,DBP_AATF,"28,3",108,"3056,4",DBQ_ABMQ,DBQ_ABMQOSTA_2_H3WT3DRX7.UDI293-BID09,DBQ_ABMQOSTA_2_1_H3WT3DRX7.UDI293-BID09_clean.fastq.gz,DBQ_ABMQOSTA_2_2_H3WT3DRX7.UDI293-BID09_clean.fastq.gz,CDW_AAKS,CEB_ELP,CEB_ELQ,2341802,,ARMS organisms sample from station ROSKOGO,251031_JARVIS_H3WT3DRX7
EMOBON060572,EMOBON_VIGO_TORALLAD1_HA_220622_240509_SF40_1,ARMS_Vigo_TorallaD1_20220622_20240509_SF40_s1_r1,EMOBON_EMT21_Ha_14,Batch6,18S rRNA (V1-V2),DBN_AAUB,DBP_AAXB,"0,55",108,"59,4",DBQ_ABKP,DBQ_ABKPOSTA_2_H3WT3DRX7.UDI305-BID17,DBQ_ABKPOSTA_2_1_H3WT3DRX7.UDI305-BID17_clean.fastq.gz,DBQ_ABKPOSTA_2_2_H3WT3DRX7.UDI305-BID17_clean.fastq.gz,CDW_AAKS,CEB_ELN,CEB_ELO,6841232,,ARMS organisms sample from station EMT21,251031_JARVIS_H3WT3DRX7
EMOBON060574,EMOBON_VIGO_TORALLAD1_HA_220622_240509_MF100_1,ARMS_Vigo_TorallaD1_20220622_20240509_MF100_s1_r1,EMOBON_EMT21_Ha_16,Batch6,18S rRNA (V1-V2),DBN_AAUD,DBP_AATH,"27,9",108,"3013,2",DBQ_ABMR,DBQ_ABMROSTA_2_H3WT3DRX7.UDI329-BID11,DBQ_ABMROSTA_2_1_H3WT3DRX7.UDI329-BID11_clean.fastq.gz,DBQ_ABMROSTA_2_2_H3WT3DRX7.UDI329-BID11_clean.fastq.gz,CDW_AAKS,CEB_ELP,CEB_ELQ,645207,,ARMS organisms sample from station EMT21,251031_JARVIS_H3WT3DRX7
EMOBON060576,EMOBON_VIGO_TORALLAD1_HA_220622_240509_MF500_1,ARMS_Vigo_TorallaD1_20220622_20240509_MF500_s1_r1,EMOBON_EMT21_Ha_18,Batch6,18S rRNA (V1-V2),DBN_AAUF,DBP_AATI,"5,81",108,"627,5",DBQ_ABMS,DBQ_ABMSOSTA_2_H3WT3DRX7.UDI341-BID11,DBQ_ABMSOSTA_2_1_H3WT3DRX7.UDI341-BID11_clean.fastq.gz,DBQ_ABMSOSTA_2_2_H3WT3DRX7.UDI341-BID11_clean.fastq.gz,CDW_AAKS,CEB_ELP,CEB_ELQ,1889525,,ARMS organisms sample from station EMT21,251031_JARVIS_H3WT3DRX7
EMOBON060578,EMOBON_VIGO_TORALLAD2_HA_220622_240509_SF40_1,ARMS_Vigo_TorallaD2_20220622_20240509_SF40_s1_r1,EMOBON_EMT21_Ha_20,Batch6,18S rRNA (V1-V2),DBN_AAUH,DBP_AATJ,"3,63",108,392,DBQ_ABMT,DBQ_ABMTOSTA_2_H3WT3DRX7.UDI353-BID11,DBQ_ABMTOSTA_2_1_H3WT3DRX7.UDI353-BID11_clean.fastq.gz,DBQ_ABMTOSTA_2_2_H3WT3DRX7.UDI353-BID11_clean.fastq.gz,CDW_AAKS,CEB_ELP,CEB_ELQ,1910515,,ARMS organisms sample from station EMT21,251031_JARVIS_H3WT3DRX7
EMOBON060580,EMOBON_VIGO_TORALLAD2_HA_220622_240509_MF100_1,ARMS_Vigo_TorallaD2_20220622_20240509_MF100_s1_r1,EMOBON_EMT21_Ha_22,Batch6,18S rRNA (V1-V2),DBN_AAUJ,DBP_AATK,"44,8",108,"4838,4",DBQ_ABIQ,DBQ_ABIQOSTA_2_H3WT3DRX7.UDI330-BID08,DBQ_ABIQOSTA_2_1_H3WT3DRX7.UDI330-BID08_clean.fastq.gz,DBQ_ABIQOSTA_2_2_H3WT3DRX7.UDI330-BID08_clean.fastq.gz,CDW_AAKS,CEB_ELN,CEB_ELO,549712,,ARMS organisms sample from station EMT21,251031_JARVIS_H3WT3DRX7
EMOBON060582,EMOBON_VIGO_TORALLAD2_HA_220622_240509_MF500_1,ARMS_Vigo_TorallaD2_20220622_20240509_MF500_s1_r1,EMOBON_EMT21_Ha_24,Batch6,18S rRNA (V1-V2),DBN_AAUL,DBP_AATL,"17,2",108,"1857,6",DBQ_ABMU,DBQ_ABMUOSTA_2_H3WT3DRX7.UDI365-BID11,DBQ_ABMUOSTA_2_1_H3WT3DRX7.UDI365-BID11_clean.fastq.gz,DBQ_ABMUOSTA_2_2_H3WT3DRX7.UDI365-BID11_clean.fastq.gz,CDW_AAKS,CEB_ELP,CEB_ELQ,2121352,,ARMS organisms sample from station EMT21,251031_JARVIS_H3WT3DRX7
EMOBON060584,EMOBON_VIGO_TORALLAD3_HA_220622_240509_SF40_1,ARMS_Vigo_TorallaD3_20220622_20240509_SF40_s1_r1,EMOBON_EMT21_Ha_26,Batch6,18S rRNA (V1-V2),DBN_AAUN,DBP_AATM,365,108,"39,4",DBQ_ABMV,DBQ_ABMVOSTA_2_H3WT3DRX7.UDI377-BID11,DBQ_ABMVOSTA_2_1_H3WT3DRX7.UDI377-BID11_clean.fastq.gz,DBQ_ABMVOSTA_2_2_H3WT3DRX7.UDI377-BID11_clean.fastq.gz,CDW_AAKS,CEB_ELP,CEB_ELQ,1248507,,ARMS organisms sample from station EMT21,251031_JARVIS_H3WT3DRX7
EMOBON060586,EMOBON_VIGO_TORALLAD3_HA_220622_240509_MF100_1,ARMS_Vigo_TorallaD3_20220622_20240509_MF100_s1_r1,EMOBON_EMT21_Ha_28,Batch6,18S rRNA (V1-V2),DBN_AAUP,DBP_AATN,"35,1",108,"3790,8",DBQ_ABMW,DBQ_ABMWOSTA_2_H3WT3DRX7.UDI294-BID11,DBQ_ABMWOSTA_2_1_H3WT3DRX7.UDI294-BID11_clean.fastq.gz,DBQ_ABMWOSTA_2_2_H3WT3DRX7.UDI294-BID11_clean.fastq.gz,CDW_AAKS,CEB_ELP,CEB_ELQ,1010305,,ARMS organisms sample from station EMT21,251031_JARVIS_H3WT3DRX7
EMOBON060588,EMOBON_VIGO_TORALLAD3_HA_220622_240509_MF500_1,ARMS_Vigo_TorallaD3_20220622_20240509_MF500_s1_r1,EMOBON_EMT21_Ha_30,Batch6,18S rRNA (V1-V2),DBN_AAUR,DBP_AATO,"12,75",108,1377,DBQ_ABMX,DBQ_ABMXOSTA_2_H3WT3DRX7.UDI306-BID11,DBQ_ABMXOSTA_2_1_H3WT3DRX7.UDI306-BID11_clean.fastq.gz,DBQ_ABMXOSTA_2_2_H3WT3DRX7.UDI306-BID11_clean.fastq.gz,CDW_AAKS,CEB_ELP,CEB_ELQ,2338576,,ARMS organisms sample from station EMT21,251031_JARVIS_H3WT3DRX7
EMOBON060590,EMOBON_VIGO_TORALLAD1_HA_240509_241011_SF40_1,ARMS_Vigo_TorallaD1_20240509_20241011_SF40_s1_r1,EMOBON_EMT21_Ha_32,Batch6,18S rRNA (V1-V2),DBN_AAUT,DBP_AATP,857,108,"92,6",DBQ_ABMY,DBQ_ABMYOSTA_2_H3WT3DRX7.UDI293-BID11,DBQ_ABMYOSTA_2_1_H3WT3DRX7.UDI293-BID11_clean.fastq.gz,DBQ_ABMYOSTA_2_2_H3WT3DRX7.UDI293-BID11_clean.fastq.gz,CDW_AAKS,CEB_ELP,CEB_ELQ,1859167,,ARMS organisms sample from station EMT21,251031_JARVIS_H3WT3DRX7
EMOBON060592,EMOBON_VIGO_TORALLAD1_HA_240509_241011_MF100_1,ARMS_Vigo_TorallaD1_20240509_20241011_MF100_s1_r1,EMOBON_EMT21_Ha_34,Batch6,18S rRNA (V1-V2),DBN_AAUV,DBP_AATQ,"19,6",105,2058,DBQ_ABMZ,DBQ_ABMZOSTA_2_H3WT3DRX7.UDI329-BID13,DBQ_ABMZOSTA_2_1_H3WT3DRX7.UDI329-BID13_clean.fastq.gz,DBQ_ABMZOSTA_2_2_H3WT3DRX7.UDI329-BID13_clean.fastq.gz,CDW_AAKS,CEB_ELP,CEB_ELQ,4802235,,ARMS organisms sample from station EMT21,251031_JARVIS_H3WT3DRX7
EMOBON060594,EMOBON_VIGO_TORALLAD1_HA_240509_241011_MF500_1,ARMS_Vigo_TorallaD1_20240509_20241011_MF500_s1_r1,EMOBON_EMT21_Ha_36,Batch6,18S rRNA (V1-V2),DBN_AAUX,DBP_AATR,"44,4",108,"4795,2",DBQ_ABNA,DBQ_ABNAOSTA_2_H3WT3DRX7.UDI341-BID13,DBQ_ABNAOSTA_2_1_H3WT3DRX7.UDI341-BID13_clean.fastq.gz,DBQ_ABNAOSTA_2_2_H3WT3DRX7.UDI341-BID13_clean.fastq.gz,CDW_AAKS,CEB_ELP,CEB_ELQ,779847,,ARMS organisms sample from station EMT21,251031_JARVIS_H3WT3DRX7
EMOBON060596,EMOBON_VIGO_TORALLAD2_HA_240509_241011_SF40_1,ARMS_Vigo_TorallaD2_20240509_20241011_SF40_s1_r1,EMOBON_EMT21_Ha_38,Batch6,18S rRNA (V1-V2),DBN_AAUZ,DBP_AAXE,984,108,"106,3",DBQ_ABKQ,DBQ_ABKQOSTA_1_H3WT3DRX7.UDI366-BID17,DBQ_ABKQOSTA_1_1_H3WT3DRX7.UDI366-BID17_clean.fastq.gz,DBQ_ABKQOSTA_1_2_H3WT3DRX7.UDI366-BID17_clean.fastq.gz,CDW_AAKS,CEB_ELN,CEB_ELO,2148385,,ARMS organisms sample from station EMT21,251031_JARVIS_H3WT3DRX7
EMOBON060598,EMOBON_VIGO_TORALLAD2_HA_240509_241011_MF100_1,ARMS_Vigo_TorallaD2_20240509_20241011_MF100_s1_r1,EMOBON_EMT21_Ha_40,Batch6,18S rRNA (V1-V2),DBN_AAVB,DBP_AATT,"9,17",108,"990,4",DBQ_ABNB,DBQ_ABNBOSTA_2_H3WT3DRX7.UDI353-BID13,DBQ_ABNBOSTA_2_1_H3WT3DRX7.UDI353-BID13_clean.fastq.gz,DBQ_ABNBOSTA_2_2_H3WT3DRX7.UDI353-BID13_clean.fastq.gz,CDW_AAKS,CEB_ELP,CEB_ELQ,5407199,,ARMS organisms sample from station EMT21,251031_JARVIS_H3WT3DRX7
EMOBON060600,EMOBON_VIGO_TORALLAD2_HA_240509_241011_MF500_1,ARMS_Vigo_TorallaD2_20240509_20241011_MF500_s1_r1,EMOBON_EMT21_Ha_42,Batch6,18S rRNA (V1-V2),DBN_AAVD,DBP_AATU,"55,3",108,"5972,4",DBQ_ABNC,DBQ_ABNCOSTA_2_H3WT3DRX7.UDI365-BID13,DBQ_ABNCOSTA_2_1_H3WT3DRX7.UDI365-BID13_clean.fastq.gz,DBQ_ABNCOSTA_2_2_H3WT3DRX7.UDI365-BID13_clean.fastq.gz,CDW_AAKS,CEB_ELP,CEB_ELQ,2751473,,ARMS organisms sample from station EMT21,251031_JARVIS_H3WT3DRX7
EMOBON060602,EMOBON_TZS_ANG1_230418-230926_MF500,ARMS_TZS_Angbat1_20230418_20230926_MF500_s1_r1,EMOBON_TZS_Ha_38,Batch6,18S rRNA (V1-V2),DBN_AAVF,DBP_AATV,"61,3",108,"6620,4",DBQ_ABND,DBQ_ABNDOSTA_2_H3WT3DRX7.UDI377-BID13,DBQ_ABNDOSTA_2_1_H3WT3DRX7.UDI377-BID13_clean.fastq.gz,DBQ_ABNDOSTA_2_2_H3WT3DRX7.UDI377-BID13_clean.fastq.gz,CDW_AAKS,CEB_ELP,CEB_ELQ,3166889,,ARMS organisms sample from station TZS,251031_JARVIS_H3WT3DRX7
EMOBON060603,EMOBON_TZS_ANG1_230418-230926_MF100_1,ARMS_TZS_Angbat1_20230418_20230926_MF100_s1_r1,EMOBON_TZS_Ha_39,Batch6,18S rRNA (V1-V2),DBN_AAVG,DBP_AATW,"118,8",108,"12830,4",DBQ_ABNE,DBQ_ABNEOSTA_2_H3WT3DRX7.UDI294-BID13,DBQ_ABNEOSTA_2_1_H3WT3DRX7.UDI294-BID13_clean.fastq.gz,DBQ_ABNEOSTA_2_2_H3WT3DRX7.UDI294-BID13_clean.fastq.gz,CDW_AAKS,CEB_ELP,CEB_ELQ,3201334,,ARMS organisms sample from station TZS,251031_JARVIS_H3WT3DRX7
EMOBON060605,EMOBON_TZS_ANG1_230418-230926_SF40_1,ARMS_TZS_Angbat1_20230418_20230926_SF40_s1_r1,EMOBON_TZS_Ha_42,Batch6,18S rRNA (V1-V2),DBN_AAVI,DBP_AATX,"1,97",108,"212,8",DBQ_ABNF,DBQ_ABNFOSTA_2_H3WT3DRX7.UDI306-BID13,DBQ_ABNFOSTA_2_1_H3WT3DRX7.UDI306-BID13_clean.fastq.gz,DBQ_ABNFOSTA_2_2_H3WT3DRX7.UDI306-BID13_clean.fastq.gz,CDW_AAKS,CEB_ELP,CEB_ELQ,2305268,,ARMS organisms sample from station TZS,251031_JARVIS_H3WT3DRX7
EMOBON060607,EMOBON_TZS_ANG2_230418-230927_MF100,ARMS_TZS_Angbat2_20230418_20230927_MF500_s1_r1,EMOBON_TZS_Ha_45,Batch6,18S rRNA (V1-V2),DBN_AAVK,DBP_AATY,"16,5",118,1947,DBQ_ABNG,DBQ_ABNGOSTA_2_H3WT3DRX7.UDI293-BID13,DBQ_ABNGOSTA_2_1_H3WT3DRX7.UDI293-BID13_clean.fastq.gz,DBQ_ABNGOSTA_2_2_H3WT3DRX7.UDI293-BID13_clean.fastq.gz,CDW_AAKS,CEB_ELP,CEB_ELQ,3937319,,ARMS organisms sample from station TZS,251031_JARVIS_H3WT3DRX7
EMOBON060608,EMOBON_TZS_ANG2_230418-230927_MF500,ARMS_TZS_Angbat2_20230418_20230927_MF100_s1_r1,EMOBON_TZS_Ha_46,Batch6,18S rRNA (V1-V2),DBN_AAVL,DBP_AATZ,"22,5",128,2880,DBQ_ABNH,DBQ_ABNHOSTA_2_H3WT3DRX7.UDI329-BID15,DBQ_ABNHOSTA_2_1_H3WT3DRX7.UDI329-BID15_clean.fastq.gz,DBQ_ABNHOSTA_2_2_H3WT3DRX7.UDI329-BID15_clean.fastq.gz,CDW_AAKS,CEB_ELP,CEB_ELQ,1557548,,ARMS organisms sample from station TZS,251031_JARVIS_H3WT3DRX7
EMOBON060609,EMOBON_TZS_ANG2_230418-230927_SF40_1,ARMS_TZS_Angbat2_20230418_20230927_SF40_s1_r1,EMOBON_TZS_Ha_47,Batch6,18S rRNA (V1-V2),DBN_AAVM,DBP_AAUA,"1,245",108,"134,5",DBQ_ABNI,DBQ_ABNIOSTA_2_H3WT3DRX7.UDI341-BID15,DBQ_ABNIOSTA_2_1_H3WT3DRX7.UDI341-BID15_clean.fastq.gz,DBQ_ABNIOSTA_2_2_H3WT3DRX7.UDI341-BID15_clean.fastq.gz,CDW_AAKS,CEB_ELP,CEB_ELQ,1293759,,ARMS organisms sample from station TZS,251031_JARVIS_H3WT3DRX7
EMOBON060611,EMOBON_TZS_ANG3_230418-230928_MF500,ARMS_TZS_Angbat3_20230418_20230928_MF500_s1_r1,EMOBON_TZS_Ha_50,Batch6,18S rRNA (V1-V2),DBN_AAVO,DBP_AAUB,"16,6",108,"1792,8",DBQ_ABNJ,DBQ_ABNJOSTA_2_H3WT3DRX7.UDI353-BID15,DBQ_ABNJOSTA_2_1_H3WT3DRX7.UDI353-BID15_clean.fastq.gz,DBQ_ABNJOSTA_2_2_H3WT3DRX7.UDI353-BID15_clean.fastq.gz,CDW_AAKS,CEB_ELP,CEB_ELQ,2317329,,ARMS organisms sample from station TZS,251031_JARVIS_H3WT3DRX7
EMOBON060612,EMOBON_TZS_ANG3_230418-230928_MF100_1,ARMS_TZS_Angbat3_20230418_20230928_MF100_s1_r1,EMOBON_TZS_Ha_51,Batch6,18S rRNA (V1-V2),DBN_AAVP,DBP_AAUC,"34,3",108,"3704,4",DBQ_ABNK,DBQ_ABNKOSTA_2_H3WT3DRX7.UDI365-BID15,DBQ_ABNKOSTA_2_1_H3WT3DRX7.UDI365-BID15_clean.fastq.gz,DBQ_ABNKOSTA_2_2_H3WT3DRX7.UDI365-BID15_clean.fastq.gz,CDW_AAKS,CEB_ELP,CEB_ELQ,2711595,,ARMS organisms sample from station TZS,251031_JARVIS_H3WT3DRX7
EMOBON060614,EMOBON_TZS_ANG3_230418-230928_SF40_1,ARMS_TZS_Angbat3_20230418_20230928_SF40_s1_r1,EMOBON_TZS_Ha_53,Batch6,18S rRNA (V1-V2),DBN_AAVR,DBP_AAUD,"7,82",108,"844,6",DBQ_ABNL,DBQ_ABNLOSTA_2_H3WT3DRX7.UDI377-BID15,DBQ_ABNLOSTA_2_1_H3WT3DRX7.UDI377-BID15_clean.fastq.gz,DBQ_ABNLOSTA_2_2_H3WT3DRX7.UDI377-BID15_clean.fastq.gz,CDW_AAKS,CEB_ELP,CEB_ELQ,969864,,ARMS organisms sample from station TZS,251031_JARVIS_H3WT3DRX7
EMOBON060615,EMOBON_TZS_ANG1_Ha_231009-240409_MF100_A,ARMS_TZS_Angbat1_20231009_20240409_MF100_s1_r1,EMOBON_TZS_Ha_56,Batch6,18S rRNA (V1-V2),DBN_AAVS,DBP_AAUE,80,108,8640,DBQ_ABIR,DBQ_ABIROSTA_2_H3WT3DRX7.UDI342-BID08,DBQ_ABIROSTA_2_1_H3WT3DRX7.UDI342-BID08_clean.fastq.gz,DBQ_ABIROSTA_2_2_H3WT3DRX7.UDI342-BID08_clean.fastq.gz,CDW_AAKS,CEB_ELN,CEB_ELO,1294748,,ARMS organisms sample from station TZS,251031_JARVIS_H3WT3DRX7
EMOBON060617,EMOBON_TZS_ANG1_Ha_231009-240409_MF500,ARMS_TZS_Angbat1_20231009_20240409_MF500_s1_r1,EMOBON_TZS_Ha_59,Batch6,18S rRNA (V1-V2),DBN_AAVU,DBP_AAUF,65,108,7020,DBQ_ABIS,DBQ_ABISOSTA_2_H3WT3DRX7.UDI354-BID08,DBQ_ABISOSTA_2_1_H3WT3DRX7.UDI354-BID08_clean.fastq.gz,DBQ_ABISOSTA_2_2_H3WT3DRX7.UDI354-BID08_clean.fastq.gz,CDW_AAKS,CEB_ELN,CEB_ELO,2117142,,ARMS organisms sample from station TZS,251031_JARVIS_H3WT3DRX7
EMOBON060618,EMOBON_TZS_ANG1_Ha_231009-240409_SF40_A,ARMS_TZS_Angbat1_20231009_20240409_SF40_s1_r1,EMOBON_TZS_Ha_60,Batch6,18S rRNA (V1-V2),DBN_AAVV,DBP_AAUG,"80,7",100,8070,DBQ_ABIT,DBQ_ABITOSTA_2_H3WT3DRX7.UDI305-BID08,DBQ_ABITOSTA_2_1_H3WT3DRX7.UDI305-BID08_clean.fastq.gz,DBQ_ABITOSTA_2_2_H3WT3DRX7.UDI305-BID08_clean.fastq.gz,CDW_AAKS,CEB_ELN,CEB_ELO,386595,,ARMS organisms sample from station TZS,251031_JARVIS_H3WT3DRX7
EMOBON060618,EMOBON_TZS_ANG1_Ha_231009-240409_SF40_A,ARMS_TZS_Angbat2_20231009_20240410_MF100_s1_r1,EMOBON_TZS_Ha_60,Batch6,18S rRNA (V1-V2),DBN_AAVV,DBP_AAUG,"80,7",100,8070,DBQ_ABWC,DBQ_ABWCOSTA_2_HCJF5DRX7.UDI214-BID05,DBQ_ABWCOSTA_2_1_HCJF5DRX7.UDI214-BID05_clean.fastq.gz,DBQ_ABWCOSTA_2_2_HCJF5DRX7.UDI214-BID05_clean.fastq.gz,CDW_AAKS,CEB_EON,CEB_EOO,3120701,,ARMS organisms sample from station TZS,251119_JARVIS_HCJF5DRX7
EMOBON060620,EMOBON_TZS_ANG2_Ha_231009-240410_MF100_A,ARMS_TZS_Angbat2_20231009_20240410_MF100_s1_r2,EMOBON_TZS_Ha_62,Batch6,18S rRNA (V1-V2),DBN_AAVX,DBP_AAUH,"89,2",108,"9633,6",DBQ_ABIU,DBQ_ABIUOSTA_1_H3WT3DRX7.UDI366-BID08,DBQ_ABIUOSTA_1_1_H3WT3DRX7.UDI366-BID08_clean.fastq.gz,DBQ_ABIUOSTA_1_2_H3WT3DRX7.UDI366-BID08_clean.fastq.gz,CDW_AAKS,CEB_ELN,CEB_ELO,1884512,,ARMS organisms sample from station TZS,251031_JARVIS_H3WT3DRX7
EMOBON060622,EMOBON_TZS_ANG2_Ha_231009-240410_MF500,ARMS_TZS_Angbat2_20231009_20240410_MF500_s1_r1,EMOBON_TZS_Ha_64,Batch6,18S rRNA (V1-V2),DBN_AAVZ,DBP_AAUI,"76,15",108,"8224,2",DBQ_ABIV,DBQ_ABIVOSTA_1_H3WT3DRX7.UDI378-BID08,DBQ_ABIVOSTA_1_1_H3WT3DRX7.UDI378-BID08_clean.fastq.gz,DBQ_ABIVOSTA_1_2_H3WT3DRX7.UDI378-BID08_clean.fastq.gz,CDW_AAKS,CEB_ELN,CEB_ELO,2486144,,ARMS organisms sample from station TZS,251031_JARVIS_H3WT3DRX7
EMOBON060623,EMOBON_TZS_ANG2_Ha_231009-240410_SF40_A,ARMS_TZS_Angbat2_20231009_20240410_SF40_s1_r1,EMOBON_TZS_Ha_65,Batch6,18S rRNA (V1-V2),DBN_AAWA,DBP_AAUJ,"60,5",100,6050,DBQ_ABIW,DBQ_ABIWOSTA_1_H3WT3DRX7.UDI295-BID08,DBQ_ABIWOSTA_1_1_H3WT3DRX7.UDI295-BID08_clean.fastq.gz,DBQ_ABIWOSTA_1_2_H3WT3DRX7.UDI295-BID08_clean.fastq.gz,CDW_AAKS,CEB_ELN,CEB_ELO,2307753,,ARMS organisms sample from station TZS,251031_JARVIS_H3WT3DRX7
EMOBON060625,EMOBON_TZS_ANG3_Ha_231009-240411_MF100_A,ARMS_TZS_Angbat3_20231009_20240411_MF100_s1_r1,EMOBON_TZS_Ha_67,Batch6,18S rRNA (V1-V2),DBN_AAWC,DBP_AAUK,"61,8",106,"6550,8",DBQ_ABIX,DBQ_ABIXOSTA_2_H3WT3DRX7.UDI318-BID09,DBQ_ABIXOSTA_2_1_H3WT3DRX7.UDI318-BID09_clean.fastq.gz,DBQ_ABIXOSTA_2_2_H3WT3DRX7.UDI318-BID09_clean.fastq.gz,CDW_AAKS,CEB_ELN,CEB_ELO,2103046,,ARMS organisms sample from station TZS,251031_JARVIS_H3WT3DRX7
EMOBON060627,EMOBON_TZS_ANG3_Ha_231009-240411_MF500,ARMS_TZS_Angbat3_20231009_20240411_MF500_s1_r1,EMOBON_TZS_Ha_70,Batch6,18S rRNA (V1-V2),DBN_AAWE,DBP_AAUL,"42,9",101,"4332,9",DBQ_ABIY,DBQ_ABIYOSTA_2_H3WT3DRX7.UDI330-BID09,DBQ_ABIYOSTA_2_1_H3WT3DRX7.UDI330-BID09_clean.fastq.gz,DBQ_ABIYOSTA_2_2_H3WT3DRX7.UDI330-BID09_clean.fastq.gz,CDW_AAKS,CEB_ELN,CEB_ELO,2232885,,ARMS organisms sample from station TZS,251031_JARVIS_H3WT3DRX7
EMOBON060628,EMOBON_TZS_ANG3_Ha_231009-240411_SF40_A,ARMS_TZS_Angbat3_20231009_20240411_SF40_s1_r1,EMOBON_TZS_Ha_71,Batch6,18S rRNA (V1-V2),DBN_AAWF,DBP_AAUM,80,103,8240,DBQ_ABIZ,DBQ_ABIZOSTA_2_H3WT3DRX7.UDI342-BID09,DBQ_ABIZOSTA_2_1_H3WT3DRX7.UDI342-BID09_clean.fastq.gz,DBQ_ABIZOSTA_2_2_H3WT3DRX7.UDI342-BID09_clean.fastq.gz,CDW_AAKS,CEB_ELN,CEB_ELO,1899685,,ARMS organisms sample from station TZS,251031_JARVIS_H3WT3DRX7
EMOBON060630,EMOBON_TZS_KOLA_Ha_231003-240417_MF500,ARMS_TZS_Kola_20231003_20240417_MF500_s1_r1,EMOBON_TZS_Ha_73,Batch6,18S rRNA (V1-V2),DBN_AAWH,DBP_AAUN,"18,2",118,"2147,6",DBQ_ABNM,DBQ_ABNMOSTA_2_H3WT3DRX7.UDI294-BID15,DBQ_ABNMOSTA_2_1_H3WT3DRX7.UDI294-BID15_clean.fastq.gz,DBQ_ABNMOSTA_2_2_H3WT3DRX7.UDI294-BID15_clean.fastq.gz,CDW_AAKS,CEB_ELP,CEB_ELQ,1395060,,ARMS organisms sample from station TZS,251031_JARVIS_H3WT3DRX7
EMOBON060631,EMOBON_TZS_KOLA_Ha_231003-240417_MF100,ARMS_TZS_Kola_20231003_20240417_MF100_s1_r1,EMOBON_TZS_Ha_74,Batch6,18S rRNA (V1-V2),DBN_AAWI,DBP_AAUO,"48,2",100,4820,DBQ_ABJA,DBQ_ABJAOSTA_2_H3WT3DRX7.UDI354-BID09,DBQ_ABJAOSTA_2_1_H3WT3DRX7.UDI354-BID09_clean.fastq.gz,DBQ_ABJAOSTA_2_2_H3WT3DRX7.UDI354-BID09_clean.fastq.gz,CDW_AAKS,CEB_ELN,CEB_ELO,2788201,,ARMS organisms sample from station TZS,251031_JARVIS_H3WT3DRX7
EMOBON060632,EMOBON_TZS_KOLA_Ha_231003-240417_SF40_1,ARMS_TZS_Kola_20231003_20240417_SF40_s1_r1,EMOBON_TZS_Ha_75,Batch6,18S rRNA (V1-V2),DBN_AAWJ,DBP_AAUP,"1,49",148,"220,5",DBQ_ABNN,DBQ_ABNNOSTA_2_H3WT3DRX7.UDI306-BID15,DBQ_ABNNOSTA_2_1_H3WT3DRX7.UDI306-BID15_clean.fastq.gz,DBQ_ABNNOSTA_2_2_H3WT3DRX7.UDI306-BID15_clean.fastq.gz,CDW_AAKS,CEB_ELP,CEB_ELQ,1467190,,ARMS organisms sample from station TZS,251031_JARVIS_H3WT3DRX7
EMOBON060634,EMOBON_TZS_ANG_Ha_230630-240618_MF500_A,ARMS_TZS_Angbat_20230630_20240618_MF500_s1_r1,EMOBON_TZS_Ha_77,Batch6,18S rRNA (V1-V2),DBN_AAWL,DBP_AAUQ,"34,7",108,"3747,6",DBQ_ABNO,DBQ_ABNOOSTA_2_H3WT3DRX7.UDI293-BID15,DBQ_ABNOOSTA_2_1_H3WT3DRX7.UDI293-BID15_clean.fastq.gz,DBQ_ABNOOSTA_2_2_H3WT3DRX7.UDI293-BID15_clean.fastq.gz,CDW_AAKS,CEB_ELP,CEB_ELQ,1286145,,ARMS organisms sample from station TZS,251031_JARVIS_H3WT3DRX7
EMOBON060636,EMOBON_TZS_ANG_Ha_230630-240618_MF100_A,ARMS_TZS_Angbat_20230630_20240618_MF100_s1_r1,EMOBON_TZS_Ha_79,Batch6,18S rRNA (V1-V2),DBN_AAWN,DBP_AAUR,"52,2",108,"5637,6",DBQ_ABJB,DBQ_ABJBOSTA_2_H3WT3DRX7.UDI305-BID09,DBQ_ABJBOSTA_2_1_H3WT3DRX7.UDI305-BID09_clean.fastq.gz,DBQ_ABJBOSTA_2_2_H3WT3DRX7.UDI305-BID09_clean.fastq.gz,CDW_AAKS,CEB_ELN,CEB_ELO,289804,,ARMS organisms sample from station TZS,251031_JARVIS_H3WT3DRX7
EMOBON060636,EMOBON_TZS_ANG_Ha_230630-240618_MF100_A,ARMS_TZS_Angbat_20230630_20240618_SF40_s1_r1,EMOBON_TZS_Ha_79,Batch6,18S rRNA (V1-V2),DBN_AAWN,DBP_AAUR,"52,2",108,"5637,6",DBQ_ABWD,DBQ_ABWDOSTA_2_HCJF5DRX7.UDI214-BID08,DBQ_ABWDOSTA_2_1_HCJF5DRX7.UDI214-BID08_clean.fastq.gz,DBQ_ABWDOSTA_2_2_HCJF5DRX7.UDI214-BID08_clean.fastq.gz,CDW_AAKS,CEB_EON,CEB_EOO,2237202,,ARMS organisms sample from station TZS,251119_JARVIS_HCJF5DRX7
EMOBON060638,EMOBON_TZS_ANG_Ha_230630-240618_SF40_A,ARMS_TZS_Angbat1_20240411_20241001_SF40_s1_r1,EMOBON_TZS_Ha_82,Batch6,18S rRNA (V1-V2),DBN_AAWP,DBP_AAUS,"5,93",108,"640,4",DBQ_ABNP,DBQ_ABNPOSTA_2_H3WT3DRX7.UDI329-BID16,DBQ_ABNPOSTA_2_1_H3WT3DRX7.UDI329-BID16_clean.fastq.gz,DBQ_ABNPOSTA_2_2_H3WT3DRX7.UDI329-BID16_clean.fastq.gz,CDW_AAKS,CEB_ELP,CEB_ELQ,1887310,,ARMS organisms sample from station TZS,251031_JARVIS_H3WT3DRX7
EMOBON060640,EMOBON_TZS_ANG1_Ha_240411-241001_SF40_A,ARMS_TZS_Angbat1_20240411_20241001_MF500_s1_r1,EMOBON_TZS_Ha_85,Batch6,18S rRNA (V1-V2),DBN_AAWR,DBP_AAUT,"8,56",108,"924,5",DBQ_ABNQ,DBQ_ABNQOSTA_2_H3WT3DRX7.UDI341-BID16,DBQ_ABNQOSTA_2_1_H3WT3DRX7.UDI341-BID16_clean.fastq.gz,DBQ_ABNQOSTA_2_2_H3WT3DRX7.UDI341-BID16_clean.fastq.gz,CDW_AAKS,CEB_ELP,CEB_ELQ,1825702,,ARMS organisms sample from station TZS,251031_JARVIS_H3WT3DRX7
EMOBON060642,EMOBON_TZS_ANG1_Ha_240411-241001_MF500_A,ARMS_TZS_Angbat1_20240411_20241001_MF100_s1_r1,EMOBON_TZS_Ha_88,Batch6,18S rRNA (V1-V2),DBN_AAWT,DBP_AAUU,"32,7",108,"3531,6",DBQ_ABNR,DBQ_ABNROSTA_2_H3WT3DRX7.UDI353-BID16,DBQ_ABNROSTA_2_1_H3WT3DRX7.UDI353-BID16_clean.fastq.gz,DBQ_ABNROSTA_2_2_H3WT3DRX7.UDI353-BID16_clean.fastq.gz,CDW_AAKS,CEB_ELP,CEB_ELQ,4372283,,ARMS organisms sample from station TZS,251031_JARVIS_H3WT3DRX7
EMOBON060644,EMOBON_TZS_ANG1_Ha_240411-241001_MF100_A,ARMS_TZS_Angbat1_20240411_20241001_MF100_s1_r2,EMOBON_TZS_Ha_90,Batch6,18S rRNA (V1-V2),DBN_AAWV,DBP_AAUV,"63,95",106,"6778,7",DBQ_ABJC,DBQ_ABJCOSTA_1_H3WT3DRX7.UDI366-BID09,DBQ_ABJCOSTA_1_1_H3WT3DRX7.UDI366-BID09_clean.fastq.gz,DBQ_ABJCOSTA_1_2_H3WT3DRX7.UDI366-BID09_clean.fastq.gz,CDW_AAKS,CEB_ELN,CEB_ELO,1913127,,ARMS organisms sample from station TZS,251031_JARVIS_H3WT3DRX7
EMOBON060646,EMOBON_TZS_ANG2_Ha_240411-241002_SF40_A,ARMS_TZS_Angbat2_20240411_20241002_SF40_s1_r1,EMOBON_TZS_Ha_93,Batch6,18S rRNA (V1-V2),DBN_AAWX,DBP_AAUW,"4,11",106,"435,7",DBQ_ABNS,DBQ_ABNSOSTA_2_H3WT3DRX7.UDI365-BID16,DBQ_ABNSOSTA_2_1_H3WT3DRX7.UDI365-BID16_clean.fastq.gz,DBQ_ABNSOSTA_2_2_H3WT3DRX7.UDI365-BID16_clean.fastq.gz,CDW_AAKS,CEB_ELP,CEB_ELQ,4477678,,ARMS organisms sample from station TZS,251031_JARVIS_H3WT3DRX7
EMOBON060648,EMOBON_TZS_ANG2_Ha_240411-241002_MF500_A,ARMS_TZS_Angbat2_20240411_20241002_MF500_s1_r1,EMOBON_TZS_Ha_96,Batch6,18S rRNA (V1-V2),DBN_AAWZ,DBP_AAUX,"39,1",106,"4144,6",DBQ_ABJD,DBQ_ABJDOSTA_1_H3WT3DRX7.UDI378-BID09,DBQ_ABJDOSTA_1_1_H3WT3DRX7.UDI378-BID09_clean.fastq.gz,DBQ_ABJDOSTA_1_2_H3WT3DRX7.UDI378-BID09_clean.fastq.gz,CDW_AAKS,CEB_ELN,CEB_ELO,4054085,,ARMS organisms sample from station TZS,251031_JARVIS_H3WT3DRX7
EMOBON060650,EMOBON_TZS_ANG2_Ha_240411-241002_MF100_A,ARMS_TZS_Angbat2_20240411_20241002_MF100_s1_r1,EMOBON_TZS_Ha_98,Batch6,18S rRNA (V1-V2),DBN_AAXB,DBP_AAUY,"60,3",107,"6452,1",DBQ_ABJE,DBQ_ABJEOSTA_1_H3WT3DRX7.UDI295-BID09,DBQ_ABJEOSTA_1_1_H3WT3DRX7.UDI295-BID09_clean.fastq.gz,DBQ_ABJEOSTA_1_2_H3WT3DRX7.UDI295-BID09_clean.fastq.gz,CDW_AAKS,CEB_ELN,CEB_ELO,2545352,,ARMS organisms sample from station TZS,251031_JARVIS_H3WT3DRX7
EMOBON060652,EMOBON_TZS_ANG3_Ha_240411-241003_blank,ARMS_TZS_Angbat3_20240411_20241003_blank,EMOBON_TZS_Ha_101,Batch6,18S rRNA (V1-V2),DBN_AAXD,DBP_AAUZ,not reported by Genoscope,not reported by Genoscope,not reported by Genoscope,DBQ_ABNT,DBQ_ABNTOSTA_2_H3WT3DRX7.UDI377-BID16,DBQ_ABNTOSTA_2_1_H3WT3DRX7.UDI377-BID16_clean.fastq.gz,DBQ_ABNTOSTA_2_2_H3WT3DRX7.UDI377-BID16_clean.fastq.gz,CDW_AAKS,CEB_ELP,CEB_ELQ,2419061,,ARMS organisms sample from station TZS; blank,251031_JARVIS_H3WT3DRX7
EMOBON060653,EMOBON_TZS_ANG3_Ha_240411-241003_SF40_A,ARMS_TZS_Angbat3_20240411_20241003_SF40_s1_r1,EMOBON_TZS_Ha_102,Batch6,18S rRNA (V1-V2),DBN_AAXE,DBP_AAVA,29,106,3074,DBQ_ABNU,DBQ_ABNUOSTA_2_H3WT3DRX7.UDI294-BID16,DBQ_ABNUOSTA_2_1_H3WT3DRX7.UDI294-BID16_clean.fastq.gz,DBQ_ABNUOSTA_2_2_H3WT3DRX7.UDI294-BID16_clean.fastq.gz,CDW_AAKS,CEB_ELP,CEB_ELQ,2816970,,ARMS organisms sample from station TZS,251031_JARVIS_H3WT3DRX7
EMOBON060655,EMOBON_TZS_ANG3_Ha_240411-241003_MF500_A,ARMS_TZS_Angbat3_20240411_20241003_MF500_s1_r1,EMOBON_TZS_Ha_105,Batch6,18S rRNA (V1-V2),DBN_AAXG,DBP_AAVB,59,107,6313,DBQ_ABJF,DBQ_ABJFOSTA_2_H3WT3DRX7.UDI318-BID11,DBQ_ABJFOSTA_2_1_H3WT3DRX7.UDI318-BID11_clean.fastq.gz,DBQ_ABJFOSTA_2_2_H3WT3DRX7.UDI318-BID11_clean.fastq.gz,CDW_AAKS,CEB_ELN,CEB_ELO,1911154,,ARMS organisms sample from station TZS,251031_JARVIS_H3WT3DRX7
EMOBON060657,EMOBON_TZS_ANG3_Ha_240411-241003_MF100_A,ARMS_TZS_Angbat3_20240411_20241003_MF100_s1_r1,EMOBON_TZS_Ha_108,Batch6,18S rRNA (V1-V2),DBN_AAXI,DBP_AAVC,"73,7",107,"7885,9",DBQ_ABJG,DBQ_ABJGOSTA_2_H3WT3DRX7.UDI330-BID11,DBQ_ABJGOSTA_2_1_H3WT3DRX7.UDI330-BID11_clean.fastq.gz,DBQ_ABJGOSTA_2_2_H3WT3DRX7.UDI330-BID11_clean.fastq.gz,CDW_AAKS,CEB_ELN,CEB_ELO,1816014,,ARMS organisms sample from station TZS,251031_JARVIS_H3WT3DRX7
EMOBON060659,ARMS_BelgiumCoast_CPowerA_20231023_20240718_SF40_1,ARMS_BelgiumCoast_CPOWERA_20231023_20240718_SF40_s1_r1,EMOBON_BPNS_Ha_43,Batch6,18S rRNA (V1-V2),DBN_AAXK,DBP_AAXF,"1,835",108,"198,2",DBQ_ABKR,DBQ_ABKROSTA_1_H3WT3DRX7.UDI378-BID17,DBQ_ABKROSTA_1_1_H3WT3DRX7.UDI378-BID17_clean.fastq.gz,DBQ_ABKROSTA_1_2_H3WT3DRX7.UDI378-BID17_clean.fastq.gz,CDW_AAKS,CEB_ELN,CEB_ELO,2243324,,ARMS organisms sample from station BPNS,251031_JARVIS_H3WT3DRX7
EMOBON060661,ARMS_BelgiumCoast_CPowerA_20231023_20240718_MF100_1,ARMS_BelgiumCoast_CPOWERA_20231023_20240718_MF100_s1_r1,EMOBON_BPNS_Ha_47,Batch6,18S rRNA (V1-V2),DBN_AAXM,DBP_AAVE,"16,35",108,"1765,8",DBQ_ABNV,DBQ_ABNVOSTA_2_H3WT3DRX7.UDI306-BID16,DBQ_ABNVOSTA_2_1_H3WT3DRX7.UDI306-BID16_clean.fastq.gz,DBQ_ABNVOSTA_2_2_H3WT3DRX7.UDI306-BID16_clean.fastq.gz,CDW_AAKS,CEB_ELP,CEB_ELQ,2612787,,ARMS organisms sample from station BPNS,251031_JARVIS_H3WT3DRX7
EMOBON060662,ARMS_BelgiumCoast_CPowerA_20231023_20240718_MF500_1,ARMS_BelgiumCoast_CPOWERA_20231023_20240718_MF500_s1_r1,EMOBON_BPNS_Ha_49,Batch6,18S rRNA (V1-V2),DBN_AAXN,DBP_AAVF,"13,05",108,"1409,4",DBQ_ABVY,DBQ_ABVYOSTA_2_H3WT3DRX7.UDI293-BID16,DBQ_ABVYOSTA_2_1_H3WT3DRX7.UDI293-BID16_clean.fastq.gz,DBQ_ABVYOSTA_2_2_H3WT3DRX7.UDI293-BID16_clean.fastq.gz,CDW_AAKS,CEB_ELZ,CEB_EMA,2030104,,ARMS organisms sample from station BPNS,251031_JARVIS_H3WT3DRX7
EMOBON060664,ARMS_BelgiumCoast_CPowerB_20231023_20240718_SF40_1,ARMS_BelgiumCoast_CPOWERB_20231023_20240718_SF40_s1_r1,EMOBON_BPNS_Ha_52,Batch6,18S rRNA (V1-V2),DBN_AAXP,DBP_AAXG,"4,01",108,"433,1",DBQ_ABKS,DBQ_ABKSOSTA_1_H3WT3DRX7.UDI295-BID17,DBQ_ABKSOSTA_1_1_H3WT3DRX7.UDI295-BID17_clean.fastq.gz,DBQ_ABKSOSTA_1_2_H3WT3DRX7.UDI295-BID17_clean.fastq.gz,CDW_AAKS,CEB_ELN,CEB_ELO,1673739,,ARMS organisms sample from station BPNS,251031_JARVIS_H3WT3DRX7
EMOBON060666,ARMS_BelgiumCoast_CPowerB_20231023_20240718_MF100_1,ARMS_BelgiumCoast_CPOWERB_20231023_20240718_MF100_s1_r1,EMOBON_BPNS_Ha_56,Batch6,18S rRNA (V1-V2),DBN_AAXR,DBP_AAVH,"42,45",108,"4584,6",DBQ_ABJH,DBQ_ABJHOSTA_2_H3WT3DRX7.UDI342-BID11,DBQ_ABJHOSTA_2_1_H3WT3DRX7.UDI342-BID11_clean.fastq.gz,DBQ_ABJHOSTA_2_2_H3WT3DRX7.UDI342-BID11_clean.fastq.gz,CDW_AAKS,CEB_ELN,CEB_ELO,1348485,,ARMS organisms sample from station BPNS,251031_JARVIS_H3WT3DRX7
EMOBON060667,ARMS_BelgiumCoast_CPowerB_20231023_20240718_MF500_1,ARMS_BelgiumCoast_CPOWERB_20231023_20240718_MF500_s1_r1,EMOBON_BPNS_Ha_58,Batch6,18S rRNA (V1-V2),DBN_AAXS,DBP_AAVI,"35,6",108,"3844,8",DBQ_ABNX,DBQ_ABNXOSTA_2_H3WT3DRX7.UDI329-BID17,DBQ_ABNXOSTA_2_1_H3WT3DRX7.UDI329-BID17_clean.fastq.gz,DBQ_ABNXOSTA_2_2_H3WT3DRX7.UDI329-BID17_clean.fastq.gz,CDW_AAKS,CEB_ELP,CEB_ELQ,3444593,,ARMS organisms sample from station BPNS,251031_JARVIS_H3WT3DRX7
EMOBON060669,ARMS_BelgiumCoast_CPowerC_20231023_20240718_SF40_1,ARMS_BelgiumCoast_CPOWERC_20231023_20240718_SF40_s1_r1,EMOBON_BPNS_Ha_61,Batch6,18S rRNA (V1-V2),DBN_AAXU,DBP_AAVJ,"3,98",108,"429,8",DBQ_ABNY,DBQ_ABNYOSTA_2_H3WT3DRX7.UDI341-BID17,DBQ_ABNYOSTA_2_1_H3WT3DRX7.UDI341-BID17_clean.fastq.gz,DBQ_ABNYOSTA_2_2_H3WT3DRX7.UDI341-BID17_clean.fastq.gz,CDW_AAKS,CEB_ELP,CEB_ELQ,911588,,ARMS organisms sample from station BPNS,251031_JARVIS_H3WT3DRX7
EMOBON060671,ARMS_BelgiumCoast_CPowerC_20231023_20240718_MF100_1,ARMS_BelgiumCoast_CPOWERC_20231023_20240718_MF100_s1_r1,EMOBON_BPNS_Ha_65,Batch6,18S rRNA (V1-V2),DBN_AAXW,DBP_AAVK,"42,9",108,"4633,2",DBQ_ABJI,DBQ_ABJIOSTA_2_H3WT3DRX7.UDI354-BID11,DBQ_ABJIOSTA_2_1_H3WT3DRX7.UDI354-BID11_clean.fastq.gz,DBQ_ABJIOSTA_2_2_H3WT3DRX7.UDI354-BID11_clean.fastq.gz,CDW_AAKS,CEB_ELN,CEB_ELO,2112510,,ARMS organisms sample from station BPNS,251031_JARVIS_H3WT3DRX7
EMOBON060673,ARMS_BelgiumCoast_CPowerC_20231023_20240718_MF500_1,ARMS_BelgiumCoast_CPOWERC_20231023_20240718_MF500_s1_r1,EMOBON_BPNS_Ha_68,Batch6,18S rRNA (V1-V2),DBN_AAXY,DBP_AAVL,"50,2",108,"5421,6",DBQ_ABJJ,DBQ_ABJJOSTA_2_H3WT3DRX7.UDI305-BID11,DBQ_ABJJOSTA_2_1_H3WT3DRX7.UDI305-BID11_clean.fastq.gz,DBQ_ABJJOSTA_2_2_H3WT3DRX7.UDI305-BID11_clean.fastq.gz,CDW_AAKS,CEB_ELN,CEB_ELO,1382993,,ARMS organisms sample from station BPNS,251031_JARVIS_H3WT3DRX7
EMOBON060675,ARMS_BelgiumCoast_20231023_20240718_SF40_Blank,ARMS_BelgiumCoast_CPOWERC_20231023_20240718_SF40_blank,EMOBON_BPNS_Ha_71,Batch6,18S rRNA (V1-V2),DBN_AAYA,DBP_AAVM,not reported by Genoscope,not reported by Genoscope,not reported by Genoscope,DBQ_ABNZ,DBQ_ABNZOSTA_2_H3WT3DRX7.UDI353-BID17,DBQ_ABNZOSTA_2_1_H3WT3DRX7.UDI353-BID17_clean.fastq.gz,DBQ_ABNZOSTA_2_2_H3WT3DRX7.UDI353-BID17_clean.fastq.gz,CDW_AAKS,CEB_ELP,CEB_ELQ,225746,,ARMS organisms sample from station BPNS; blank,251031_JARVIS_H3WT3DRX7
EMOBON060676,ARMS_BelgiumCoast_20231023_20240718_MF100_Blank,ARMS_BelgiumCoast_CPOWERC_20231023_20240718_MF100_blank,EMOBON_BPNS_Ha_72,Batch6,18S rRNA (V1-V2),DBN_AAYB,DBP_AAVN,not reported by Genoscope,not reported by Genoscope,not reported by Genoscope,DBQ_ABOA,DBQ_ABOAOSTA_2_H3WT3DRX7.UDI365-BID17,DBQ_ABOAOSTA_2_1_H3WT3DRX7.UDI365-BID17_clean.fastq.gz,DBQ_ABOAOSTA_2_2_H3WT3DRX7.UDI365-BID17_clean.fastq.gz,CDW_AAKS,CEB_ELP,CEB_ELQ,239375,,ARMS organisms sample from station BPNS; blank,251031_JARVIS_H3WT3DRX7
EMOBON060677,ARMS_BelgiumCoast_20231023_20240718_MF500_Blank,ARMS_BelgiumCoast_CPOWERC_20231023_20240718_MF500_blank,EMOBON_BPNS_Ha_73,Batch6,18S rRNA (V1-V2),DBN_AAYC,DBP_AAVO,not reported by Genoscope,not reported by Genoscope,not reported by Genoscope,DBQ_ABOB,DBQ_ABOBOSTA_2_H3WT3DRX7.UDI377-BID17,DBQ_ABOBOSTA_2_1_H3WT3DRX7.UDI377-BID17_clean.fastq.gz,DBQ_ABOBOSTA_2_2_H3WT3DRX7.UDI377-BID17_clean.fastq.gz,CDW_AAKS,CEB_ELP,CEB_ELQ,96094,,ARMS organisms sample from station BPNS; blank,251031_JARVIS_H3WT3DRX7
EMOBON060678,EMOBON_HCMR-1_Ha_1_220901_230921_SF_(1),ARMS_Crete_1HERP1_20220901_20230921_SF_s1_r1,EMOBON_HCMR-1_Ha_13,Batch6,18S rRNA (V1-V2),DBN_AAYD,DBP_AAVP,"6,29",108,"679,3",DBQ_ABJK,DBQ_ABJKOSTA_1_H3WT3DRX7.UDI366-BID11,DBQ_ABJKOSTA_1_1_H3WT3DRX7.UDI366-BID11_clean.fastq.gz,DBQ_ABJKOSTA_1_2_H3WT3DRX7.UDI366-BID11_clean.fastq.gz,CDW_AAKS,CEB_ELN,CEB_ELO,1829582,,ARMS organisms sample from station HCMR-1,251031_JARVIS_H3WT3DRX7
EMOBON060680,EMOBON_HCMR-1_Ha_1_220901_230921_MF05_(1),ARMS_Crete_1HERP1_20220901_20230921_MF500_s1_r1,EMOBON_HCMR-1_Ha_15,Batch6,18S rRNA (V1-V2),DBN_AAYF,DBP_AAVQ,"11,65",108,"1258,2",DBQ_ABJL,DBQ_ABJLOSTA_1_H3WT3DRX7.UDI378-BID11,DBQ_ABJLOSTA_1_1_H3WT3DRX7.UDI378-BID11_clean.fastq.gz,DBQ_ABJLOSTA_1_2_H3WT3DRX7.UDI378-BID11_clean.fastq.gz,CDW_AAKS,CEB_ELN,CEB_ELO,2213396,,ARMS organisms sample from station HCMR-1,251031_JARVIS_H3WT3DRX7
EMOBON060681,EMOBON_HCMR-1_Ha_1_220901_230921_MF01_(1),ARMS_Crete_1HERP1_20220901_20230921_MF100_s1_r1,EMOBON_HCMR-1_Ha_16,Batch6,18S rRNA (V1-V2),DBN_AAYG,DBP_AAVR,"36,6",108,"3952,8",DBQ_ABJM,DBQ_ABJMOSTA_1_H3WT3DRX7.UDI295-BID11,DBQ_ABJMOSTA_1_1_H3WT3DRX7.UDI295-BID11_clean.fastq.gz,DBQ_ABJMOSTA_1_2_H3WT3DRX7.UDI295-BID11_clean.fastq.gz,CDW_AAKS,CEB_ELN,CEB_ELO,2167636,,ARMS organisms sample from station HCMR-1,251031_JARVIS_H3WT3DRX7
EMOBON060682,EMOBON_HCMR-1_Ha_2_220901_230921_MF05_(1),ARMS_Crete_1HERP2_20220901_20230921_MF500_s1_r1,EMOBON_HCMR-1_Ha_21,Batch6,18S rRNA (V1-V2),DBN_AAYH,DBP_AAVS,"2,95",108,"318,6",DBQ_ABJN,DBQ_ABJNOSTA_2_H3WT3DRX7.UDI318-BID13,DBQ_ABJNOSTA_2_1_H3WT3DRX7.UDI318-BID13_clean.fastq.gz,DBQ_ABJNOSTA_2_2_H3WT3DRX7.UDI318-BID13_clean.fastq.gz,CDW_AAKS,CEB_ELN,CEB_ELO,3147976,,ARMS organisms sample from station HCMR-1,251031_JARVIS_H3WT3DRX7
EMOBON060684,EMOBON_HCMR-1_Ha_2_220901_230921_SF_(1),ARMS_Crete_1HERP2_20220901_20230921_SF_s1_r1,EMOBON_HCMR-1_Ha_23,Batch6,18S rRNA (V1-V2),DBN_AAYJ,DBP_AAVT,"8,44",108,"911,5",DBQ_ABJO,DBQ_ABJOOSTA_2_H3WT3DRX7.UDI330-BID13,DBQ_ABJOOSTA_2_1_H3WT3DRX7.UDI330-BID13_clean.fastq.gz,DBQ_ABJOOSTA_2_2_H3WT3DRX7.UDI330-BID13_clean.fastq.gz,CDW_AAKS,CEB_ELN,CEB_ELO,2631640,,ARMS organisms sample from station HCMR-1,251031_JARVIS_H3WT3DRX7
EMOBON060686,EMOBON_HCMR-1_Ha_2_220901_230921_MF01_(1),ARMS_Crete_1HERP2_20220901_20230921_MF100_s1_r1,EMOBON_HCMR-1_Ha_25,Batch6,18S rRNA (V1-V2),DBN_AAYL,DBP_AAVU,26,108,2808,DBQ_ABOC,DBQ_ABOCOSTA_2_H3WT3DRX7.UDI294-BID17,DBQ_ABOCOSTA_2_1_H3WT3DRX7.UDI294-BID17_clean.fastq.gz,DBQ_ABOCOSTA_2_2_H3WT3DRX7.UDI294-BID17_clean.fastq.gz,CDW_AAKS,CEB_ELP,CEB_ELQ,1894713,,ARMS organisms sample from station HCMR-1,251031_JARVIS_H3WT3DRX7
EMOBON060687,EMOBON_HCMR-1_Ha_2_220901_230921_Blank,ARMS_Crete_1HERP2_20220901_20230921_blank,EMOBON_HCMR-1_Ha_26,Batch6,18S rRNA (V1-V2),DBN_AAYM,DBP_AAVV,not reported by Genoscope,not reported by Genoscope,not reported by Genoscope,DBQ_ABOD,DBQ_ABODOSTA_2_H3WT3DRX7.UDI306-BID17,DBQ_ABODOSTA_2_1_H3WT3DRX7.UDI306-BID17_clean.fastq.gz,DBQ_ABODOSTA_2_2_H3WT3DRX7.UDI306-BID17_clean.fastq.gz,CDW_AAKS,CEB_ELP,CEB_ELQ,871660,,ARMS organisms sample from station HCMR-1; blank,251031_JARVIS_H3WT3DRX7
EMOBON060688,EMOBON_HCMR-1_Ha_3_220901_230921_MF05_(1),ARMS_Crete_1HERP3_20220901_20230921_MF500_s1_r1,EMOBON_HCMR-1_Ha_31,Batch6,18S rRNA (V1-V2),DBN_AAYN,DBP_AAVW,11,108,1188,DBQ_ABOE,DBQ_ABOEOSTA_2_H3WT3DRX7.UDI293-BID17,DBQ_ABOEOSTA_2_1_H3WT3DRX7.UDI293-BID17_clean.fastq.gz,DBQ_ABOEOSTA_2_2_H3WT3DRX7.UDI293-BID17_clean.fastq.gz,CDW_AAKS,CEB_ELP,CEB_ELQ,2733009,,ARMS organisms sample from station HCMR-1,251031_JARVIS_H3WT3DRX7
EMOBON060689,EMOBON_HCMR-1_Ha_3_220901_230921_MF01_(1),ARMS_Crete_1HERP3_20220901_20230921_MF100_s1_r1,EMOBON_HCMR-1_Ha_32,Batch6,18S rRNA (V1-V2),DBN_AAYO,DBP_AAVX,"23,5",108,2538,DBQ_ABOF,DBQ_ABOFOSTA_2_H3WT3DRX7.UDI329-BID18,DBQ_ABOFOSTA_2_1_H3WT3DRX7.UDI329-BID18_clean.fastq.gz,DBQ_ABOFOSTA_2_2_H3WT3DRX7.UDI329-BID18_clean.fastq.gz,CDW_AAKS,CEB_ELP,CEB_ELQ,1091879,,ARMS organisms sample from station HCMR-1,251031_JARVIS_H3WT3DRX7
EMOBON060690,EMOBON_HCMR-1_Ha_3_220901_230921_SF_(1),ARMS_Crete_1HERP3_20220901_20230921_SF_s1_r1,EMOBON_HCMR-1_Ha_33,Batch6,18S rRNA (V1-V2),DBN_AAYP,DBP_AAVY,"7,47",108,"806,8",DBQ_ABOG,DBQ_ABOGOSTA_2_H3WT3DRX7.UDI341-BID18,DBQ_ABOGOSTA_2_1_H3WT3DRX7.UDI341-BID18_clean.fastq.gz,DBQ_ABOGOSTA_2_2_H3WT3DRX7.UDI341-BID18_clean.fastq.gz,CDW_AAKS,CEB_ELP,CEB_ELQ,1755359,,ARMS organisms sample from station HCMR-1,251031_JARVIS_H3WT3DRX7
EMOBON060693,EMOBON_HCMR-2_3_Ha_221117_231121_SF45_1,ARMS_Crete_2UPBC3_20221117_20231121_SF45_s1_r1,EMOBON_HCMR-1_Ha_40,Batch6,18S rRNA (V1-V2),DBN_AAYS,DBP_AAVZ,"1,135",108,"122,6",DBQ_ABJP,DBQ_ABJPOSTA_2_H3WT3DRX7.UDI342-BID13,DBQ_ABJPOSTA_2_1_H3WT3DRX7.UDI342-BID13_clean.fastq.gz,DBQ_ABJPOSTA_2_2_H3WT3DRX7.UDI342-BID13_clean.fastq.gz,CDW_AAKS,CEB_ELN,CEB_ELO,2314019,,ARMS organisms sample from station HCMR-1,251031_JARVIS_H3WT3DRX7
EMOBON060695,EMOBON_HCMR-2_3_Ha_221117_231121_MF500_1,ARMS_Crete_2UPBC3_20221117_20231121_MF500_s1_r1,EMOBON_HCMR-1_Ha_42,Batch6,18S rRNA (V1-V2),DBN_AAYU,DBP_AAWA,"33,5",108,3618,DBQ_ABJQ,DBQ_ABJQOSTA_2_H3WT3DRX7.UDI354-BID13,DBQ_ABJQOSTA_2_1_H3WT3DRX7.UDI354-BID13_clean.fastq.gz,DBQ_ABJQOSTA_2_2_H3WT3DRX7.UDI354-BID13_clean.fastq.gz,CDW_AAKS,CEB_ELN,CEB_ELO,2551076,,ARMS organisms sample from station HCMR-1,251031_JARVIS_H3WT3DRX7
EMOBON060697,EMOBON_HCMR-2_3_Ha_221117_231121_MF90_1,ARMS_Crete_2UPBC3_20221117_20231121_MF90_s1_r1,EMOBON_HCMR-1_Ha_44,Batch6,18S rRNA (V1-V2),DBN_AAYW,DBP_AAWB,"32,8",108,"3542,4",DBQ_ABJR,DBQ_ABJROSTA_2_H3WT3DRX7.UDI305-BID13,DBQ_ABJROSTA_2_1_H3WT3DRX7.UDI305-BID13_clean.fastq.gz,DBQ_ABJROSTA_2_2_H3WT3DRX7.UDI305-BID13_clean.fastq.gz,CDW_AAKS,CEB_ELN,CEB_ELO,5185258,,ARMS organisms sample from station HCMR-1,251031_JARVIS_H3WT3DRX7
EMOBON060701,EMOBON_HCMR-2_1_Ha_221117_231121_MF90_1,ARMS_Crete_2UPBC1_20221117_20231121_MF90_s1_r1,EMOBON_HCMR-1_Ha_55,Batch6,18S rRNA (V1-V2),DBN_AAZA,DBP_AAWC,"32,5",108,3510,DBQ_ABJS,DBQ_ABJSOSTA_1_H3WT3DRX7.UDI366-BID13,DBQ_ABJSOSTA_1_1_H3WT3DRX7.UDI366-BID13_clean.fastq.gz,DBQ_ABJSOSTA_1_2_H3WT3DRX7.UDI366-BID13_clean.fastq.gz,CDW_AAKS,CEB_ELN,CEB_ELO,1828146,,ARMS organisms sample from station HCMR-1,251031_JARVIS_H3WT3DRX7
EMOBON060703,EMOBON_HCMR-2_1_Ha_221117_231121_MF500_1,ARMS_Crete_2UPBC1_20221117_20231121_MF500_s1_r1,EMOBON_HCMR-1_Ha_57,Batch6,18S rRNA (V1-V2),DBN_AAZC,DBP_AAWD,"14,5",108,1566,DBQ_ABJT,DBQ_ABJTOSTA_1_H3WT3DRX7.UDI378-BID13,DBQ_ABJTOSTA_1_1_H3WT3DRX7.UDI378-BID13_clean.fastq.gz,DBQ_ABJTOSTA_1_2_H3WT3DRX7.UDI378-BID13_clean.fastq.gz,CDW_AAKS,CEB_ELN,CEB_ELO,2615078,,ARMS organisms sample from station HCMR-1,251031_JARVIS_H3WT3DRX7
EMOBON060705,EMOBON_HCMR-2_1_Ha_221117_231121_SF45_1,ARMS_Crete_2UPBC1_20221117_20231121_SF45_s1_r1,EMOBON_HCMR-1_Ha_59,Batch6,18S rRNA (V1-V2),DBN_AAZE,DBP_AAWE,"3,88",108,419,DBQ_ABJU,DBQ_ABJUOSTA_1_H3WT3DRX7.UDI295-BID13,DBQ_ABJUOSTA_1_1_H3WT3DRX7.UDI295-BID13_clean.fastq.gz,DBQ_ABJUOSTA_1_2_H3WT3DRX7.UDI295-BID13_clean.fastq.gz,CDW_AAKS,CEB_ELN,CEB_ELO,2086809,,ARMS organisms sample from station HCMR-1,251031_JARVIS_H3WT3DRX7
EMOBON060707,EMOBON_HCMR-2_2_Ha_221117_231121_SF45_1,ARMS_Crete_2UPBC2_20221117_20231121_SF45_s1_r1,EMOBON_HCMR-1_Ha_68,Batch6,18S rRNA (V1-V2),DBN_AAZG,DBP_AAXH,"1,875",108,"202,5",DBQ_ABKT,DBQ_ABKTOSTA_2_H3WT3DRX7.UDI318-BID18,DBQ_ABKTOSTA_2_1_H3WT3DRX7.UDI318-BID18_clean.fastq.gz,DBQ_ABKTOSTA_2_2_H3WT3DRX7.UDI318-BID18_clean.fastq.gz,CDW_AAKS,CEB_ELN,CEB_ELO,1605516,,ARMS organisms sample from station HCMR-1,251031_JARVIS_H3WT3DRX7
EMOBON060709,EMOBON_HCMR-2_2_Ha_221117_231121_MF90_1,ARMS_Crete_2UPBC2_20221117_20231121_MF90_s1_r1,EMOBON_HCMR-1_Ha_70,Batch6,18S rRNA (V1-V2),DBN_AAZI,DBP_AAWG,"32,7",108,"3531,6",DBQ_ABJV,DBQ_ABJVOSTA_2_H3WT3DRX7.UDI318-BID15,DBQ_ABJVOSTA_2_1_H3WT3DRX7.UDI318-BID15_clean.fastq.gz,DBQ_ABJVOSTA_2_2_H3WT3DRX7.UDI318-BID15_clean.fastq.gz,CDW_AAKS,CEB_ELN,CEB_ELO,825721,,ARMS organisms sample from station HCMR-1,251031_JARVIS_H3WT3DRX7
EMOBON060711,EMOBON_HCMR-2_2_Ha_221117_231121_MF500_1,ARMS_Crete_2UPBC2_20221117_20231121_MF500_s1_r1,EMOBON_HCMR-1_Ha_72,Batch6,18S rRNA (V1-V2),DBN_AAZK,DBP_AAWH,25,108,2700,DBQ_ABJW,DBQ_ABJWOSTA_2_H3WT3DRX7.UDI330-BID15,DBQ_ABJWOSTA_2_1_H3WT3DRX7.UDI330-BID15_clean.fastq.gz,DBQ_ABJWOSTA_2_2_H3WT3DRX7.UDI330-BID15_clean.fastq.gz,CDW_AAKS,CEB_ELN,CEB_ELO,709898,,ARMS organisms sample from station HCMR-1,251031_JARVIS_H3WT3DRX7
EMOBON060715,EMOBON_HCMR-1_2_20230928_20241219_SF45_1,ARMS_Crete_1HERP2_20230928_20241219_SF45_s1_r1,EMOBON_HCMR-1_Ha_83,Batch6,18S rRNA (V1-V2),DBN_AAZO,DBP_AAWI,"8,6",108,"928,8",DBQ_ABJX,DBQ_ABJXOSTA_2_H3WT3DRX7.UDI342-BID15,DBQ_ABJXOSTA_2_1_H3WT3DRX7.UDI342-BID15_clean.fastq.gz,DBQ_ABJXOSTA_2_2_H3WT3DRX7.UDI342-BID15_clean.fastq.gz,CDW_AAKS,CEB_ELN,CEB_ELO,803607,,ARMS organisms sample from station HCMR-1,251031_JARVIS_H3WT3DRX7
EMOBON060717,EMOBON_HCMR-1_2_20230928_20241219_MF90_1,ARMS_Crete_1HERP2_20230928_20241219_MF90_s1_r1,EMOBON_HCMR-1_Ha_85,Batch6,18S rRNA (V1-V2),DBN_AAZQ,DBP_AAWJ,95,108,10260,DBQ_ABJY,DBQ_ABJYOSTA_2_H3WT3DRX7.UDI354-BID15,DBQ_ABJYOSTA_2_1_H3WT3DRX7.UDI354-BID15_clean.fastq.gz,DBQ_ABJYOSTA_2_2_H3WT3DRX7.UDI354-BID15_clean.fastq.gz,CDW_AAKS,CEB_ELN,CEB_ELO,436843,,ARMS organisms sample from station HCMR-1,251031_JARVIS_H3WT3DRX7
EMOBON060718,EMOBON_HCMR-1_2_20230928_20241219_MF500_1,ARMS_Crete_1HERP2_20230928_20241219_MF500_s1_r1,EMOBON_HCMR-1_Ha_86,Batch6,18S rRNA (V1-V2),DBN_AAZR,DBP_AAWK,"17,8",108,"1922,4",DBQ_ABJZ,DBQ_ABJZOSTA_2_H3WT3DRX7.UDI305-BID15,DBQ_ABJZOSTA_2_1_H3WT3DRX7.UDI305-BID15_clean.fastq.gz,DBQ_ABJZOSTA_2_2_H3WT3DRX7.UDI305-BID15_clean.fastq.gz,CDW_AAKS,CEB_ELN,CEB_ELO,410696,,ARMS organisms sample from station HCMR-1,251031_JARVIS_H3WT3DRX7
EMOBON060719,EMOBON_HCMR-1_1_20230928_20241219_MF500_1,ARMS_Crete_1HERP1_20230928_20241219_MF500_s1_r1,EMOBON_HCMR-1_Ha_91,Batch6,18S rRNA (V1-V2),DBN_AAZS,DBP_AAWL,"12,55",108,"1355,4",DBQ_ABKA,DBQ_ABKAOSTA_1_H3WT3DRX7.UDI366-BID15,DBQ_ABKAOSTA_1_1_H3WT3DRX7.UDI366-BID15_clean.fastq.gz,DBQ_ABKAOSTA_1_2_H3WT3DRX7.UDI366-BID15_clean.fastq.gz,CDW_AAKS,CEB_ELN,CEB_ELO,620430,,ARMS organisms sample from station HCMR-1,251031_JARVIS_H3WT3DRX7
EMOBON060720,EMOBON_HCMR-1_1_20230928_20241219_MF90_1,ARMS_Crete_1HERP1_20230928_20241219_MF90_s1_r1,EMOBON_HCMR-1_Ha_92,Batch6,18S rRNA (V1-V2),DBN_AAZT,DBP_AAWM,"37,6",106,"3985,6",DBQ_ABKB,DBQ_ABKBOSTA_1_H3WT3DRX7.UDI378-BID15,DBQ_ABKBOSTA_1_1_H3WT3DRX7.UDI378-BID15_clean.fastq.gz,DBQ_ABKBOSTA_1_2_H3WT3DRX7.UDI378-BID15_clean.fastq.gz,CDW_AAKS,CEB_ELN,CEB_ELO,862969,,ARMS organisms sample from station HCMR-1,251031_JARVIS_H3WT3DRX7
EMOBON060721,EMOBON_HCMR-1_1_20230928_20241219_SF45_1,ARMS_Crete_1HERP1_20230928_20241219_SF45_s1_r1,EMOBON_HCMR-1_Ha_93,Batch6,18S rRNA (V1-V2),DBN_AAZU,DBP_AAWN,"5,86",108,"632,9",DBQ_ABKC,DBQ_ABKCOSTA_1_H3WT3DRX7.UDI295-BID15,DBQ_ABKCOSTA_1_1_H3WT3DRX7.UDI295-BID15_clean.fastq.gz,DBQ_ABKCOSTA_1_2_H3WT3DRX7.UDI295-BID15_clean.fastq.gz,CDW_AAKS,CEB_ELN,CEB_ELO,970890,,ARMS organisms sample from station HCMR-1,251031_JARVIS_H3WT3DRX7
EMOBON060724,EMOBON_HCMR-1_3_20230928_20241219_SF45_1,ARMS_Crete_1HERP3_20230928_20241219_SF45_s1_r1,EMOBON_HCMR-1_Ha_102,Batch6,18S rRNA (V1-V2),DBN_AAZX,DBP_AAWO,"5,51",108,"595,1",DBQ_ABKD,DBQ_ABKDOSTA_2_H3WT3DRX7.UDI318-BID16,DBQ_ABKDOSTA_2_1_H3WT3DRX7.UDI318-BID16_clean.fastq.gz,DBQ_ABKDOSTA_2_2_H3WT3DRX7.UDI318-BID16_clean.fastq.gz,CDW_AAKS,CEB_ELN,CEB_ELO,1932528,,ARMS organisms sample from station HCMR-1,251031_JARVIS_H3WT3DRX7
EMOBON060726,EMOBON_HCMR-1_3_20230928_20241219_MF90_1,ARMS_Crete_1HERP3_20230928_20241219_MF90_s1_r1,EMOBON_HCMR-1_Ha_104,Batch6,18S rRNA (V1-V2),DBN_AAZZ,DBP_AAWP,"27,9",108,"3013,2",DBQ_ABKE,DBQ_ABKEOSTA_2_H3WT3DRX7.UDI330-BID16,DBQ_ABKEOSTA_2_1_H3WT3DRX7.UDI330-BID16_clean.fastq.gz,DBQ_ABKEOSTA_2_2_H3WT3DRX7.UDI330-BID16_clean.fastq.gz,CDW_AAKS,CEB_ELN,CEB_ELO,2461240,,ARMS organisms sample from station HCMR-1,251031_JARVIS_H3WT3DRX7
EMOBON060727,EMOBON_HCMR-1_3_20230928_20241219_MF500_1,ARMS_Crete_1HERP3_20230928_20241219_MF500_s1_r1,EMOBON_HCMR-1_Ha_105,Batch6,18S rRNA (V1-V2),DBN_ABAA,DBP_AAWQ,"19,95",104,"2074,8",DBQ_ABKF,DBQ_ABKFOSTA_2_H3WT3DRX7.UDI342-BID16,DBQ_ABKFOSTA_2_1_H3WT3DRX7.UDI342-BID16_clean.fastq.gz,DBQ_ABKFOSTA_2_2_H3WT3DRX7.UDI342-BID16_clean.fastq.gz,CDW_AAKS,CEB_ELN,CEB_ELO,2329144,,ARMS organisms sample from station HCMR-1,251031_JARVIS_H3WT3DRX7
EMOBON060730,EMOBON_HCMR-2_2_20231230_20241210_SF45_1,ARMS_Crete_2UPBC2_20231230_20241210_SF45_s1_r1,EMOBON_HCMR-1_Ha_112,Batch6,18S rRNA (V1-V2),DBN_ABAD,DBP_AAWR,"7,66",102,"781,3",DBQ_ABKG,DBQ_ABKGOSTA_2_H3WT3DRX7.UDI354-BID16,DBQ_ABKGOSTA_2_1_H3WT3DRX7.UDI354-BID16_clean.fastq.gz,DBQ_ABKGOSTA_2_2_H3WT3DRX7.UDI354-BID16_clean.fastq.gz,CDW_AAKS,CEB_ELN,CEB_ELO,1718704,,ARMS organisms sample from station HCMR-1,251031_JARVIS_H3WT3DRX7
EMOBON060732,EMOBON_HCMR-2_2_20231230_20241210_MF500_1,ARMS_Crete_2UPBC2_20231230_20241210_MF500_s1_r1,EMOBON_HCMR-1_Ha_114,Batch6,18S rRNA (V1-V2),DBN_ABAF,DBP_AAWS,"19,2",102,"1958,4",DBQ_ABKH,DBQ_ABKHOSTA_2_H3WT3DRX7.UDI305-BID16,DBQ_ABKHOSTA_2_1_H3WT3DRX7.UDI305-BID16_clean.fastq.gz,DBQ_ABKHOSTA_2_2_H3WT3DRX7.UDI305-BID16_clean.fastq.gz,CDW_AAKS,CEB_ELN,CEB_ELO,2132049,,ARMS organisms sample from station HCMR-1,251031_JARVIS_H3WT3DRX7
EMOBON060733,EMOBON_HCMR-2_2_20231230_20241210_MF90_1,ARMS_Crete_2UPBC2_20231230_20241210_MF90_s1_r1,EMOBON_HCMR-1_Ha_115,Batch6,18S rRNA (V1-V2),DBN_ABAG,DBP_AAWT,"25,7",103,"2647,1",DBQ_ABKI,DBQ_ABKIOSTA_1_H3WT3DRX7.UDI366-BID16,DBQ_ABKIOSTA_1_1_H3WT3DRX7.UDI366-BID16_clean.fastq.gz,DBQ_ABKIOSTA_1_2_H3WT3DRX7.UDI366-BID16_clean.fastq.gz,CDW_AAKS,CEB_ELN,CEB_ELO,1872648,,ARMS organisms sample from station HCMR-1,251031_JARVIS_H3WT3DRX7
EMOBON060735,EMOBON_HCMR-2_1_20231230_20241210_MF500_1,ARMS_Crete_2UPBC1_20231230_20241210_MF500_s1_r1,EMOBON_HCMR-1_Ha_122,Batch6,18S rRNA (V1-V2),DBN_ABAI,DBP_AAXI,"40,495",108,"4373,5",DBQ_ABKU,DBQ_ABKUOSTA_2_H3WT3DRX7.UDI330-BID18,DBQ_ABKUOSTA_2_1_H3WT3DRX7.UDI330-BID18_clean.fastq.gz,DBQ_ABKUOSTA_2_2_H3WT3DRX7.UDI330-BID18_clean.fastq.gz,CDW_AAKS,CEB_ELN,CEB_ELO,767144,,ARMS organisms sample from station HCMR-1,251031_JARVIS_H3WT3DRX7
EMOBON060737,EMOBON_HCMR-2_1_20231230_20241210_SF45_1,ARMS_Crete_2UPBC1_20231230_20241210_SF45_s1_r1,EMOBON_HCMR-1_Ha_124,Batch6,18S rRNA (V1-V2),DBN_ABAK,DBP_AAWV,"7,78",105,"816,9",DBQ_ABKJ,DBQ_ABKJOSTA_1_H3WT3DRX7.UDI378-BID16,DBQ_ABKJOSTA_1_1_H3WT3DRX7.UDI378-BID16_clean.fastq.gz,DBQ_ABKJOSTA_1_2_H3WT3DRX7.UDI378-BID16_clean.fastq.gz,CDW_AAKS,CEB_ELN,CEB_ELO,2448022,,ARMS organisms sample from station HCMR-1,251031_JARVIS_H3WT3DRX7
EMOBON060739,EMOBON_HCMR-2_3_20231230_20241210_MF90_1,ARMS_Crete_2UPBC3_20231230_20241210_MF90_s1_r1,EMOBON_HCMR-1_Ha_130,Batch6,18S rRNA (V1-V2),DBN_ABAM,DBP_AAWW,"48,85",101,"4933,8",DBQ_ABKK,DBQ_ABKKOSTA_1_H3WT3DRX7.UDI295-BID16,DBQ_ABKKOSTA_1_1_H3WT3DRX7.UDI295-BID16_clean.fastq.gz,DBQ_ABKKOSTA_1_2_H3WT3DRX7.UDI295-BID16_clean.fastq.gz,CDW_AAKS,CEB_ELN,CEB_ELO,3022109,,ARMS organisms sample from station HCMR-1,251031_JARVIS_H3WT3DRX7
EMOBON060740,EMOBON_HCMR-2_3_20231230_20241210_MF500_1,ARMS_Crete_2UPBC3_20231230_20241210_MF500_s1_r1,EMOBON_HCMR-1_Ha_131,Batch6,18S rRNA (V1-V2),DBN_ABAN,DBP_AAWX,"39,55",106,"4192,3",DBQ_ABKL,DBQ_ABKLOSTA_2_H3WT3DRX7.UDI318-BID17,DBQ_ABKLOSTA_2_1_H3WT3DRX7.UDI318-BID17_clean.fastq.gz,DBQ_ABKLOSTA_2_2_H3WT3DRX7.UDI318-BID17_clean.fastq.gz,CDW_AAKS,CEB_ELN,CEB_ELO,2351655,,ARMS organisms sample from station HCMR-1,251031_JARVIS_H3WT3DRX7
EMOBON060742,EMOBON_HCMR-2_3_20231230_20241210_SF45_1,ARMS_Crete_2UPBC3_20231230_20241210_SF45_s1_r1,EMOBON_HCMR-1_Ha_133,Batch6,18S rRNA (V1-V2),DBN_ABAP,DBP_AAWY,"10,65",102,"1086,3",DBQ_ABKM,DBQ_ABKMOSTA_2_H3WT3DRX7.UDI330-BID17,DBQ_ABKMOSTA_2_1_H3WT3DRX7.UDI330-BID17_clean.fastq.gz,DBQ_ABKMOSTA_2_2_H3WT3DRX7.UDI330-BID17_clean.fastq.gz,CDW_AAKS,CEB_ELN,CEB_ELO,2155746,,ARMS organisms sample from station HCMR-1,251031_JARVIS_H3WT3DRX7
